captured_at,court_date,court_id,total_slots,booked_slots,pct_booked
2026-03-19T14:07:13Z,2026-03-19,1,17,10,58.82
2026-03-19T14:07:13Z,2026-03-19,2,17,9.5,55.88
2026-03-19T14:07:13Z,2026-03-19,3,17,7,41.18
2026-03-19T14:07:18Z,2026-03-20,1,17,11,64.71
2026-03-19T14:07:18Z,2026-03-20,2,17,10,58.82
2026-03-19T14:07:18Z,2026-03-20,3,17,9,52.94
2026-03-19T14:07:23Z,2026-03-21,1,17,12,70.59
2026-03-19T14:07:23Z,2026-03-21,2,17,12,70.59
2026-03-19T14:07:23Z,2026-03-21,3,17,12,70.59
2026-03-19T14:07:28Z,2026-03-22,1,17,12,70.59
2026-03-19T14:07:28Z,2026-03-22,2,17,12,70.59
2026-03-19T14:07:28Z,2026-03-22,3,17,12,70.59
2026-03-19T14:07:34Z,2026-03-23,1,17,7,41.18
2026-03-19T14:07:34Z,2026-03-23,2,17,5,29.41
2026-03-19T14:07:34Z,2026-03-23,3,17,4,23.53
2026-03-19T14:07:39Z,2026-03-24,1,17,7,41.18
2026-03-19T14:07:39Z,2026-03-24,2,17,9.5,55.88
2026-03-19T14:07:39Z,2026-03-24,3,17,4,23.53
2026-03-19T14:07:44Z,2026-03-25,1,17,8,47.06
2026-03-19T14:07:44Z,2026-03-25,2,17,10,58.82
2026-03-19T14:07:44Z,2026-03-25,3,17,5,29.41
2026-03-19T14:12:46Z,2026-03-19,1,17,10,58.82
2026-03-19T14:12:46Z,2026-03-19,2,17,9.5,55.88
2026-03-19T14:12:46Z,2026-03-19,3,17,7,41.18
2026-03-19T14:12:51Z,2026-03-20,1,17,11,64.71
2026-03-19T14:12:51Z,2026-03-20,2,17,10,58.82
2026-03-19T14:12:51Z,2026-03-20,3,17,9,52.94
2026-03-19T14:12:56Z,2026-03-21,1,17,12,70.59
2026-03-19T14:12:56Z,2026-03-21,2,17,12,70.59
2026-03-19T14:12:56Z,2026-03-21,3,17,12,70.59
2026-03-19T14:13:01Z,2026-03-22,1,17,12,70.59
2026-03-19T14:13:01Z,2026-03-22,2,17,12,70.59
2026-03-19T14:13:01Z,2026-03-22,3,17,12,70.59
2026-03-19T14:13:06Z,2026-03-23,1,17,7,41.18
2026-03-19T14:13:06Z,2026-03-23,2,17,5,29.41
2026-03-19T14:13:06Z,2026-03-23,3,17,4,23.53
2026-03-19T14:13:11Z,2026-03-24,1,17,7,41.18
2026-03-19T14:13:11Z,2026-03-24,2,17,9.5,55.88
2026-03-19T14:13:11Z,2026-03-24,3,17,4,23.53
2026-03-19T14:13:16Z,2026-03-25,1,17,8,47.06
2026-03-19T14:13:16Z,2026-03-25,2,17,10,58.82
2026-03-19T14:13:16Z,2026-03-25,3,17,5,29.41
2026-03-19T14:15:40Z,2026-03-19,1,17,10,58.82
2026-03-19T14:15:40Z,2026-03-19,2,17,9.5,55.88
2026-03-19T14:15:40Z,2026-03-19,3,17,7,41.18
2026-03-19T14:15:45Z,2026-03-20,1,17,11,64.71
2026-03-19T14:15:45Z,2026-03-20,2,17,10,58.82
2026-03-19T14:15:45Z,2026-03-20,3,17,9,52.94
2026-03-19T14:15:50Z,2026-03-21,1,17,12,70.59
2026-03-19T14:15:50Z,2026-03-21,2,17,12,70.59
2026-03-19T14:15:50Z,2026-03-21,3,17,12,70.59
2026-03-19T14:15:55Z,2026-03-22,1,17,12,70.59
2026-03-19T14:15:55Z,2026-03-22,2,17,12,70.59
2026-03-19T14:15:55Z,2026-03-22,3,17,12,70.59
2026-03-19T14:16:00Z,2026-03-23,1,17,7,41.18
2026-03-19T14:16:00Z,2026-03-23,2,17,5,29.41
2026-03-19T14:16:00Z,2026-03-23,3,17,4,23.53
2026-03-19T14:16:06Z,2026-03-24,1,17,7,41.18
2026-03-19T14:16:06Z,2026-03-24,2,17,9.5,55.88
2026-03-19T14:16:06Z,2026-03-24,3,17,4,23.53
2026-03-19T14:16:11Z,2026-03-25,1,17,8,47.06
2026-03-19T14:16:11Z,2026-03-25,2,17,10,58.82
2026-03-19T14:16:11Z,2026-03-25,3,17,5,29.41
2026-03-19T14:20:40Z,2026-03-19,1,17,10,58.82
2026-03-19T14:20:40Z,2026-03-19,2,17,9.5,55.88
2026-03-19T14:20:40Z,2026-03-19,3,17,7,41.18
2026-03-19T14:20:45Z,2026-03-20,1,17,11,64.71
2026-03-19T14:20:45Z,2026-03-20,2,17,10,58.82
2026-03-19T14:20:45Z,2026-03-20,3,17,9,52.94
2026-03-19T14:20:50Z,2026-03-21,1,17,12,70.59
2026-03-19T14:20:50Z,2026-03-21,2,17,12,70.59
2026-03-19T14:20:50Z,2026-03-21,3,17,12,70.59
2026-03-19T14:20:55Z,2026-03-22,1,17,12,70.59
2026-03-19T14:20:55Z,2026-03-22,2,17,12,70.59
2026-03-19T14:20:55Z,2026-03-22,3,17,12,70.59
2026-03-19T14:21:00Z,2026-03-23,1,17,7,41.18
2026-03-19T14:21:00Z,2026-03-23,2,17,5,29.41
2026-03-19T14:21:00Z,2026-03-23,3,17,4,23.53
2026-03-19T14:21:05Z,2026-03-24,1,17,7,41.18
2026-03-19T14:21:05Z,2026-03-24,2,17,9.5,55.88
2026-03-19T14:21:05Z,2026-03-24,3,17,4,23.53
2026-03-19T14:21:10Z,2026-03-25,1,17,8,47.06
2026-03-19T14:21:10Z,2026-03-25,2,17,10,58.82
2026-03-19T14:21:10Z,2026-03-25,3,17,5,29.41
2026-03-19T14:25:48Z,2026-03-19,1,17,10,58.82
2026-03-19T14:25:48Z,2026-03-19,2,17,9.5,55.88
2026-03-19T14:25:48Z,2026-03-19,3,17,7,41.18
2026-03-19T14:25:53Z,2026-03-20,1,17,11,64.71
2026-03-19T14:25:53Z,2026-03-20,2,17,10,58.82
2026-03-19T14:25:53Z,2026-03-20,3,17,9,52.94
2026-03-19T14:25:58Z,2026-03-21,1,17,12,70.59
2026-03-19T14:25:58Z,2026-03-21,2,17,12,70.59
2026-03-19T14:25:58Z,2026-03-21,3,17,12,70.59
2026-03-19T14:26:03Z,2026-03-22,1,17,12,70.59
2026-03-19T14:26:03Z,2026-03-22,2,17,12,70.59
2026-03-19T14:26:03Z,2026-03-22,3,17,12,70.59
2026-03-19T14:26:09Z,2026-03-23,1,17,7,41.18
2026-03-19T14:26:09Z,2026-03-23,2,17,5,29.41
2026-03-19T14:26:09Z,2026-03-23,3,17,4,23.53
2026-03-19T14:26:14Z,2026-03-24,1,17,7,41.18
2026-03-19T14:26:14Z,2026-03-24,2,17,9.5,55.88
2026-03-19T14:26:14Z,2026-03-24,3,17,4,23.53
2026-03-19T14:26:19Z,2026-03-25,1,17,8,47.06
2026-03-19T14:26:19Z,2026-03-25,2,17,10,58.82
2026-03-19T14:26:19Z,2026-03-25,3,17,5,29.41
2026-03-19T14:30:42Z,2026-03-19,1,17,10,58.82
2026-03-19T14:30:42Z,2026-03-19,2,17,9.5,55.88
2026-03-19T14:30:42Z,2026-03-19,3,17,7,41.18
2026-03-19T14:30:47Z,2026-03-20,1,17,11,64.71
2026-03-19T14:30:47Z,2026-03-20,2,17,10,58.82
2026-03-19T14:30:47Z,2026-03-20,3,17,9,52.94
2026-03-19T14:30:52Z,2026-03-21,1,17,12,70.59
2026-03-19T14:30:52Z,2026-03-21,2,17,12,70.59
2026-03-19T14:30:52Z,2026-03-21,3,17,12,70.59
2026-03-19T14:30:58Z,2026-03-22,1,17,12,70.59
2026-03-19T14:30:58Z,2026-03-22,2,17,12,70.59
2026-03-19T14:30:58Z,2026-03-22,3,17,12,70.59
2026-03-19T14:31:03Z,2026-03-23,1,17,7,41.18
2026-03-19T14:31:03Z,2026-03-23,2,17,5,29.41
2026-03-19T14:31:03Z,2026-03-23,3,17,4,23.53
2026-03-19T14:31:08Z,2026-03-24,1,17,7,41.18
2026-03-19T14:31:08Z,2026-03-24,2,17,9.5,55.88
2026-03-19T14:31:08Z,2026-03-24,3,17,4,23.53
2026-03-19T14:31:13Z,2026-03-25,1,17,8,47.06
2026-03-19T14:31:13Z,2026-03-25,2,17,10,58.82
2026-03-19T14:31:13Z,2026-03-25,3,17,5,29.41
2026-03-19T14:34:24Z,2026-03-19,1,17,10,58.82
2026-03-19T14:34:24Z,2026-03-19,2,17,9.5,55.88
2026-03-19T14:34:24Z,2026-03-19,3,17,7,41.18
2026-03-19T14:34:29Z,2026-03-20,1,17,11,64.71
2026-03-19T14:34:29Z,2026-03-20,2,17,10,58.82
2026-03-19T14:34:29Z,2026-03-20,3,17,9,52.94
2026-03-19T14:34:34Z,2026-03-21,1,17,12,70.59
2026-03-19T14:34:34Z,2026-03-21,2,17,12,70.59
2026-03-19T14:34:34Z,2026-03-21,3,17,12,70.59
2026-03-19T14:34:40Z,2026-03-22,1,17,12,70.59
2026-03-19T14:34:40Z,2026-03-22,2,17,12,70.59
2026-03-19T14:34:40Z,2026-03-22,3,17,12,70.59
2026-03-19T14:34:45Z,2026-03-23,1,17,7,41.18
2026-03-19T14:34:45Z,2026-03-23,2,17,5,29.41
2026-03-19T14:34:45Z,2026-03-23,3,17,4,23.53
2026-03-19T14:34:50Z,2026-03-24,1,17,7,41.18
2026-03-19T14:34:50Z,2026-03-24,2,17,9.5,55.88
2026-03-19T14:34:50Z,2026-03-24,3,17,4,23.53
2026-03-19T14:34:55Z,2026-03-25,1,17,8,47.06
2026-03-19T14:34:55Z,2026-03-25,2,17,10,58.82
2026-03-19T14:34:55Z,2026-03-25,3,17,5,29.41
2026-03-19T14:35:48Z,2026-03-19,1,17,10,58.82
2026-03-19T14:35:48Z,2026-03-19,2,17,9.5,55.88
2026-03-19T14:35:48Z,2026-03-19,3,17,7,41.18
2026-03-19T14:35:53Z,2026-03-20,1,17,11,64.71
2026-03-19T14:35:53Z,2026-03-20,2,17,10,58.82
2026-03-19T14:35:53Z,2026-03-20,3,17,9,52.94
2026-03-19T14:35:58Z,2026-03-21,1,17,12,70.59
2026-03-19T14:35:58Z,2026-03-21,2,17,12,70.59
2026-03-19T14:35:58Z,2026-03-21,3,17,12,70.59
2026-03-19T14:36:03Z,2026-03-22,1,17,12,70.59
2026-03-19T14:36:03Z,2026-03-22,2,17,12,70.59
2026-03-19T14:36:03Z,2026-03-22,3,17,12,70.59
2026-03-19T14:36:08Z,2026-03-23,1,17,7,41.18
2026-03-19T14:36:08Z,2026-03-23,2,17,5,29.41
2026-03-19T14:36:08Z,2026-03-23,3,17,4,23.53
2026-03-19T14:36:14Z,2026-03-24,1,17,7,41.18
2026-03-19T14:36:14Z,2026-03-24,2,17,9.5,55.88
2026-03-19T14:36:14Z,2026-03-24,3,17,4,23.53
2026-03-19T14:36:19Z,2026-03-25,1,17,8,47.06
2026-03-19T14:36:19Z,2026-03-25,2,17,10,58.82
2026-03-19T14:36:19Z,2026-03-25,3,17,5,29.41
2026-03-19T14:39:45Z,2026-03-19,1,17,10,58.82
2026-03-19T14:39:45Z,2026-03-19,2,17,9.5,55.88
2026-03-19T14:39:45Z,2026-03-19,3,17,7,41.18
2026-03-19T14:39:50Z,2026-03-20,1,17,11,64.71
2026-03-19T14:39:50Z,2026-03-20,2,17,10,58.82
2026-03-19T14:39:50Z,2026-03-20,3,17,9,52.94
2026-03-19T14:39:55Z,2026-03-21,1,17,12,70.59
2026-03-19T14:39:55Z,2026-03-21,2,17,12,70.59
2026-03-19T14:39:55Z,2026-03-21,3,17,12,70.59
2026-03-19T14:40:00Z,2026-03-22,1,17,12,70.59
2026-03-19T14:40:00Z,2026-03-22,2,17,12,70.59
2026-03-19T14:40:00Z,2026-03-22,3,17,12,70.59
2026-03-19T14:40:06Z,2026-03-23,1,17,7,41.18
2026-03-19T14:40:06Z,2026-03-23,2,17,5,29.41
2026-03-19T14:40:06Z,2026-03-23,3,17,4,23.53
2026-03-19T14:40:11Z,2026-03-24,1,17,7,41.18
2026-03-19T14:40:11Z,2026-03-24,2,17,9.5,55.88
2026-03-19T14:40:11Z,2026-03-24,3,17,4,23.53
2026-03-19T14:40:16Z,2026-03-25,1,17,8,47.06
2026-03-19T14:40:16Z,2026-03-25,2,17,10,58.82
2026-03-19T14:40:16Z,2026-03-25,3,17,5,29.41
2026-03-19T14:43:23Z,2026-03-19,1,17,10,58.82
2026-03-19T14:43:23Z,2026-03-19,2,17,9.5,55.88
2026-03-19T14:43:23Z,2026-03-19,3,17,7,41.18
2026-03-19T14:43:28Z,2026-03-20,1,17,11,64.71
2026-03-19T14:43:28Z,2026-03-20,2,17,10,58.82
2026-03-19T14:43:28Z,2026-03-20,3,17,9,52.94
2026-03-19T14:43:33Z,2026-03-21,1,17,12,70.59
2026-03-19T14:43:33Z,2026-03-21,2,17,12,70.59
2026-03-19T14:43:33Z,2026-03-21,3,17,12,70.59
2026-03-19T14:43:38Z,2026-03-22,1,17,12,70.59
2026-03-19T14:43:38Z,2026-03-22,2,17,12,70.59
2026-03-19T14:43:38Z,2026-03-22,3,17,12,70.59
2026-03-19T14:43:43Z,2026-03-23,1,17,7,41.18
2026-03-19T14:43:43Z,2026-03-23,2,17,5,29.41
2026-03-19T14:43:43Z,2026-03-23,3,17,4,23.53
2026-03-19T14:43:48Z,2026-03-24,1,17,7,41.18
2026-03-19T14:43:48Z,2026-03-24,2,17,9.5,55.88
2026-03-19T14:43:48Z,2026-03-24,3,17,4,23.53
2026-03-19T14:43:53Z,2026-03-25,1,17,8,47.06
2026-03-19T14:43:53Z,2026-03-25,2,17,10,58.82
2026-03-19T14:43:53Z,2026-03-25,3,17,5,29.41
2026-03-19T14:45:50Z,2026-03-19,1,17,10,58.82
2026-03-19T14:45:50Z,2026-03-19,2,17,9.5,55.88
2026-03-19T14:45:50Z,2026-03-19,3,17,7,41.18
2026-03-19T14:45:55Z,2026-03-20,1,17,11,64.71
2026-03-19T14:45:55Z,2026-03-20,2,17,10,58.82
2026-03-19T14:45:55Z,2026-03-20,3,17,9,52.94
2026-03-19T14:46:00Z,2026-03-21,1,17,12,70.59
2026-03-19T14:46:00Z,2026-03-21,2,17,12,70.59
2026-03-19T14:46:00Z,2026-03-21,3,17,12,70.59
2026-03-19T14:46:05Z,2026-03-22,1,17,12,70.59
2026-03-19T14:46:05Z,2026-03-22,2,17,12,70.59
2026-03-19T14:46:05Z,2026-03-22,3,17,12,70.59
2026-03-19T14:46:10Z,2026-03-23,1,17,7,41.18
2026-03-19T14:46:10Z,2026-03-23,2,17,5,29.41
2026-03-19T14:46:10Z,2026-03-23,3,17,4,23.53
2026-03-19T14:46:15Z,2026-03-24,1,17,7,41.18
2026-03-19T14:46:15Z,2026-03-24,2,17,9.5,55.88
2026-03-19T14:46:15Z,2026-03-24,3,17,4,23.53
2026-03-19T14:46:20Z,2026-03-25,1,17,8,47.06
2026-03-19T14:46:20Z,2026-03-25,2,17,10,58.82
2026-03-19T14:46:20Z,2026-03-25,3,17,5,29.41
2026-03-19T14:50:46Z,2026-03-19,1,17,10,58.82
2026-03-19T14:50:46Z,2026-03-19,2,17,9.5,55.88
2026-03-19T14:50:46Z,2026-03-19,3,17,7,41.18
2026-03-19T14:50:52Z,2026-03-20,1,17,11,64.71
2026-03-19T14:50:52Z,2026-03-20,2,17,10,58.82
2026-03-19T14:50:52Z,2026-03-20,3,17,9,52.94
2026-03-19T14:50:57Z,2026-03-21,1,17,12,70.59
2026-03-19T14:50:57Z,2026-03-21,2,17,12,70.59
2026-03-19T14:50:57Z,2026-03-21,3,17,12,70.59
2026-03-19T14:51:02Z,2026-03-22,1,17,12,70.59
2026-03-19T14:51:02Z,2026-03-22,2,17,12,70.59
2026-03-19T14:51:02Z,2026-03-22,3,17,12,70.59
2026-03-19T14:51:07Z,2026-03-23,1,17,7,41.18
2026-03-19T14:51:07Z,2026-03-23,2,17,5,29.41
2026-03-19T14:51:07Z,2026-03-23,3,17,4,23.53
2026-03-19T14:51:12Z,2026-03-24,1,17,7,41.18
2026-03-19T14:51:12Z,2026-03-24,2,17,9.5,55.88
2026-03-19T14:51:12Z,2026-03-24,3,17,4,23.53
2026-03-19T14:51:17Z,2026-03-25,1,17,8,47.06
2026-03-19T14:51:17Z,2026-03-25,2,17,10,58.82
2026-03-19T14:51:17Z,2026-03-25,3,17,5,29.41
2026-03-19T14:55:50Z,2026-03-19,1,17,10,58.82
2026-03-19T14:55:50Z,2026-03-19,2,17,9.5,55.88
2026-03-19T14:55:50Z,2026-03-19,3,17,7,41.18
2026-03-19T14:55:55Z,2026-03-20,1,17,11,64.71
2026-03-19T14:55:55Z,2026-03-20,2,17,10,58.82
2026-03-19T14:55:55Z,2026-03-20,3,17,9,52.94
2026-03-19T14:56:00Z,2026-03-21,1,17,12,70.59
2026-03-19T14:56:00Z,2026-03-21,2,17,12,70.59
2026-03-19T14:56:00Z,2026-03-21,3,17,12,70.59
2026-03-19T14:56:05Z,2026-03-22,1,17,12,70.59
2026-03-19T14:56:05Z,2026-03-22,2,17,12,70.59
2026-03-19T14:56:05Z,2026-03-22,3,17,12,70.59
2026-03-19T14:56:10Z,2026-03-23,1,17,7,41.18
2026-03-19T14:56:10Z,2026-03-23,2,17,5,29.41
2026-03-19T14:56:10Z,2026-03-23,3,17,4,23.53
2026-03-19T14:56:15Z,2026-03-24,1,17,7,41.18
2026-03-19T14:56:15Z,2026-03-24,2,17,9.5,55.88
2026-03-19T14:56:15Z,2026-03-24,3,17,4,23.53
2026-03-19T14:56:20Z,2026-03-25,1,17,8,47.06
2026-03-19T14:56:20Z,2026-03-25,2,17,10,58.82
2026-03-19T14:56:20Z,2026-03-25,3,17,5,29.41
2026-03-19T15:00:48Z,2026-03-19,1,17,10,58.82
2026-03-19T15:00:48Z,2026-03-19,2,17,9.5,55.88
2026-03-19T15:00:48Z,2026-03-19,3,17,7,41.18
2026-03-19T15:00:53Z,2026-03-20,1,17,11,64.71
2026-03-19T15:00:53Z,2026-03-20,2,17,10,58.82
2026-03-19T15:00:53Z,2026-03-20,3,17,9,52.94
2026-03-19T15:00:58Z,2026-03-21,1,17,12,70.59
2026-03-19T15:00:58Z,2026-03-21,2,17,12,70.59
2026-03-19T15:00:58Z,2026-03-21,3,17,12,70.59
2026-03-19T15:01:03Z,2026-03-22,1,17,12,70.59
2026-03-19T15:01:03Z,2026-03-22,2,17,12,70.59
2026-03-19T15:01:03Z,2026-03-22,3,17,12,70.59
2026-03-19T15:01:08Z,2026-03-23,1,17,7,41.18
2026-03-19T15:01:08Z,2026-03-23,2,17,5,29.41
2026-03-19T15:01:08Z,2026-03-23,3,17,4,23.53
2026-03-19T15:01:13Z,2026-03-24,1,17,7,41.18
2026-03-19T15:01:13Z,2026-03-24,2,17,9.5,55.88
2026-03-19T15:01:13Z,2026-03-24,3,17,4,23.53
2026-03-19T15:01:19Z,2026-03-25,1,17,8,47.06
2026-03-19T15:01:19Z,2026-03-25,2,17,10,58.82
2026-03-19T15:01:19Z,2026-03-25,3,17,5,29.41
2026-03-19T15:05:43Z,2026-03-19,1,17,10,58.82
2026-03-19T15:05:43Z,2026-03-19,2,17,9.5,55.88
2026-03-19T15:05:43Z,2026-03-19,3,17,7,41.18
2026-03-19T15:05:48Z,2026-03-20,1,17,11,64.71
2026-03-19T15:05:48Z,2026-03-20,2,17,10,58.82
2026-03-19T15:05:48Z,2026-03-20,3,17,9,52.94
2026-03-19T15:05:53Z,2026-03-21,1,17,12,70.59
2026-03-19T15:05:53Z,2026-03-21,2,17,12,70.59
2026-03-19T15:05:53Z,2026-03-21,3,17,12,70.59
2026-03-19T15:05:58Z,2026-03-22,1,17,12,70.59
2026-03-19T15:05:58Z,2026-03-22,2,17,12,70.59
2026-03-19T15:05:58Z,2026-03-22,3,17,12,70.59
2026-03-19T15:06:03Z,2026-03-23,1,17,7,41.18
2026-03-19T15:06:03Z,2026-03-23,2,17,5,29.41
2026-03-19T15:06:03Z,2026-03-23,3,17,4,23.53
2026-03-19T15:06:08Z,2026-03-24,1,17,7,41.18
2026-03-19T15:06:08Z,2026-03-24,2,17,9.5,55.88
2026-03-19T15:06:08Z,2026-03-24,3,17,4,23.53
2026-03-19T15:06:13Z,2026-03-25,1,17,8,47.06
2026-03-19T15:06:13Z,2026-03-25,2,17,10,58.82
2026-03-19T15:06:13Z,2026-03-25,3,17,5,29.41
2026-03-19T15:10:48Z,2026-03-19,1,17,10,58.82
2026-03-19T15:10:48Z,2026-03-19,2,17,9.5,55.88
2026-03-19T15:10:48Z,2026-03-19,3,17,7,41.18
2026-03-19T15:10:53Z,2026-03-20,1,17,11,64.71
2026-03-19T15:10:53Z,2026-03-20,2,17,10,58.82
2026-03-19T15:10:53Z,2026-03-20,3,17,9,52.94
2026-03-19T15:10:58Z,2026-03-21,1,17,12,70.59
2026-03-19T15:10:58Z,2026-03-21,2,17,12,70.59
2026-03-19T15:10:58Z,2026-03-21,3,17,12,70.59
2026-03-19T15:11:03Z,2026-03-22,1,17,12,70.59
2026-03-19T15:11:03Z,2026-03-22,2,17,12,70.59
2026-03-19T15:11:03Z,2026-03-22,3,17,12,70.59
2026-03-19T15:11:08Z,2026-03-23,1,17,7,41.18
2026-03-19T15:11:08Z,2026-03-23,2,17,5,29.41
2026-03-19T15:11:08Z,2026-03-23,3,17,4,23.53
2026-03-19T15:11:13Z,2026-03-24,1,17,7,41.18
2026-03-19T15:11:13Z,2026-03-24,2,17,9.5,55.88
2026-03-19T15:11:13Z,2026-03-24,3,17,4,23.53
2026-03-19T15:11:18Z,2026-03-25,1,17,8,47.06
2026-03-19T15:11:18Z,2026-03-25,2,17,10,58.82
2026-03-19T15:11:18Z,2026-03-25,3,17,5,29.41
2026-03-19T15:15:44Z,2026-03-19,1,17,10,58.82
2026-03-19T15:15:44Z,2026-03-19,2,17,9.5,55.88
2026-03-19T15:15:44Z,2026-03-19,3,17,7,41.18
2026-03-19T15:15:49Z,2026-03-20,1,17,11,64.71
2026-03-19T15:15:49Z,2026-03-20,2,17,10,58.82
2026-03-19T15:15:49Z,2026-03-20,3,17,9,52.94
2026-03-19T15:15:54Z,2026-03-21,1,17,12,70.59
2026-03-19T15:15:54Z,2026-03-21,2,17,12,70.59
2026-03-19T15:15:54Z,2026-03-21,3,17,12,70.59
2026-03-19T15:16:00Z,2026-03-22,1,17,12,70.59
2026-03-19T15:16:00Z,2026-03-22,2,17,12,70.59
2026-03-19T15:16:00Z,2026-03-22,3,17,12,70.59
2026-03-19T15:16:05Z,2026-03-23,1,17,7,41.18
2026-03-19T15:16:05Z,2026-03-23,2,17,5,29.41
2026-03-19T15:16:05Z,2026-03-23,3,17,4,23.53
2026-03-19T15:16:10Z,2026-03-24,1,17,7,41.18
2026-03-19T15:16:10Z,2026-03-24,2,17,9.5,55.88
2026-03-19T15:16:10Z,2026-03-24,3,17,4,23.53
2026-03-19T15:16:15Z,2026-03-25,1,17,8,47.06
2026-03-19T15:16:15Z,2026-03-25,2,17,10,58.82
2026-03-19T15:16:15Z,2026-03-25,3,17,5,29.41
2026-03-19T15:20:43Z,2026-03-19,1,17,10,58.82
2026-03-19T15:20:43Z,2026-03-19,2,17,9.5,55.88
2026-03-19T15:20:43Z,2026-03-19,3,17,7,41.18
2026-03-19T15:20:48Z,2026-03-20,1,17,11,64.71
2026-03-19T15:20:48Z,2026-03-20,2,17,10,58.82
2026-03-19T15:20:48Z,2026-03-20,3,17,9,52.94
2026-03-19T15:20:53Z,2026-03-21,1,17,12,70.59
2026-03-19T15:20:53Z,2026-03-21,2,17,12,70.59
2026-03-19T15:20:53Z,2026-03-21,3,17,12,70.59
2026-03-19T15:20:58Z,2026-03-22,1,17,12,70.59
2026-03-19T15:20:58Z,2026-03-22,2,17,12,70.59
2026-03-19T15:20:58Z,2026-03-22,3,17,12,70.59
2026-03-19T15:21:04Z,2026-03-23,1,17,7,41.18
2026-03-19T15:21:04Z,2026-03-23,2,17,5,29.41
2026-03-19T15:21:04Z,2026-03-23,3,17,4,23.53
2026-03-19T15:21:09Z,2026-03-24,1,17,7,41.18
2026-03-19T15:21:09Z,2026-03-24,2,17,9.5,55.88
2026-03-19T15:21:09Z,2026-03-24,3,17,4,23.53
2026-03-19T15:21:14Z,2026-03-25,1,17,8,47.06
2026-03-19T15:21:14Z,2026-03-25,2,17,10,58.82
2026-03-19T15:21:14Z,2026-03-25,3,17,5,29.41
2026-03-19T15:25:51Z,2026-03-19,1,17,10,58.82
2026-03-19T15:25:51Z,2026-03-19,2,17,9.5,55.88
2026-03-19T15:25:51Z,2026-03-19,3,17,7,41.18
2026-03-19T15:25:56Z,2026-03-20,1,17,11,64.71
2026-03-19T15:25:56Z,2026-03-20,2,17,10,58.82
2026-03-19T15:25:56Z,2026-03-20,3,17,9,52.94
2026-03-19T15:26:01Z,2026-03-21,1,17,12,70.59
2026-03-19T15:26:01Z,2026-03-21,2,17,12,70.59
2026-03-19T15:26:01Z,2026-03-21,3,17,12,70.59
2026-03-19T15:26:06Z,2026-03-22,1,17,12,70.59
2026-03-19T15:26:06Z,2026-03-22,2,17,12,70.59
2026-03-19T15:26:06Z,2026-03-22,3,17,12,70.59
2026-03-19T15:26:11Z,2026-03-23,1,17,7,41.18
2026-03-19T15:26:11Z,2026-03-23,2,17,5,29.41
2026-03-19T15:26:11Z,2026-03-23,3,17,4,23.53
2026-03-19T15:26:16Z,2026-03-24,1,17,7,41.18
2026-03-19T15:26:16Z,2026-03-24,2,17,9.5,55.88
2026-03-19T15:26:16Z,2026-03-24,3,17,4,23.53
2026-03-19T15:26:21Z,2026-03-25,1,17,8,47.06
2026-03-19T15:26:21Z,2026-03-25,2,17,10,58.82
2026-03-19T15:26:21Z,2026-03-25,3,17,5,29.41
2026-03-19T15:30:45Z,2026-03-19,1,17,10,58.82
2026-03-19T15:30:45Z,2026-03-19,2,17,9.5,55.88
2026-03-19T15:30:45Z,2026-03-19,3,17,7,41.18
2026-03-19T15:30:51Z,2026-03-20,1,17,11,64.71
2026-03-19T15:30:51Z,2026-03-20,2,17,10,58.82
2026-03-19T15:30:51Z,2026-03-20,3,17,9,52.94
2026-03-19T15:30:56Z,2026-03-21,1,17,12,70.59
2026-03-19T15:30:56Z,2026-03-21,2,17,12,70.59
2026-03-19T15:30:56Z,2026-03-21,3,17,12,70.59
2026-03-19T15:31:01Z,2026-03-22,1,17,12,70.59
2026-03-19T15:31:01Z,2026-03-22,2,17,12,70.59
2026-03-19T15:31:01Z,2026-03-22,3,17,12,70.59
2026-03-19T15:31:06Z,2026-03-23,1,17,7,41.18
2026-03-19T15:31:06Z,2026-03-23,2,17,5,29.41
2026-03-19T15:31:06Z,2026-03-23,3,17,4,23.53
2026-03-19T15:31:11Z,2026-03-24,1,17,7,41.18
2026-03-19T15:31:11Z,2026-03-24,2,17,9.5,55.88
2026-03-19T15:31:11Z,2026-03-24,3,17,4,23.53
2026-03-19T15:31:16Z,2026-03-25,1,17,8,47.06
2026-03-19T15:31:16Z,2026-03-25,2,17,10,58.82
2026-03-19T15:31:16Z,2026-03-25,3,17,5,29.41
2026-03-19T15:35:42Z,2026-03-19,1,17,10,58.82
2026-03-19T15:35:42Z,2026-03-19,2,17,9.5,55.88
2026-03-19T15:35:42Z,2026-03-19,3,17,7,41.18
2026-03-19T15:35:47Z,2026-03-20,1,17,11,64.71
2026-03-19T15:35:47Z,2026-03-20,2,17,10,58.82
2026-03-19T15:35:47Z,2026-03-20,3,17,9,52.94
2026-03-19T15:35:52Z,2026-03-21,1,17,12,70.59
2026-03-19T15:35:52Z,2026-03-21,2,17,12,70.59
2026-03-19T15:35:52Z,2026-03-21,3,17,12,70.59
2026-03-19T15:35:57Z,2026-03-22,1,17,12,70.59
2026-03-19T15:35:57Z,2026-03-22,2,17,12,70.59
2026-03-19T15:35:57Z,2026-03-22,3,17,12,70.59
2026-03-19T15:36:02Z,2026-03-23,1,17,7,41.18
2026-03-19T15:36:02Z,2026-03-23,2,17,5,29.41
2026-03-19T15:36:02Z,2026-03-23,3,17,4,23.53
2026-03-19T15:36:07Z,2026-03-24,1,17,7,41.18
2026-03-19T15:36:07Z,2026-03-24,2,17,9.5,55.88
2026-03-19T15:36:07Z,2026-03-24,3,17,4,23.53
2026-03-19T15:36:12Z,2026-03-25,1,17,8,47.06
2026-03-19T15:36:12Z,2026-03-25,2,17,10,58.82
2026-03-19T15:36:12Z,2026-03-25,3,17,5,29.41
2026-03-19T15:41:23Z,2026-03-19,1,17,10,58.82
2026-03-19T15:41:23Z,2026-03-19,2,17,11.5,67.65
2026-03-19T15:41:23Z,2026-03-19,3,17,7,41.18
2026-03-19T15:41:28Z,2026-03-20,1,17,11,64.71
2026-03-19T15:41:28Z,2026-03-20,2,17,10,58.82
2026-03-19T15:41:28Z,2026-03-20,3,17,9,52.94
2026-03-19T15:41:33Z,2026-03-21,1,17,12,70.59
2026-03-19T15:41:33Z,2026-03-21,2,17,12,70.59
2026-03-19T15:41:33Z,2026-03-21,3,17,12,70.59
2026-03-19T15:41:38Z,2026-03-22,1,17,12,70.59
2026-03-19T15:41:38Z,2026-03-22,2,17,12,70.59
2026-03-19T15:41:38Z,2026-03-22,3,17,12,70.59
2026-03-19T15:41:43Z,2026-03-23,1,17,7,41.18
2026-03-19T15:41:43Z,2026-03-23,2,17,5,29.41
2026-03-19T15:41:43Z,2026-03-23,3,17,4,23.53
2026-03-19T15:41:48Z,2026-03-24,1,17,7,41.18
2026-03-19T15:41:48Z,2026-03-24,2,17,9.5,55.88
2026-03-19T15:41:48Z,2026-03-24,3,17,4,23.53
2026-03-19T15:41:54Z,2026-03-25,1,17,8,47.06
2026-03-19T15:41:54Z,2026-03-25,2,17,10,58.82
2026-03-19T15:41:54Z,2026-03-25,3,17,5,29.41
2026-03-19T15:45:42Z,2026-03-19,1,17,10,58.82
2026-03-19T15:45:42Z,2026-03-19,2,17,11.5,67.65
2026-03-19T15:45:42Z,2026-03-19,3,17,7,41.18
2026-03-19T15:45:47Z,2026-03-20,1,17,11,64.71
2026-03-19T15:45:47Z,2026-03-20,2,17,10,58.82
2026-03-19T15:45:47Z,2026-03-20,3,17,9,52.94
2026-03-19T15:45:52Z,2026-03-21,1,17,12,70.59
2026-03-19T15:45:52Z,2026-03-21,2,17,12,70.59
2026-03-19T15:45:52Z,2026-03-21,3,17,12,70.59
2026-03-19T15:45:57Z,2026-03-22,1,17,12,70.59
2026-03-19T15:45:57Z,2026-03-22,2,17,12,70.59
2026-03-19T15:45:57Z,2026-03-22,3,17,12,70.59
2026-03-19T15:46:02Z,2026-03-23,1,17,7,41.18
2026-03-19T15:46:02Z,2026-03-23,2,17,5,29.41
2026-03-19T15:46:02Z,2026-03-23,3,17,4,23.53
2026-03-19T15:46:07Z,2026-03-24,1,17,7,41.18
2026-03-19T15:46:07Z,2026-03-24,2,17,9.5,55.88
2026-03-19T15:46:07Z,2026-03-24,3,17,4,23.53
2026-03-19T15:46:12Z,2026-03-25,1,17,8,47.06
2026-03-19T15:46:12Z,2026-03-25,2,17,10,58.82
2026-03-19T15:46:12Z,2026-03-25,3,17,5,29.41
2026-03-19T15:50:44Z,2026-03-19,1,17,10,58.82
2026-03-19T15:50:44Z,2026-03-19,2,17,11.5,67.65
2026-03-19T15:50:44Z,2026-03-19,3,17,7,41.18
2026-03-19T15:50:49Z,2026-03-20,1,17,11,64.71
2026-03-19T15:50:49Z,2026-03-20,2,17,10,58.82
2026-03-19T15:50:49Z,2026-03-20,3,17,9,52.94
2026-03-19T15:50:54Z,2026-03-21,1,17,12,70.59
2026-03-19T15:50:54Z,2026-03-21,2,17,12,70.59
2026-03-19T15:50:54Z,2026-03-21,3,17,12,70.59
2026-03-19T15:50:59Z,2026-03-22,1,17,12,70.59
2026-03-19T15:50:59Z,2026-03-22,2,17,12,70.59
2026-03-19T15:50:59Z,2026-03-22,3,17,12,70.59
2026-03-19T15:51:04Z,2026-03-23,1,17,7,41.18
2026-03-19T15:51:04Z,2026-03-23,2,17,5,29.41
2026-03-19T15:51:04Z,2026-03-23,3,17,4,23.53
2026-03-19T15:51:09Z,2026-03-24,1,17,7,41.18
2026-03-19T15:51:09Z,2026-03-24,2,17,9.5,55.88
2026-03-19T15:51:09Z,2026-03-24,3,17,4,23.53
2026-03-19T15:51:14Z,2026-03-25,1,17,8,47.06
2026-03-19T15:51:14Z,2026-03-25,2,17,10,58.82
2026-03-19T15:51:14Z,2026-03-25,3,17,5,29.41
2026-03-19T15:55:43Z,2026-03-19,1,17,10,58.82
2026-03-19T15:55:43Z,2026-03-19,2,17,11.5,67.65
2026-03-19T15:55:43Z,2026-03-19,3,17,7,41.18
2026-03-19T15:55:49Z,2026-03-20,1,17,11,64.71
2026-03-19T15:55:49Z,2026-03-20,2,17,10,58.82
2026-03-19T15:55:49Z,2026-03-20,3,17,9,52.94
2026-03-19T15:55:54Z,2026-03-21,1,17,12,70.59
2026-03-19T15:55:54Z,2026-03-21,2,17,12,70.59
2026-03-19T15:55:54Z,2026-03-21,3,17,12,70.59
2026-03-19T15:55:59Z,2026-03-22,1,17,12,70.59
2026-03-19T15:55:59Z,2026-03-22,2,17,12,70.59
2026-03-19T15:55:59Z,2026-03-22,3,17,12,70.59
2026-03-19T15:56:04Z,2026-03-23,1,17,7,41.18
2026-03-19T15:56:04Z,2026-03-23,2,17,5,29.41
2026-03-19T15:56:04Z,2026-03-23,3,17,4,23.53
2026-03-19T15:56:09Z,2026-03-24,1,17,7,41.18
2026-03-19T15:56:09Z,2026-03-24,2,17,9.5,55.88
2026-03-19T15:56:09Z,2026-03-24,3,17,4,23.53
2026-03-19T15:56:14Z,2026-03-25,1,17,8,47.06
2026-03-19T15:56:14Z,2026-03-25,2,17,10,58.82
2026-03-19T15:56:14Z,2026-03-25,3,17,5,29.41
2026-03-19T16:00:44Z,2026-03-19,1,17,10,58.82
2026-03-19T16:00:44Z,2026-03-19,2,17,11.5,67.65
2026-03-19T16:00:44Z,2026-03-19,3,17,7,41.18
2026-03-19T16:00:49Z,2026-03-20,1,17,11,64.71
2026-03-19T16:00:49Z,2026-03-20,2,17,10,58.82
2026-03-19T16:00:49Z,2026-03-20,3,17,9,52.94
2026-03-19T16:00:54Z,2026-03-21,1,17,12,70.59
2026-03-19T16:00:54Z,2026-03-21,2,17,12,70.59
2026-03-19T16:00:54Z,2026-03-21,3,17,12,70.59
2026-03-19T16:01:00Z,2026-03-22,1,17,12,70.59
2026-03-19T16:01:00Z,2026-03-22,2,17,12,70.59
2026-03-19T16:01:00Z,2026-03-22,3,17,12,70.59
2026-03-19T16:01:05Z,2026-03-23,1,17,7,41.18
2026-03-19T16:01:05Z,2026-03-23,2,17,5,29.41
2026-03-19T16:01:05Z,2026-03-23,3,17,4,23.53
2026-03-19T16:01:10Z,2026-03-24,1,17,7,41.18
2026-03-19T16:01:10Z,2026-03-24,2,17,9.5,55.88
2026-03-19T16:01:10Z,2026-03-24,3,17,4,23.53
2026-03-19T16:01:15Z,2026-03-25,1,17,8,47.06
2026-03-19T16:01:15Z,2026-03-25,2,17,10,58.82
2026-03-19T16:01:15Z,2026-03-25,3,17,5,29.41
2026-03-19T16:05:42Z,2026-03-19,1,17,10,58.82
2026-03-19T16:05:42Z,2026-03-19,2,17,11.5,67.65
2026-03-19T16:05:42Z,2026-03-19,3,17,7,41.18
2026-03-19T16:05:47Z,2026-03-20,1,17,11,64.71
2026-03-19T16:05:47Z,2026-03-20,2,17,10,58.82
2026-03-19T16:05:47Z,2026-03-20,3,17,9,52.94
2026-03-19T16:05:52Z,2026-03-21,1,17,12,70.59
2026-03-19T16:05:52Z,2026-03-21,2,17,12,70.59
2026-03-19T16:05:52Z,2026-03-21,3,17,12,70.59
2026-03-19T16:05:57Z,2026-03-22,1,17,12,70.59
2026-03-19T16:05:57Z,2026-03-22,2,17,12,70.59
2026-03-19T16:05:57Z,2026-03-22,3,17,12,70.59
2026-03-19T16:06:02Z,2026-03-23,1,17,7,41.18
2026-03-19T16:06:02Z,2026-03-23,2,17,5,29.41
2026-03-19T16:06:02Z,2026-03-23,3,17,4,23.53
2026-03-19T16:06:07Z,2026-03-24,1,17,7,41.18
2026-03-19T16:06:07Z,2026-03-24,2,17,9.5,55.88
2026-03-19T16:06:07Z,2026-03-24,3,17,4,23.53
2026-03-19T16:06:13Z,2026-03-25,1,17,8,47.06
2026-03-19T16:06:13Z,2026-03-25,2,17,10,58.82
2026-03-19T16:06:13Z,2026-03-25,3,17,5,29.41
2026-03-19T16:10:50Z,2026-03-19,1,17,10,58.82
2026-03-19T16:10:50Z,2026-03-19,2,17,11.5,67.65
2026-03-19T16:10:50Z,2026-03-19,3,17,7,41.18
2026-03-19T16:10:56Z,2026-03-20,1,17,11,64.71
2026-03-19T16:10:56Z,2026-03-20,2,17,10,58.82
2026-03-19T16:10:56Z,2026-03-20,3,17,9,52.94
2026-03-19T16:11:01Z,2026-03-21,1,17,12,70.59
2026-03-19T16:11:01Z,2026-03-21,2,17,12,70.59
2026-03-19T16:11:01Z,2026-03-21,3,17,12,70.59
2026-03-19T16:11:06Z,2026-03-22,1,17,12,70.59
2026-03-19T16:11:06Z,2026-03-22,2,17,12,70.59
2026-03-19T16:11:06Z,2026-03-22,3,17,12,70.59
2026-03-19T16:11:11Z,2026-03-23,1,17,7,41.18
2026-03-19T16:11:11Z,2026-03-23,2,17,5,29.41
2026-03-19T16:11:11Z,2026-03-23,3,17,4,23.53
2026-03-19T16:11:16Z,2026-03-24,1,17,7,41.18
2026-03-19T16:11:16Z,2026-03-24,2,17,9.5,55.88
2026-03-19T16:11:16Z,2026-03-24,3,17,4,23.53
2026-03-19T16:11:21Z,2026-03-25,1,17,8,47.06
2026-03-19T16:11:21Z,2026-03-25,2,17,10,58.82
2026-03-19T16:11:21Z,2026-03-25,3,17,5,29.41
2026-03-19T16:15:39Z,2026-03-19,1,17,10,58.82
2026-03-19T16:15:39Z,2026-03-19,2,17,11.5,67.65
2026-03-19T16:15:39Z,2026-03-19,3,17,7,41.18
2026-03-19T16:15:44Z,2026-03-20,1,17,11,64.71
2026-03-19T16:15:44Z,2026-03-20,2,17,10,58.82
2026-03-19T16:15:44Z,2026-03-20,3,17,9,52.94
2026-03-19T16:15:49Z,2026-03-21,1,17,12,70.59
2026-03-19T16:15:49Z,2026-03-21,2,17,12,70.59
2026-03-19T16:15:49Z,2026-03-21,3,17,12,70.59
2026-03-19T16:15:54Z,2026-03-22,1,17,12,70.59
2026-03-19T16:15:54Z,2026-03-22,2,17,12,70.59
2026-03-19T16:15:54Z,2026-03-22,3,17,12,70.59
2026-03-19T16:15:59Z,2026-03-23,1,17,7,41.18
2026-03-19T16:15:59Z,2026-03-23,2,17,5,29.41
2026-03-19T16:15:59Z,2026-03-23,3,17,4,23.53
2026-03-19T16:16:04Z,2026-03-24,1,17,7,41.18
2026-03-19T16:16:04Z,2026-03-24,2,17,9.5,55.88
2026-03-19T16:16:04Z,2026-03-24,3,17,4,23.53
2026-03-19T16:16:10Z,2026-03-25,1,17,8,47.06
2026-03-19T16:16:10Z,2026-03-25,2,17,10,58.82
2026-03-19T16:16:10Z,2026-03-25,3,17,5,29.41
2026-03-19T16:20:44Z,2026-03-19,1,17,10,58.82
2026-03-19T16:20:44Z,2026-03-19,2,17,11.5,67.65
2026-03-19T16:20:44Z,2026-03-19,3,17,7,41.18
2026-03-19T16:20:49Z,2026-03-20,1,17,11,64.71
2026-03-19T16:20:49Z,2026-03-20,2,17,10,58.82
2026-03-19T16:20:49Z,2026-03-20,3,17,9,52.94
2026-03-19T16:20:54Z,2026-03-21,1,17,12,70.59
2026-03-19T16:20:54Z,2026-03-21,2,17,12,70.59
2026-03-19T16:20:54Z,2026-03-21,3,17,12,70.59
2026-03-19T16:20:59Z,2026-03-22,1,17,12,70.59
2026-03-19T16:20:59Z,2026-03-22,2,17,12,70.59
2026-03-19T16:20:59Z,2026-03-22,3,17,12,70.59
2026-03-19T16:21:04Z,2026-03-23,1,17,7,41.18
2026-03-19T16:21:04Z,2026-03-23,2,17,5,29.41
2026-03-19T16:21:04Z,2026-03-23,3,17,4,23.53
2026-03-19T16:21:09Z,2026-03-24,1,17,7,41.18
2026-03-19T16:21:09Z,2026-03-24,2,17,9.5,55.88
2026-03-19T16:21:09Z,2026-03-24,3,17,4,23.53
2026-03-19T16:21:14Z,2026-03-25,1,17,8,47.06
2026-03-19T16:21:14Z,2026-03-25,2,17,10,58.82
2026-03-19T16:21:14Z,2026-03-25,3,17,5,29.41
2026-03-19T16:25:42Z,2026-03-19,1,17,10,58.82
2026-03-19T16:25:42Z,2026-03-19,2,17,11.5,67.65
2026-03-19T16:25:42Z,2026-03-19,3,17,7,41.18
2026-03-19T16:25:47Z,2026-03-20,1,17,11,64.71
2026-03-19T16:25:47Z,2026-03-20,2,17,10,58.82
2026-03-19T16:25:47Z,2026-03-20,3,17,9,52.94
2026-03-19T16:25:52Z,2026-03-21,1,17,12,70.59
2026-03-19T16:25:52Z,2026-03-21,2,17,12,70.59
2026-03-19T16:25:52Z,2026-03-21,3,17,12,70.59
2026-03-19T16:25:57Z,2026-03-22,1,17,12,70.59
2026-03-19T16:25:57Z,2026-03-22,2,17,12,70.59
2026-03-19T16:25:57Z,2026-03-22,3,17,12,70.59
2026-03-19T16:26:02Z,2026-03-23,1,17,7,41.18
2026-03-19T16:26:02Z,2026-03-23,2,17,5,29.41
2026-03-19T16:26:02Z,2026-03-23,3,17,4,23.53
2026-03-19T16:26:07Z,2026-03-24,1,17,7,41.18
2026-03-19T16:26:07Z,2026-03-24,2,17,9.5,55.88
2026-03-19T16:26:07Z,2026-03-24,3,17,4,23.53
2026-03-19T16:26:12Z,2026-03-25,1,17,8,47.06
2026-03-19T16:26:12Z,2026-03-25,2,17,10,58.82
2026-03-19T16:26:12Z,2026-03-25,3,17,5,29.41
2026-03-19T16:30:48Z,2026-03-19,1,17,10,58.82
2026-03-19T16:30:48Z,2026-03-19,2,17,11.5,67.65
2026-03-19T16:30:48Z,2026-03-19,3,17,7,41.18
2026-03-19T16:30:53Z,2026-03-20,1,17,11,64.71
2026-03-19T16:30:53Z,2026-03-20,2,17,10,58.82
2026-03-19T16:30:53Z,2026-03-20,3,17,9,52.94
2026-03-19T16:30:58Z,2026-03-21,1,17,12,70.59
2026-03-19T16:30:58Z,2026-03-21,2,17,12,70.59
2026-03-19T16:30:58Z,2026-03-21,3,17,12,70.59
2026-03-19T16:31:03Z,2026-03-22,1,17,12,70.59
2026-03-19T16:31:03Z,2026-03-22,2,17,12,70.59
2026-03-19T16:31:03Z,2026-03-22,3,17,12,70.59
2026-03-19T16:31:08Z,2026-03-23,1,17,7,41.18
2026-03-19T16:31:08Z,2026-03-23,2,17,5,29.41
2026-03-19T16:31:08Z,2026-03-23,3,17,4,23.53
2026-03-19T16:31:13Z,2026-03-24,1,17,7,41.18
2026-03-19T16:31:13Z,2026-03-24,2,17,9.5,55.88
2026-03-19T16:31:13Z,2026-03-24,3,17,4,23.53
2026-03-19T16:31:18Z,2026-03-25,1,17,8,47.06
2026-03-19T16:31:18Z,2026-03-25,2,17,10,58.82
2026-03-19T16:31:18Z,2026-03-25,3,17,5,29.41
2026-03-19T16:35:45Z,2026-03-19,1,17,10,58.82
2026-03-19T16:35:45Z,2026-03-19,2,17,11.5,67.65
2026-03-19T16:35:45Z,2026-03-19,3,17,7,41.18
2026-03-19T16:35:50Z,2026-03-20,1,17,11,64.71
2026-03-19T16:35:50Z,2026-03-20,2,17,10,58.82
2026-03-19T16:35:50Z,2026-03-20,3,17,9,52.94
2026-03-19T16:35:55Z,2026-03-21,1,17,12,70.59
2026-03-19T16:35:55Z,2026-03-21,2,17,12,70.59
2026-03-19T16:35:55Z,2026-03-21,3,17,12,70.59
2026-03-19T16:36:00Z,2026-03-22,1,17,12,70.59
2026-03-19T16:36:00Z,2026-03-22,2,17,12,70.59
2026-03-19T16:36:00Z,2026-03-22,3,17,12,70.59
2026-03-19T16:36:05Z,2026-03-23,1,17,7,41.18
2026-03-19T16:36:05Z,2026-03-23,2,17,5,29.41
2026-03-19T16:36:05Z,2026-03-23,3,17,4,23.53
2026-03-19T16:36:10Z,2026-03-24,1,17,7,41.18
2026-03-19T16:36:10Z,2026-03-24,2,17,9.5,55.88
2026-03-19T16:36:10Z,2026-03-24,3,17,4,23.53
2026-03-19T16:36:15Z,2026-03-25,1,17,8,47.06
2026-03-19T16:36:15Z,2026-03-25,2,17,10,58.82
2026-03-19T16:36:15Z,2026-03-25,3,17,5,29.41
2026-03-19T16:40:42Z,2026-03-19,1,17,10,58.82
2026-03-19T16:40:42Z,2026-03-19,2,17,11.5,67.65
2026-03-19T16:40:42Z,2026-03-19,3,17,7,41.18
2026-03-19T16:40:47Z,2026-03-20,1,17,11,64.71
2026-03-19T16:40:47Z,2026-03-20,2,17,10,58.82
2026-03-19T16:40:47Z,2026-03-20,3,17,9,52.94
2026-03-19T16:40:52Z,2026-03-21,1,17,12,70.59
2026-03-19T16:40:52Z,2026-03-21,2,17,12,70.59
2026-03-19T16:40:52Z,2026-03-21,3,17,12,70.59
2026-03-19T16:40:57Z,2026-03-22,1,17,12,70.59
2026-03-19T16:40:57Z,2026-03-22,2,17,12,70.59
2026-03-19T16:40:57Z,2026-03-22,3,17,12,70.59
2026-03-19T16:41:03Z,2026-03-23,1,17,7,41.18
2026-03-19T16:41:03Z,2026-03-23,2,17,5,29.41
2026-03-19T16:41:03Z,2026-03-23,3,17,4,23.53
2026-03-19T16:41:08Z,2026-03-24,1,17,7,41.18
2026-03-19T16:41:08Z,2026-03-24,2,17,9.5,55.88
2026-03-19T16:41:08Z,2026-03-24,3,17,4,23.53
2026-03-19T16:41:13Z,2026-03-25,1,17,8,47.06
2026-03-19T16:41:13Z,2026-03-25,2,17,10,58.82
2026-03-19T16:41:13Z,2026-03-25,3,17,5,29.41
2026-03-19T16:45:40Z,2026-03-19,1,17,10,58.82
2026-03-19T16:45:40Z,2026-03-19,2,17,11.5,67.65
2026-03-19T16:45:40Z,2026-03-19,3,17,7,41.18
2026-03-19T16:45:45Z,2026-03-20,1,17,11,64.71
2026-03-19T16:45:45Z,2026-03-20,2,17,10,58.82
2026-03-19T16:45:45Z,2026-03-20,3,17,9,52.94
2026-03-19T16:45:50Z,2026-03-21,1,17,12,70.59
2026-03-19T16:45:50Z,2026-03-21,2,17,12,70.59
2026-03-19T16:45:50Z,2026-03-21,3,17,12,70.59
2026-03-19T16:45:55Z,2026-03-22,1,17,12,70.59
2026-03-19T16:45:55Z,2026-03-22,2,17,12,70.59
2026-03-19T16:45:55Z,2026-03-22,3,17,12,70.59
2026-03-19T16:46:00Z,2026-03-23,1,17,7,41.18
2026-03-19T16:46:00Z,2026-03-23,2,17,5,29.41
2026-03-19T16:46:00Z,2026-03-23,3,17,4,23.53
2026-03-19T16:46:06Z,2026-03-24,1,17,7,41.18
2026-03-19T16:46:06Z,2026-03-24,2,17,9.5,55.88
2026-03-19T16:46:06Z,2026-03-24,3,17,4,23.53
2026-03-19T16:46:11Z,2026-03-25,1,17,8,47.06
2026-03-19T16:46:11Z,2026-03-25,2,17,10,58.82
2026-03-19T16:46:11Z,2026-03-25,3,17,5,29.41
2026-03-19T16:50:44Z,2026-03-19,1,17,10,58.82
2026-03-19T16:50:44Z,2026-03-19,2,17,11.5,67.65
2026-03-19T16:50:44Z,2026-03-19,3,17,7,41.18
2026-03-19T16:50:49Z,2026-03-20,1,17,11,64.71
2026-03-19T16:50:49Z,2026-03-20,2,17,10,58.82
2026-03-19T16:50:49Z,2026-03-20,3,17,9,52.94
2026-03-19T16:50:54Z,2026-03-21,1,17,12,70.59
2026-03-19T16:50:54Z,2026-03-21,2,17,12,70.59
2026-03-19T16:50:54Z,2026-03-21,3,17,12,70.59
2026-03-19T16:51:00Z,2026-03-22,1,17,12,70.59
2026-03-19T16:51:00Z,2026-03-22,2,17,12,70.59
2026-03-19T16:51:00Z,2026-03-22,3,17,12,70.59
2026-03-19T16:51:05Z,2026-03-23,1,17,7,41.18
2026-03-19T16:51:05Z,2026-03-23,2,17,5,29.41
2026-03-19T16:51:05Z,2026-03-23,3,17,4,23.53
2026-03-19T16:51:10Z,2026-03-24,1,17,7,41.18
2026-03-19T16:51:10Z,2026-03-24,2,17,9.5,55.88
2026-03-19T16:51:10Z,2026-03-24,3,17,4,23.53
2026-03-19T16:51:15Z,2026-03-25,1,17,8,47.06
2026-03-19T16:51:15Z,2026-03-25,2,17,10,58.82
2026-03-19T16:51:15Z,2026-03-25,3,17,5,29.41
2026-03-19T16:55:50Z,2026-03-19,1,17,10,58.82
2026-03-19T16:55:50Z,2026-03-19,2,17,11.5,67.65
2026-03-19T16:55:50Z,2026-03-19,3,17,7,41.18
2026-03-19T16:55:55Z,2026-03-20,1,17,11,64.71
2026-03-19T16:55:55Z,2026-03-20,2,17,10,58.82
2026-03-19T16:55:55Z,2026-03-20,3,17,9,52.94
2026-03-19T16:56:00Z,2026-03-21,1,17,12,70.59
2026-03-19T16:56:00Z,2026-03-21,2,17,12,70.59
2026-03-19T16:56:00Z,2026-03-21,3,17,12,70.59
2026-03-19T16:56:05Z,2026-03-22,1,17,12,70.59
2026-03-19T16:56:05Z,2026-03-22,2,17,12,70.59
2026-03-19T16:56:05Z,2026-03-22,3,17,12,70.59
2026-03-19T16:56:10Z,2026-03-23,1,17,7,41.18
2026-03-19T16:56:10Z,2026-03-23,2,17,5,29.41
2026-03-19T16:56:10Z,2026-03-23,3,17,4,23.53
2026-03-19T16:56:15Z,2026-03-24,1,17,7,41.18
2026-03-19T16:56:15Z,2026-03-24,2,17,9.5,55.88
2026-03-19T16:56:15Z,2026-03-24,3,17,4,23.53
2026-03-19T16:56:21Z,2026-03-25,1,17,8,47.06
2026-03-19T16:56:21Z,2026-03-25,2,17,10,58.82
2026-03-19T16:56:21Z,2026-03-25,3,17,5,29.41
2026-03-19T17:00:48Z,2026-03-19,1,17,10,58.82
2026-03-19T17:00:48Z,2026-03-19,2,17,11.5,67.65
2026-03-19T17:00:48Z,2026-03-19,3,17,7,41.18
2026-03-19T17:00:53Z,2026-03-20,1,17,11,64.71
2026-03-19T17:00:53Z,2026-03-20,2,17,10,58.82
2026-03-19T17:00:53Z,2026-03-20,3,17,9,52.94
2026-03-19T17:00:58Z,2026-03-21,1,17,12,70.59
2026-03-19T17:00:58Z,2026-03-21,2,17,12,70.59
2026-03-19T17:00:58Z,2026-03-21,3,17,12,70.59
2026-03-19T17:01:03Z,2026-03-22,1,17,12,70.59
2026-03-19T17:01:03Z,2026-03-22,2,17,12,70.59
2026-03-19T17:01:03Z,2026-03-22,3,17,12,70.59
2026-03-19T17:01:08Z,2026-03-23,1,17,7,41.18
2026-03-19T17:01:08Z,2026-03-23,2,17,5,29.41
2026-03-19T17:01:08Z,2026-03-23,3,17,4,23.53
2026-03-19T17:01:13Z,2026-03-24,1,17,7,41.18
2026-03-19T17:01:13Z,2026-03-24,2,17,9.5,55.88
2026-03-19T17:01:13Z,2026-03-24,3,17,4,23.53
2026-03-19T17:01:18Z,2026-03-25,1,17,8,47.06
2026-03-19T17:01:18Z,2026-03-25,2,17,10,58.82
2026-03-19T17:01:18Z,2026-03-25,3,17,5,29.41
2026-03-19T17:05:43Z,2026-03-19,1,17,10,58.82
2026-03-19T17:05:43Z,2026-03-19,2,17,11.5,67.65
2026-03-19T17:05:43Z,2026-03-19,3,17,7,41.18
2026-03-19T17:05:48Z,2026-03-20,1,17,11,64.71
2026-03-19T17:05:48Z,2026-03-20,2,17,10,58.82
2026-03-19T17:05:48Z,2026-03-20,3,17,9,52.94
2026-03-19T17:05:53Z,2026-03-21,1,17,12,70.59
2026-03-19T17:05:53Z,2026-03-21,2,17,12,70.59
2026-03-19T17:05:53Z,2026-03-21,3,17,12,70.59
2026-03-19T17:05:58Z,2026-03-22,1,17,12,70.59
2026-03-19T17:05:58Z,2026-03-22,2,17,12,70.59
2026-03-19T17:05:58Z,2026-03-22,3,17,12,70.59
2026-03-19T17:06:03Z,2026-03-23,1,17,7,41.18
2026-03-19T17:06:03Z,2026-03-23,2,17,5,29.41
2026-03-19T17:06:03Z,2026-03-23,3,17,4,23.53
2026-03-19T17:06:08Z,2026-03-24,1,17,7,41.18
2026-03-19T17:06:08Z,2026-03-24,2,17,9.5,55.88
2026-03-19T17:06:08Z,2026-03-24,3,17,4,23.53
2026-03-19T17:06:13Z,2026-03-25,1,17,8,47.06
2026-03-19T17:06:13Z,2026-03-25,2,17,10,58.82
2026-03-19T17:06:13Z,2026-03-25,3,17,5,29.41
2026-03-19T17:10:49Z,2026-03-19,1,17,10,58.82
2026-03-19T17:10:49Z,2026-03-19,2,17,11.5,67.65
2026-03-19T17:10:49Z,2026-03-19,3,17,7,41.18
2026-03-19T17:10:54Z,2026-03-20,1,17,11,64.71
2026-03-19T17:10:54Z,2026-03-20,2,17,10,58.82
2026-03-19T17:10:54Z,2026-03-20,3,17,9,52.94
2026-03-19T17:10:59Z,2026-03-21,1,17,12,70.59
2026-03-19T17:10:59Z,2026-03-21,2,17,12,70.59
2026-03-19T17:10:59Z,2026-03-21,3,17,12,70.59
2026-03-19T17:11:04Z,2026-03-22,1,17,12,70.59
2026-03-19T17:11:04Z,2026-03-22,2,17,12,70.59
2026-03-19T17:11:04Z,2026-03-22,3,17,12,70.59
2026-03-19T17:11:10Z,2026-03-23,1,17,7,41.18
2026-03-19T17:11:10Z,2026-03-23,2,17,5,29.41
2026-03-19T17:11:10Z,2026-03-23,3,17,4,23.53
2026-03-19T17:11:15Z,2026-03-24,1,17,7,41.18
2026-03-19T17:11:15Z,2026-03-24,2,17,9.5,55.88
2026-03-19T17:11:15Z,2026-03-24,3,17,4,23.53
2026-03-19T17:11:20Z,2026-03-25,1,17,8,47.06
2026-03-19T17:11:20Z,2026-03-25,2,17,10,58.82
2026-03-19T17:11:20Z,2026-03-25,3,17,5,29.41
2026-03-19T17:16:02Z,2026-03-19,1,17,10,58.82
2026-03-19T17:16:02Z,2026-03-19,2,17,11.5,67.65
2026-03-19T17:16:02Z,2026-03-19,3,17,7,41.18
2026-03-19T17:16:07Z,2026-03-20,1,17,11,64.71
2026-03-19T17:16:07Z,2026-03-20,2,17,10,58.82
2026-03-19T17:16:07Z,2026-03-20,3,17,9,52.94
2026-03-19T17:16:12Z,2026-03-21,1,17,12,70.59
2026-03-19T17:16:12Z,2026-03-21,2,17,12,70.59
2026-03-19T17:16:12Z,2026-03-21,3,17,12,70.59
2026-03-19T17:16:17Z,2026-03-22,1,17,12,70.59
2026-03-19T17:16:17Z,2026-03-22,2,17,12,70.59
2026-03-19T17:16:17Z,2026-03-22,3,17,12,70.59
2026-03-19T17:16:22Z,2026-03-23,1,17,7,41.18
2026-03-19T17:16:22Z,2026-03-23,2,17,5,29.41
2026-03-19T17:16:22Z,2026-03-23,3,17,4,23.53
2026-03-19T17:16:27Z,2026-03-24,1,17,7,41.18
2026-03-19T17:16:27Z,2026-03-24,2,17,9.5,55.88
2026-03-19T17:16:27Z,2026-03-24,3,17,4,23.53
2026-03-19T17:16:32Z,2026-03-25,1,17,8,47.06
2026-03-19T17:16:32Z,2026-03-25,2,17,10,58.82
2026-03-19T17:16:32Z,2026-03-25,3,17,5,29.41
2026-03-19T17:20:42Z,2026-03-19,1,17,10,58.82
2026-03-19T17:20:42Z,2026-03-19,2,17,11.5,67.65
2026-03-19T17:20:42Z,2026-03-19,3,17,7,41.18
2026-03-19T17:20:47Z,2026-03-20,1,17,11,64.71
2026-03-19T17:20:47Z,2026-03-20,2,17,10,58.82
2026-03-19T17:20:47Z,2026-03-20,3,17,9,52.94
2026-03-19T17:20:53Z,2026-03-21,1,17,12,70.59
2026-03-19T17:20:53Z,2026-03-21,2,17,12,70.59
2026-03-19T17:20:53Z,2026-03-21,3,17,12,70.59
2026-03-19T17:20:58Z,2026-03-22,1,17,12,70.59
2026-03-19T17:20:58Z,2026-03-22,2,17,12,70.59
2026-03-19T17:20:58Z,2026-03-22,3,17,12,70.59
2026-03-19T17:21:03Z,2026-03-23,1,17,7,41.18
2026-03-19T17:21:03Z,2026-03-23,2,17,5,29.41
2026-03-19T17:21:03Z,2026-03-23,3,17,4,23.53
2026-03-19T17:21:08Z,2026-03-24,1,17,7,41.18
2026-03-19T17:21:08Z,2026-03-24,2,17,9.5,55.88
2026-03-19T17:21:08Z,2026-03-24,3,17,4,23.53
2026-03-19T17:21:13Z,2026-03-25,1,17,8,47.06
2026-03-19T17:21:13Z,2026-03-25,2,17,10,58.82
2026-03-19T17:21:13Z,2026-03-25,3,17,5,29.41
2026-03-19T17:25:44Z,2026-03-19,1,17,10,58.82
2026-03-19T17:25:44Z,2026-03-19,2,17,11.5,67.65
2026-03-19T17:25:44Z,2026-03-19,3,17,7,41.18
2026-03-19T17:25:49Z,2026-03-20,1,17,11,64.71
2026-03-19T17:25:49Z,2026-03-20,2,17,10,58.82
2026-03-19T17:25:49Z,2026-03-20,3,17,9,52.94
2026-03-19T17:25:54Z,2026-03-21,1,17,12,70.59
2026-03-19T17:25:54Z,2026-03-21,2,17,12,70.59
2026-03-19T17:25:54Z,2026-03-21,3,17,12,70.59
2026-03-19T17:26:00Z,2026-03-22,1,17,12,70.59
2026-03-19T17:26:00Z,2026-03-22,2,17,12,70.59
2026-03-19T17:26:00Z,2026-03-22,3,17,12,70.59
2026-03-19T17:26:05Z,2026-03-23,1,17,7,41.18
2026-03-19T17:26:05Z,2026-03-23,2,17,5,29.41
2026-03-19T17:26:05Z,2026-03-23,3,17,4,23.53
2026-03-19T17:26:10Z,2026-03-24,1,17,7,41.18
2026-03-19T17:26:10Z,2026-03-24,2,17,9.5,55.88
2026-03-19T17:26:10Z,2026-03-24,3,17,4,23.53
2026-03-19T17:26:15Z,2026-03-25,1,17,8,47.06
2026-03-19T17:26:15Z,2026-03-25,2,17,10,58.82
2026-03-19T17:26:15Z,2026-03-25,3,17,5,29.41
2026-03-19T17:30:43Z,2026-03-19,1,17,10,58.82
2026-03-19T17:30:43Z,2026-03-19,2,17,11.5,67.65
2026-03-19T17:30:43Z,2026-03-19,3,17,7,41.18
2026-03-19T17:30:48Z,2026-03-20,1,17,11,64.71
2026-03-19T17:30:48Z,2026-03-20,2,17,10,58.82
2026-03-19T17:30:48Z,2026-03-20,3,17,9,52.94
2026-03-19T17:30:53Z,2026-03-21,1,17,12,70.59
2026-03-19T17:30:53Z,2026-03-21,2,17,12,70.59
2026-03-19T17:30:53Z,2026-03-21,3,17,12,70.59
2026-03-19T17:30:58Z,2026-03-22,1,17,12,70.59
2026-03-19T17:30:58Z,2026-03-22,2,17,12,70.59
2026-03-19T17:30:58Z,2026-03-22,3,17,12,70.59
2026-03-19T17:31:03Z,2026-03-23,1,17,7,41.18
2026-03-19T17:31:03Z,2026-03-23,2,17,5,29.41
2026-03-19T17:31:03Z,2026-03-23,3,17,4,23.53
2026-03-19T17:31:08Z,2026-03-24,1,17,7,41.18
2026-03-19T17:31:08Z,2026-03-24,2,17,9.5,55.88
2026-03-19T17:31:08Z,2026-03-24,3,17,4,23.53
2026-03-19T17:31:13Z,2026-03-25,1,17,8,47.06
2026-03-19T17:31:13Z,2026-03-25,2,17,10,58.82
2026-03-19T17:31:13Z,2026-03-25,3,17,5,29.41
2026-03-19T17:35:45Z,2026-03-19,1,17,10,58.82
2026-03-19T17:35:45Z,2026-03-19,2,17,11.5,67.65
2026-03-19T17:35:45Z,2026-03-19,3,17,7,41.18
2026-03-19T17:35:50Z,2026-03-20,1,17,11,64.71
2026-03-19T17:35:50Z,2026-03-20,2,17,10,58.82
2026-03-19T17:35:50Z,2026-03-20,3,17,9,52.94
2026-03-19T17:35:56Z,2026-03-21,1,17,12,70.59
2026-03-19T17:35:56Z,2026-03-21,2,17,12,70.59
2026-03-19T17:35:56Z,2026-03-21,3,17,12,70.59
2026-03-19T17:36:01Z,2026-03-22,1,17,12,70.59
2026-03-19T17:36:01Z,2026-03-22,2,17,12,70.59
2026-03-19T17:36:01Z,2026-03-22,3,17,12,70.59
2026-03-19T17:36:06Z,2026-03-23,1,17,7,41.18
2026-03-19T17:36:06Z,2026-03-23,2,17,5,29.41
2026-03-19T17:36:06Z,2026-03-23,3,17,4,23.53
2026-03-19T17:36:11Z,2026-03-24,1,17,7,41.18
2026-03-19T17:36:11Z,2026-03-24,2,17,9.5,55.88
2026-03-19T17:36:11Z,2026-03-24,3,17,4,23.53
2026-03-19T17:36:16Z,2026-03-25,1,17,8,47.06
2026-03-19T17:36:16Z,2026-03-25,2,17,10,58.82
2026-03-19T17:36:16Z,2026-03-25,3,17,5,29.41
2026-03-19T17:40:38Z,2026-03-19,1,17,10,58.82
2026-03-19T17:40:38Z,2026-03-19,2,17,11.5,67.65
2026-03-19T17:40:38Z,2026-03-19,3,17,7,41.18
2026-03-19T17:40:43Z,2026-03-20,1,17,11,64.71
2026-03-19T17:40:43Z,2026-03-20,2,17,10,58.82
2026-03-19T17:40:43Z,2026-03-20,3,17,9,52.94
2026-03-19T17:40:48Z,2026-03-21,1,17,12,70.59
2026-03-19T17:40:48Z,2026-03-21,2,17,12,70.59
2026-03-19T17:40:48Z,2026-03-21,3,17,12,70.59
2026-03-19T17:40:54Z,2026-03-22,1,17,12,70.59
2026-03-19T17:40:54Z,2026-03-22,2,17,12,70.59
2026-03-19T17:40:54Z,2026-03-22,3,17,12,70.59
2026-03-19T17:40:59Z,2026-03-23,1,17,7,41.18
2026-03-19T17:40:59Z,2026-03-23,2,17,5,29.41
2026-03-19T17:40:59Z,2026-03-23,3,17,4,23.53
2026-03-19T17:41:04Z,2026-03-24,1,17,7,41.18
2026-03-19T17:41:04Z,2026-03-24,2,17,9.5,55.88
2026-03-19T17:41:04Z,2026-03-24,3,17,4,23.53
2026-03-19T17:41:09Z,2026-03-25,1,17,8,47.06
2026-03-19T17:41:09Z,2026-03-25,2,17,10,58.82
2026-03-19T17:41:09Z,2026-03-25,3,17,5,29.41
2026-03-19T17:45:45Z,2026-03-19,1,17,10,58.82
2026-03-19T17:45:45Z,2026-03-19,2,17,11.5,67.65
2026-03-19T17:45:45Z,2026-03-19,3,17,7,41.18
2026-03-19T17:45:50Z,2026-03-20,1,17,11,64.71
2026-03-19T17:45:50Z,2026-03-20,2,17,10,58.82
2026-03-19T17:45:50Z,2026-03-20,3,17,9,52.94
2026-03-19T17:45:55Z,2026-03-21,1,17,12,70.59
2026-03-19T17:45:55Z,2026-03-21,2,17,12,70.59
2026-03-19T17:45:55Z,2026-03-21,3,17,12,70.59
2026-03-19T17:46:00Z,2026-03-22,1,17,12,70.59
2026-03-19T17:46:00Z,2026-03-22,2,17,12,70.59
2026-03-19T17:46:00Z,2026-03-22,3,17,12,70.59
2026-03-19T17:46:05Z,2026-03-23,1,17,7,41.18
2026-03-19T17:46:05Z,2026-03-23,2,17,5,29.41
2026-03-19T17:46:05Z,2026-03-23,3,17,4,23.53
2026-03-19T17:46:10Z,2026-03-24,1,17,7,41.18
2026-03-19T17:46:10Z,2026-03-24,2,17,9.5,55.88
2026-03-19T17:46:10Z,2026-03-24,3,17,4,23.53
2026-03-19T17:46:15Z,2026-03-25,1,17,8,47.06
2026-03-19T17:46:15Z,2026-03-25,2,17,10,58.82
2026-03-19T17:46:15Z,2026-03-25,3,17,5,29.41
2026-03-19T17:50:48Z,2026-03-19,1,17,10,58.82
2026-03-19T17:50:48Z,2026-03-19,2,17,11.5,67.65
2026-03-19T17:50:48Z,2026-03-19,3,17,7,41.18
2026-03-19T17:50:53Z,2026-03-20,1,17,11,64.71
2026-03-19T17:50:53Z,2026-03-20,2,17,10,58.82
2026-03-19T17:50:53Z,2026-03-20,3,17,9,52.94
2026-03-19T17:50:58Z,2026-03-21,1,17,12,70.59
2026-03-19T17:50:58Z,2026-03-21,2,17,12,70.59
2026-03-19T17:50:58Z,2026-03-21,3,17,12,70.59
2026-03-19T17:51:03Z,2026-03-22,1,17,12,70.59
2026-03-19T17:51:03Z,2026-03-22,2,17,12,70.59
2026-03-19T17:51:03Z,2026-03-22,3,17,12,70.59
2026-03-19T17:51:08Z,2026-03-23,1,17,7,41.18
2026-03-19T17:51:08Z,2026-03-23,2,17,5,29.41
2026-03-19T17:51:08Z,2026-03-23,3,17,4,23.53
2026-03-19T17:51:14Z,2026-03-24,1,17,7,41.18
2026-03-19T17:51:14Z,2026-03-24,2,17,9.5,55.88
2026-03-19T17:51:14Z,2026-03-24,3,17,4,23.53
2026-03-19T17:51:19Z,2026-03-25,1,17,8,47.06
2026-03-19T17:51:19Z,2026-03-25,2,17,10,58.82
2026-03-19T17:51:19Z,2026-03-25,3,17,5,29.41
2026-03-19T17:55:42Z,2026-03-19,1,17,10,58.82
2026-03-19T17:55:42Z,2026-03-19,2,17,11.5,67.65
2026-03-19T17:55:42Z,2026-03-19,3,17,7,41.18
2026-03-19T17:55:47Z,2026-03-20,1,17,11,64.71
2026-03-19T17:55:47Z,2026-03-20,2,17,10,58.82
2026-03-19T17:55:47Z,2026-03-20,3,17,9,52.94
2026-03-19T17:55:53Z,2026-03-21,1,17,12,70.59
2026-03-19T17:55:53Z,2026-03-21,2,17,12,70.59
2026-03-19T17:55:53Z,2026-03-21,3,17,12,70.59
2026-03-19T17:55:58Z,2026-03-22,1,17,12,70.59
2026-03-19T17:55:58Z,2026-03-22,2,17,12,70.59
2026-03-19T17:55:58Z,2026-03-22,3,17,12,70.59
2026-03-19T17:56:03Z,2026-03-23,1,17,7,41.18
2026-03-19T17:56:03Z,2026-03-23,2,17,5,29.41
2026-03-19T17:56:03Z,2026-03-23,3,17,4,23.53
2026-03-19T17:56:08Z,2026-03-24,1,17,7,41.18
2026-03-19T17:56:08Z,2026-03-24,2,17,9.5,55.88
2026-03-19T17:56:08Z,2026-03-24,3,17,4,23.53
2026-03-19T17:56:13Z,2026-03-25,1,17,8,47.06
2026-03-19T17:56:13Z,2026-03-25,2,17,10,58.82
2026-03-19T17:56:13Z,2026-03-25,3,17,5,29.41
2026-03-19T18:00:59Z,2026-03-19,1,17,10,58.82
2026-03-19T18:00:59Z,2026-03-19,2,17,11.5,67.65
2026-03-19T18:00:59Z,2026-03-19,3,17,7,41.18
2026-03-19T18:01:04Z,2026-03-20,1,17,11,64.71
2026-03-19T18:01:04Z,2026-03-20,2,17,10,58.82
2026-03-19T18:01:04Z,2026-03-20,3,17,9,52.94
2026-03-19T18:01:09Z,2026-03-21,1,17,12,70.59
2026-03-19T18:01:09Z,2026-03-21,2,17,12,70.59
2026-03-19T18:01:09Z,2026-03-21,3,17,12,70.59
2026-03-19T18:01:14Z,2026-03-22,1,17,12,70.59
2026-03-19T18:01:14Z,2026-03-22,2,17,12,70.59
2026-03-19T18:01:14Z,2026-03-22,3,17,12,70.59
2026-03-19T18:01:19Z,2026-03-23,1,17,7,41.18
2026-03-19T18:01:19Z,2026-03-23,2,17,5,29.41
2026-03-19T18:01:19Z,2026-03-23,3,17,4,23.53
2026-03-19T18:01:24Z,2026-03-24,1,17,7,41.18
2026-03-19T18:01:24Z,2026-03-24,2,17,9.5,55.88
2026-03-19T18:01:24Z,2026-03-24,3,17,4,23.53
2026-03-19T18:01:30Z,2026-03-25,1,17,8,47.06
2026-03-19T18:01:30Z,2026-03-25,2,17,10,58.82
2026-03-19T18:01:30Z,2026-03-25,3,17,5,29.41
2026-03-19T18:05:39Z,2026-03-19,1,17,10,58.82
2026-03-19T18:05:39Z,2026-03-19,2,17,11.5,67.65
2026-03-19T18:05:39Z,2026-03-19,3,17,7,41.18
2026-03-19T18:05:44Z,2026-03-20,1,17,11,64.71
2026-03-19T18:05:44Z,2026-03-20,2,17,10,58.82
2026-03-19T18:05:44Z,2026-03-20,3,17,9,52.94
2026-03-19T18:05:49Z,2026-03-21,1,17,12,70.59
2026-03-19T18:05:49Z,2026-03-21,2,17,12,70.59
2026-03-19T18:05:49Z,2026-03-21,3,17,12,70.59
2026-03-19T18:05:54Z,2026-03-22,1,17,12,70.59
2026-03-19T18:05:54Z,2026-03-22,2,17,12,70.59
2026-03-19T18:05:54Z,2026-03-22,3,17,12,70.59
2026-03-19T18:05:59Z,2026-03-23,1,17,7,41.18
2026-03-19T18:05:59Z,2026-03-23,2,17,5,29.41
2026-03-19T18:05:59Z,2026-03-23,3,17,4,23.53
2026-03-19T18:06:04Z,2026-03-24,1,17,7,41.18
2026-03-19T18:06:04Z,2026-03-24,2,17,9.5,55.88
2026-03-19T18:06:04Z,2026-03-24,3,17,4,23.53
2026-03-19T18:06:10Z,2026-03-25,1,17,8,47.06
2026-03-19T18:06:10Z,2026-03-25,2,17,10,58.82
2026-03-19T18:06:10Z,2026-03-25,3,17,5,29.41
2026-03-19T18:10:49Z,2026-03-19,1,17,10,58.82
2026-03-19T18:10:49Z,2026-03-19,2,17,11.5,67.65
2026-03-19T18:10:49Z,2026-03-19,3,17,7,41.18
2026-03-19T18:10:54Z,2026-03-20,1,17,11,64.71
2026-03-19T18:10:54Z,2026-03-20,2,17,10,58.82
2026-03-19T18:10:54Z,2026-03-20,3,17,9,52.94
2026-03-19T18:10:59Z,2026-03-21,1,17,12,70.59
2026-03-19T18:10:59Z,2026-03-21,2,17,12,70.59
2026-03-19T18:10:59Z,2026-03-21,3,17,12,70.59
2026-03-19T18:11:04Z,2026-03-22,1,17,12,70.59
2026-03-19T18:11:04Z,2026-03-22,2,17,12,70.59
2026-03-19T18:11:04Z,2026-03-22,3,17,12,70.59
2026-03-19T18:11:09Z,2026-03-23,1,17,7,41.18
2026-03-19T18:11:09Z,2026-03-23,2,17,5,29.41
2026-03-19T18:11:09Z,2026-03-23,3,17,4,23.53
2026-03-19T18:11:14Z,2026-03-24,1,17,7,41.18
2026-03-19T18:11:14Z,2026-03-24,2,17,9.5,55.88
2026-03-19T18:11:14Z,2026-03-24,3,17,4,23.53
2026-03-19T18:11:19Z,2026-03-25,1,17,8,47.06
2026-03-19T18:11:19Z,2026-03-25,2,17,10,58.82
2026-03-19T18:11:19Z,2026-03-25,3,17,5,29.41
2026-03-19T18:15:48Z,2026-03-19,1,17,10,58.82
2026-03-19T18:15:48Z,2026-03-19,2,17,11.5,67.65
2026-03-19T18:15:48Z,2026-03-19,3,17,7,41.18
2026-03-19T18:15:53Z,2026-03-20,1,17,11,64.71
2026-03-19T18:15:53Z,2026-03-20,2,17,10,58.82
2026-03-19T18:15:53Z,2026-03-20,3,17,9,52.94
2026-03-19T18:15:58Z,2026-03-21,1,17,12,70.59
2026-03-19T18:15:58Z,2026-03-21,2,17,12,70.59
2026-03-19T18:15:58Z,2026-03-21,3,17,12,70.59
2026-03-19T18:16:04Z,2026-03-22,1,17,12,70.59
2026-03-19T18:16:04Z,2026-03-22,2,17,12,70.59
2026-03-19T18:16:04Z,2026-03-22,3,17,12,70.59
2026-03-19T18:16:09Z,2026-03-23,1,17,7,41.18
2026-03-19T18:16:09Z,2026-03-23,2,17,5,29.41
2026-03-19T18:16:09Z,2026-03-23,3,17,4,23.53
2026-03-19T18:16:14Z,2026-03-24,1,17,7,41.18
2026-03-19T18:16:14Z,2026-03-24,2,17,9.5,55.88
2026-03-19T18:16:14Z,2026-03-24,3,17,4,23.53
2026-03-19T18:16:19Z,2026-03-25,1,17,8,47.06
2026-03-19T18:16:19Z,2026-03-25,2,17,10,58.82
2026-03-19T18:16:19Z,2026-03-25,3,17,5,29.41
2026-03-19T18:20:48Z,2026-03-19,1,17,10,58.82
2026-03-19T18:20:48Z,2026-03-19,2,17,11.5,67.65
2026-03-19T18:20:48Z,2026-03-19,3,17,7,41.18
2026-03-19T18:20:53Z,2026-03-20,1,17,11,64.71
2026-03-19T18:20:53Z,2026-03-20,2,17,10,58.82
2026-03-19T18:20:53Z,2026-03-20,3,17,9,52.94
2026-03-19T18:20:58Z,2026-03-21,1,17,12,70.59
2026-03-19T18:20:58Z,2026-03-21,2,17,12,70.59
2026-03-19T18:20:58Z,2026-03-21,3,17,12,70.59
2026-03-19T18:21:03Z,2026-03-22,1,17,12,70.59
2026-03-19T18:21:03Z,2026-03-22,2,17,12,70.59
2026-03-19T18:21:03Z,2026-03-22,3,17,12,70.59
2026-03-19T18:21:08Z,2026-03-23,1,17,7,41.18
2026-03-19T18:21:08Z,2026-03-23,2,17,5,29.41
2026-03-19T18:21:08Z,2026-03-23,3,17,4,23.53
2026-03-19T18:21:13Z,2026-03-24,1,17,7,41.18
2026-03-19T18:21:13Z,2026-03-24,2,17,9.5,55.88
2026-03-19T18:21:13Z,2026-03-24,3,17,4,23.53
2026-03-19T18:21:18Z,2026-03-25,1,17,8,47.06
2026-03-19T18:21:18Z,2026-03-25,2,17,10,58.82
2026-03-19T18:21:18Z,2026-03-25,3,17,5,29.41
2026-03-19T18:25:40Z,2026-03-19,1,17,10,58.82
2026-03-19T18:25:40Z,2026-03-19,2,17,11.5,67.65
2026-03-19T18:25:40Z,2026-03-19,3,17,7,41.18
2026-03-19T18:25:45Z,2026-03-20,1,17,11,64.71
2026-03-19T18:25:45Z,2026-03-20,2,17,10,58.82
2026-03-19T18:25:45Z,2026-03-20,3,17,9,52.94
2026-03-19T18:25:50Z,2026-03-21,1,17,12,70.59
2026-03-19T18:25:50Z,2026-03-21,2,17,12,70.59
2026-03-19T18:25:50Z,2026-03-21,3,17,12,70.59
2026-03-19T18:25:55Z,2026-03-22,1,17,12,70.59
2026-03-19T18:25:55Z,2026-03-22,2,17,12,70.59
2026-03-19T18:25:55Z,2026-03-22,3,17,12,70.59
2026-03-19T18:26:00Z,2026-03-23,1,17,7,41.18
2026-03-19T18:26:00Z,2026-03-23,2,17,5,29.41
2026-03-19T18:26:00Z,2026-03-23,3,17,4,23.53
2026-03-19T18:26:05Z,2026-03-24,1,17,7,41.18
2026-03-19T18:26:05Z,2026-03-24,2,17,9.5,55.88
2026-03-19T18:26:05Z,2026-03-24,3,17,4,23.53
2026-03-19T18:26:10Z,2026-03-25,1,17,8,47.06
2026-03-19T18:26:10Z,2026-03-25,2,17,10,58.82
2026-03-19T18:26:10Z,2026-03-25,3,17,5,29.41
2026-03-19T18:30:57Z,2026-03-19,1,17,10,58.82
2026-03-19T18:30:57Z,2026-03-19,2,17,11.5,67.65
2026-03-19T18:30:57Z,2026-03-19,3,17,7,41.18
2026-03-19T18:31:02Z,2026-03-20,1,17,11,64.71
2026-03-19T18:31:02Z,2026-03-20,2,17,10,58.82
2026-03-19T18:31:02Z,2026-03-20,3,17,9,52.94
2026-03-19T18:31:07Z,2026-03-21,1,17,12,70.59
2026-03-19T18:31:07Z,2026-03-21,2,17,12,70.59
2026-03-19T18:31:07Z,2026-03-21,3,17,12,70.59
2026-03-19T18:31:12Z,2026-03-22,1,17,12,70.59
2026-03-19T18:31:12Z,2026-03-22,2,17,12,70.59
2026-03-19T18:31:12Z,2026-03-22,3,17,12,70.59
2026-03-19T18:31:17Z,2026-03-23,1,17,7,41.18
2026-03-19T18:31:17Z,2026-03-23,2,17,5,29.41
2026-03-19T18:31:17Z,2026-03-23,3,17,4,23.53
2026-03-19T18:31:22Z,2026-03-24,1,17,7,41.18
2026-03-19T18:31:22Z,2026-03-24,2,17,9.5,55.88
2026-03-19T18:31:22Z,2026-03-24,3,17,4,23.53
2026-03-19T18:31:27Z,2026-03-25,1,17,8,47.06
2026-03-19T18:31:27Z,2026-03-25,2,17,10,58.82
2026-03-19T18:31:27Z,2026-03-25,3,17,5,29.41
2026-03-19T18:35:44Z,2026-03-19,1,17,10,58.82
2026-03-19T18:35:44Z,2026-03-19,2,17,11.5,67.65
2026-03-19T18:35:44Z,2026-03-19,3,17,7,41.18
2026-03-19T18:35:49Z,2026-03-20,1,17,11,64.71
2026-03-19T18:35:49Z,2026-03-20,2,17,10,58.82
2026-03-19T18:35:49Z,2026-03-20,3,17,9,52.94
2026-03-19T18:35:54Z,2026-03-21,1,17,12,70.59
2026-03-19T18:35:54Z,2026-03-21,2,17,12,70.59
2026-03-19T18:35:54Z,2026-03-21,3,17,12,70.59
2026-03-19T18:35:59Z,2026-03-22,1,17,12,70.59
2026-03-19T18:35:59Z,2026-03-22,2,17,12,70.59
2026-03-19T18:35:59Z,2026-03-22,3,17,12,70.59
2026-03-19T18:36:04Z,2026-03-23,1,17,7,41.18
2026-03-19T18:36:04Z,2026-03-23,2,17,5,29.41
2026-03-19T18:36:04Z,2026-03-23,3,17,4,23.53
2026-03-19T18:36:09Z,2026-03-24,1,17,7,41.18
2026-03-19T18:36:09Z,2026-03-24,2,17,9.5,55.88
2026-03-19T18:36:09Z,2026-03-24,3,17,4,23.53
2026-03-19T18:36:15Z,2026-03-25,1,17,8,47.06
2026-03-19T18:36:15Z,2026-03-25,2,17,10,58.82
2026-03-19T18:36:15Z,2026-03-25,3,17,5,29.41
2026-03-19T18:40:42Z,2026-03-19,1,17,10,58.82
2026-03-19T18:40:42Z,2026-03-19,2,17,11.5,67.65
2026-03-19T18:40:42Z,2026-03-19,3,17,7,41.18
2026-03-19T18:40:47Z,2026-03-20,1,17,11,64.71
2026-03-19T18:40:47Z,2026-03-20,2,17,10,58.82
2026-03-19T18:40:47Z,2026-03-20,3,17,9,52.94
2026-03-19T18:40:52Z,2026-03-21,1,17,12,70.59
2026-03-19T18:40:52Z,2026-03-21,2,17,12,70.59
2026-03-19T18:40:52Z,2026-03-21,3,17,12,70.59
2026-03-19T18:40:57Z,2026-03-22,1,17,12,70.59
2026-03-19T18:40:57Z,2026-03-22,2,17,12,70.59
2026-03-19T18:40:57Z,2026-03-22,3,17,12,70.59
2026-03-19T18:41:03Z,2026-03-23,1,17,7,41.18
2026-03-19T18:41:03Z,2026-03-23,2,17,5,29.41
2026-03-19T18:41:03Z,2026-03-23,3,17,4,23.53
2026-03-19T18:41:08Z,2026-03-24,1,17,7,41.18
2026-03-19T18:41:08Z,2026-03-24,2,17,9.5,55.88
2026-03-19T18:41:08Z,2026-03-24,3,17,4,23.53
2026-03-19T18:41:13Z,2026-03-25,1,17,8,47.06
2026-03-19T18:41:13Z,2026-03-25,2,17,10,58.82
2026-03-19T18:41:13Z,2026-03-25,3,17,5,29.41
2026-03-19T18:45:44Z,2026-03-19,1,17,10,58.82
2026-03-19T18:45:44Z,2026-03-19,2,17,11.5,67.65
2026-03-19T18:45:44Z,2026-03-19,3,17,7,41.18
2026-03-19T18:45:49Z,2026-03-20,1,17,11,64.71
2026-03-19T18:45:49Z,2026-03-20,2,17,10,58.82
2026-03-19T18:45:49Z,2026-03-20,3,17,9,52.94
2026-03-19T18:45:54Z,2026-03-21,1,17,12,70.59
2026-03-19T18:45:54Z,2026-03-21,2,17,12,70.59
2026-03-19T18:45:54Z,2026-03-21,3,17,12,70.59
2026-03-19T18:45:59Z,2026-03-22,1,17,12,70.59
2026-03-19T18:45:59Z,2026-03-22,2,17,12,70.59
2026-03-19T18:45:59Z,2026-03-22,3,17,12,70.59
2026-03-19T18:46:04Z,2026-03-23,1,17,7,41.18
2026-03-19T18:46:04Z,2026-03-23,2,17,5,29.41
2026-03-19T18:46:04Z,2026-03-23,3,17,4,23.53
2026-03-19T18:46:09Z,2026-03-24,1,17,7,41.18
2026-03-19T18:46:09Z,2026-03-24,2,17,9.5,55.88
2026-03-19T18:46:09Z,2026-03-24,3,17,4,23.53
2026-03-19T18:46:14Z,2026-03-25,1,17,8,47.06
2026-03-19T18:46:14Z,2026-03-25,2,17,10,58.82
2026-03-19T18:46:14Z,2026-03-25,3,17,5,29.41
2026-03-19T18:50:49Z,2026-03-19,1,17,10,58.82
2026-03-19T18:50:49Z,2026-03-19,2,17,11.5,67.65
2026-03-19T18:50:49Z,2026-03-19,3,17,7,41.18
2026-03-19T18:50:54Z,2026-03-20,1,17,11,64.71
2026-03-19T18:50:54Z,2026-03-20,2,17,10,58.82
2026-03-19T18:50:54Z,2026-03-20,3,17,9,52.94
2026-03-19T18:50:59Z,2026-03-21,1,17,12,70.59
2026-03-19T18:50:59Z,2026-03-21,2,17,12,70.59
2026-03-19T18:50:59Z,2026-03-21,3,17,12,70.59
2026-03-19T18:51:04Z,2026-03-22,1,17,12,70.59
2026-03-19T18:51:04Z,2026-03-22,2,17,12,70.59
2026-03-19T18:51:04Z,2026-03-22,3,17,12,70.59
2026-03-19T18:51:09Z,2026-03-23,1,17,7,41.18
2026-03-19T18:51:09Z,2026-03-23,2,17,5,29.41
2026-03-19T18:51:09Z,2026-03-23,3,17,4,23.53
2026-03-19T18:51:15Z,2026-03-24,1,17,7,41.18
2026-03-19T18:51:15Z,2026-03-24,2,17,9.5,55.88
2026-03-19T18:51:15Z,2026-03-24,3,17,4,23.53
2026-03-19T18:51:20Z,2026-03-25,1,17,8,47.06
2026-03-19T18:51:20Z,2026-03-25,2,17,10,58.82
2026-03-19T18:51:20Z,2026-03-25,3,17,5,29.41
2026-03-19T18:55:49Z,2026-03-19,1,17,10,58.82
2026-03-19T18:55:49Z,2026-03-19,2,17,11.5,67.65
2026-03-19T18:55:49Z,2026-03-19,3,17,7,41.18
2026-03-19T18:55:55Z,2026-03-20,1,17,11,64.71
2026-03-19T18:55:55Z,2026-03-20,2,17,10,58.82
2026-03-19T18:55:55Z,2026-03-20,3,17,9,52.94
2026-03-19T18:56:00Z,2026-03-21,1,17,12,70.59
2026-03-19T18:56:00Z,2026-03-21,2,17,12,70.59
2026-03-19T18:56:00Z,2026-03-21,3,17,12,70.59
2026-03-19T18:56:05Z,2026-03-22,1,17,12,70.59
2026-03-19T18:56:05Z,2026-03-22,2,17,12,70.59
2026-03-19T18:56:05Z,2026-03-22,3,17,12,70.59
2026-03-19T18:56:10Z,2026-03-23,1,17,7,41.18
2026-03-19T18:56:10Z,2026-03-23,2,17,5,29.41
2026-03-19T18:56:10Z,2026-03-23,3,17,4,23.53
2026-03-19T18:56:15Z,2026-03-24,1,17,7,41.18
2026-03-19T18:56:15Z,2026-03-24,2,17,9.5,55.88
2026-03-19T18:56:15Z,2026-03-24,3,17,4,23.53
2026-03-19T18:56:20Z,2026-03-25,1,17,8,47.06
2026-03-19T18:56:20Z,2026-03-25,2,17,10,58.82
2026-03-19T18:56:20Z,2026-03-25,3,17,5,29.41
2026-03-19T19:00:43Z,2026-03-19,1,17,10,58.82
2026-03-19T19:00:43Z,2026-03-19,2,17,11.5,67.65
2026-03-19T19:00:43Z,2026-03-19,3,17,7,41.18
2026-03-19T19:00:48Z,2026-03-20,1,17,11,64.71
2026-03-19T19:00:48Z,2026-03-20,2,17,10,58.82
2026-03-19T19:00:48Z,2026-03-20,3,17,9,52.94
2026-03-19T19:00:53Z,2026-03-21,1,17,12,70.59
2026-03-19T19:00:53Z,2026-03-21,2,17,12,70.59
2026-03-19T19:00:53Z,2026-03-21,3,17,12,70.59
2026-03-19T19:00:58Z,2026-03-22,1,17,12,70.59
2026-03-19T19:00:58Z,2026-03-22,2,17,12,70.59
2026-03-19T19:00:58Z,2026-03-22,3,17,12,70.59
2026-03-19T19:01:03Z,2026-03-23,1,17,7,41.18
2026-03-19T19:01:03Z,2026-03-23,2,17,5,29.41
2026-03-19T19:01:03Z,2026-03-23,3,17,4,23.53
2026-03-19T19:01:08Z,2026-03-24,1,17,7,41.18
2026-03-19T19:01:08Z,2026-03-24,2,17,9.5,55.88
2026-03-19T19:01:08Z,2026-03-24,3,17,4,23.53
2026-03-19T19:01:13Z,2026-03-25,1,17,8,47.06
2026-03-19T19:01:13Z,2026-03-25,2,17,10,58.82
2026-03-19T19:01:13Z,2026-03-25,3,17,5,29.41
2026-03-19T19:05:40Z,2026-03-19,1,17,10,58.82
2026-03-19T19:05:40Z,2026-03-19,2,17,11.5,67.65
2026-03-19T19:05:40Z,2026-03-19,3,17,7,41.18
2026-03-19T19:05:45Z,2026-03-20,1,17,11,64.71
2026-03-19T19:05:45Z,2026-03-20,2,17,10,58.82
2026-03-19T19:05:45Z,2026-03-20,3,17,9,52.94
2026-03-19T19:05:50Z,2026-03-21,1,17,12,70.59
2026-03-19T19:05:50Z,2026-03-21,2,17,12,70.59
2026-03-19T19:05:50Z,2026-03-21,3,17,12,70.59
2026-03-19T19:05:55Z,2026-03-22,1,17,12,70.59
2026-03-19T19:05:55Z,2026-03-22,2,17,12,70.59
2026-03-19T19:05:55Z,2026-03-22,3,17,12,70.59
2026-03-19T19:06:00Z,2026-03-23,1,17,7,41.18
2026-03-19T19:06:00Z,2026-03-23,2,17,5,29.41
2026-03-19T19:06:00Z,2026-03-23,3,17,4,23.53
2026-03-19T19:06:05Z,2026-03-24,1,17,7,41.18
2026-03-19T19:06:05Z,2026-03-24,2,17,9.5,55.88
2026-03-19T19:06:05Z,2026-03-24,3,17,4,23.53
2026-03-19T19:06:11Z,2026-03-25,1,17,8,47.06
2026-03-19T19:06:11Z,2026-03-25,2,17,10,58.82
2026-03-19T19:06:11Z,2026-03-25,3,17,5,29.41
2026-03-19T19:10:39Z,2026-03-19,1,17,10,58.82
2026-03-19T19:10:39Z,2026-03-19,2,17,11.5,67.65
2026-03-19T19:10:39Z,2026-03-19,3,17,7,41.18
2026-03-19T19:10:44Z,2026-03-20,1,17,11,64.71
2026-03-19T19:10:44Z,2026-03-20,2,17,10,58.82
2026-03-19T19:10:44Z,2026-03-20,3,17,9,52.94
2026-03-19T19:10:49Z,2026-03-21,1,17,12,70.59
2026-03-19T19:10:49Z,2026-03-21,2,17,12,70.59
2026-03-19T19:10:49Z,2026-03-21,3,17,12,70.59
2026-03-19T19:10:54Z,2026-03-22,1,17,12,70.59
2026-03-19T19:10:54Z,2026-03-22,2,17,12,70.59
2026-03-19T19:10:54Z,2026-03-22,3,17,12,70.59
2026-03-19T19:10:59Z,2026-03-23,1,17,7,41.18
2026-03-19T19:10:59Z,2026-03-23,2,17,5,29.41
2026-03-19T19:10:59Z,2026-03-23,3,17,4,23.53
2026-03-19T19:11:04Z,2026-03-24,1,17,7,41.18
2026-03-19T19:11:04Z,2026-03-24,2,17,9.5,55.88
2026-03-19T19:11:04Z,2026-03-24,3,17,4,23.53
2026-03-19T19:11:09Z,2026-03-25,1,17,8,47.06
2026-03-19T19:11:09Z,2026-03-25,2,17,10,58.82
2026-03-19T19:11:09Z,2026-03-25,3,17,5,29.41
2026-03-19T19:15:48Z,2026-03-19,1,17,10,58.82
2026-03-19T19:15:48Z,2026-03-19,2,17,11.5,67.65
2026-03-19T19:15:48Z,2026-03-19,3,17,7,41.18
2026-03-19T19:15:53Z,2026-03-20,1,17,11,64.71
2026-03-19T19:15:53Z,2026-03-20,2,17,10,58.82
2026-03-19T19:15:53Z,2026-03-20,3,17,9,52.94
2026-03-19T19:15:59Z,2026-03-21,1,17,12,70.59
2026-03-19T19:15:59Z,2026-03-21,2,17,12,70.59
2026-03-19T19:15:59Z,2026-03-21,3,17,12,70.59
2026-03-19T19:16:04Z,2026-03-22,1,17,12,70.59
2026-03-19T19:16:04Z,2026-03-22,2,17,12,70.59
2026-03-19T19:16:04Z,2026-03-22,3,17,12,70.59
2026-03-19T19:16:09Z,2026-03-23,1,17,7,41.18
2026-03-19T19:16:09Z,2026-03-23,2,17,5,29.41
2026-03-19T19:16:09Z,2026-03-23,3,17,4,23.53
2026-03-19T19:16:14Z,2026-03-24,1,17,7,41.18
2026-03-19T19:16:14Z,2026-03-24,2,17,9.5,55.88
2026-03-19T19:16:14Z,2026-03-24,3,17,4,23.53
2026-03-19T19:16:19Z,2026-03-25,1,17,8,47.06
2026-03-19T19:16:19Z,2026-03-25,2,17,10,58.82
2026-03-19T19:16:19Z,2026-03-25,3,17,5,29.41
2026-03-19T19:20:51Z,2026-03-19,1,17,10,58.82
2026-03-19T19:20:51Z,2026-03-19,2,17,11.5,67.65
2026-03-19T19:20:51Z,2026-03-19,3,17,7,41.18
2026-03-19T19:20:56Z,2026-03-20,1,17,11,64.71
2026-03-19T19:20:56Z,2026-03-20,2,17,10,58.82
2026-03-19T19:20:56Z,2026-03-20,3,17,9,52.94
2026-03-19T19:21:01Z,2026-03-21,1,17,12,70.59
2026-03-19T19:21:01Z,2026-03-21,2,17,12,70.59
2026-03-19T19:21:01Z,2026-03-21,3,17,12,70.59
2026-03-19T19:21:06Z,2026-03-22,1,17,12,70.59
2026-03-19T19:21:06Z,2026-03-22,2,17,12,70.59
2026-03-19T19:21:06Z,2026-03-22,3,17,12,70.59
2026-03-19T19:21:11Z,2026-03-23,1,17,7,41.18
2026-03-19T19:21:11Z,2026-03-23,2,17,5,29.41
2026-03-19T19:21:11Z,2026-03-23,3,17,4,23.53
2026-03-19T19:21:16Z,2026-03-24,1,17,7,41.18
2026-03-19T19:21:16Z,2026-03-24,2,17,9.5,55.88
2026-03-19T19:21:16Z,2026-03-24,3,17,4,23.53
2026-03-19T19:21:21Z,2026-03-25,1,17,8,47.06
2026-03-19T19:21:21Z,2026-03-25,2,17,10,58.82
2026-03-19T19:21:21Z,2026-03-25,3,17,5,29.41
2026-03-19T19:25:42Z,2026-03-19,1,17,10,58.82
2026-03-19T19:25:42Z,2026-03-19,2,17,11.5,67.65
2026-03-19T19:25:42Z,2026-03-19,3,17,7,41.18
2026-03-19T19:25:47Z,2026-03-20,1,17,11,64.71
2026-03-19T19:25:47Z,2026-03-20,2,17,10,58.82
2026-03-19T19:25:47Z,2026-03-20,3,17,9,52.94
2026-03-19T19:25:53Z,2026-03-21,1,17,12,70.59
2026-03-19T19:25:53Z,2026-03-21,2,17,12,70.59
2026-03-19T19:25:53Z,2026-03-21,3,17,12,70.59
2026-03-19T19:25:58Z,2026-03-22,1,17,12,70.59
2026-03-19T19:25:58Z,2026-03-22,2,17,12,70.59
2026-03-19T19:25:58Z,2026-03-22,3,17,12,70.59
2026-03-19T19:26:03Z,2026-03-23,1,17,7,41.18
2026-03-19T19:26:03Z,2026-03-23,2,17,5,29.41
2026-03-19T19:26:03Z,2026-03-23,3,17,4,23.53
2026-03-19T19:26:08Z,2026-03-24,1,17,7,41.18
2026-03-19T19:26:08Z,2026-03-24,2,17,9.5,55.88
2026-03-19T19:26:08Z,2026-03-24,3,17,4,23.53
2026-03-19T19:26:13Z,2026-03-25,1,17,8,47.06
2026-03-19T19:26:13Z,2026-03-25,2,17,10,58.82
2026-03-19T19:26:13Z,2026-03-25,3,17,5,29.41
2026-03-19T19:30:44Z,2026-03-19,1,17,10,58.82
2026-03-19T19:30:44Z,2026-03-19,2,17,11.5,67.65
2026-03-19T19:30:44Z,2026-03-19,3,17,7,41.18
2026-03-19T19:30:50Z,2026-03-20,1,17,11,64.71
2026-03-19T19:30:50Z,2026-03-20,2,17,10,58.82
2026-03-19T19:30:50Z,2026-03-20,3,17,9,52.94
2026-03-19T19:30:55Z,2026-03-21,1,17,12,70.59
2026-03-19T19:30:55Z,2026-03-21,2,17,12,70.59
2026-03-19T19:30:55Z,2026-03-21,3,17,12,70.59
2026-03-19T19:31:00Z,2026-03-22,1,17,12,70.59
2026-03-19T19:31:00Z,2026-03-22,2,17,12,70.59
2026-03-19T19:31:00Z,2026-03-22,3,17,12,70.59
2026-03-19T19:31:05Z,2026-03-23,1,17,7,41.18
2026-03-19T19:31:05Z,2026-03-23,2,17,5,29.41
2026-03-19T19:31:05Z,2026-03-23,3,17,4,23.53
2026-03-19T19:31:10Z,2026-03-24,1,17,7,41.18
2026-03-19T19:31:10Z,2026-03-24,2,17,9.5,55.88
2026-03-19T19:31:10Z,2026-03-24,3,17,4,23.53
2026-03-19T19:31:15Z,2026-03-25,1,17,8,47.06
2026-03-19T19:31:15Z,2026-03-25,2,17,10,58.82
2026-03-19T19:31:15Z,2026-03-25,3,17,5,29.41
2026-03-19T19:35:44Z,2026-03-19,1,17,10,58.82
2026-03-19T19:35:44Z,2026-03-19,2,17,11.5,67.65
2026-03-19T19:35:44Z,2026-03-19,3,17,7,41.18
2026-03-19T19:35:49Z,2026-03-20,1,17,11,64.71
2026-03-19T19:35:49Z,2026-03-20,2,17,10,58.82
2026-03-19T19:35:49Z,2026-03-20,3,17,9,52.94
2026-03-19T19:35:54Z,2026-03-21,1,17,12,70.59
2026-03-19T19:35:54Z,2026-03-21,2,17,12,70.59
2026-03-19T19:35:54Z,2026-03-21,3,17,12,70.59
2026-03-19T19:36:00Z,2026-03-22,1,17,12,70.59
2026-03-19T19:36:00Z,2026-03-22,2,17,12,70.59
2026-03-19T19:36:00Z,2026-03-22,3,17,12,70.59
2026-03-19T19:36:05Z,2026-03-23,1,17,7,41.18
2026-03-19T19:36:05Z,2026-03-23,2,17,5,29.41
2026-03-19T19:36:05Z,2026-03-23,3,17,4,23.53
2026-03-19T19:36:10Z,2026-03-24,1,17,7,41.18
2026-03-19T19:36:10Z,2026-03-24,2,17,9.5,55.88
2026-03-19T19:36:10Z,2026-03-24,3,17,4,23.53
2026-03-19T19:36:15Z,2026-03-25,1,17,8,47.06
2026-03-19T19:36:15Z,2026-03-25,2,17,10,58.82
2026-03-19T19:36:15Z,2026-03-25,3,17,5,29.41
2026-03-19T19:40:38Z,2026-03-19,1,17,10,58.82
2026-03-19T19:40:38Z,2026-03-19,2,17,11.5,67.65
2026-03-19T19:40:38Z,2026-03-19,3,17,7,41.18
2026-03-19T19:40:43Z,2026-03-20,1,17,11,64.71
2026-03-19T19:40:43Z,2026-03-20,2,17,10,58.82
2026-03-19T19:40:43Z,2026-03-20,3,17,9,52.94
2026-03-19T19:40:48Z,2026-03-21,1,17,12,70.59
2026-03-19T19:40:48Z,2026-03-21,2,17,12,70.59
2026-03-19T19:40:48Z,2026-03-21,3,17,12,70.59
2026-03-19T19:40:53Z,2026-03-22,1,17,12,70.59
2026-03-19T19:40:53Z,2026-03-22,2,17,12,70.59
2026-03-19T19:40:53Z,2026-03-22,3,17,12,70.59
2026-03-19T19:40:58Z,2026-03-23,1,17,7,41.18
2026-03-19T19:40:58Z,2026-03-23,2,17,5,29.41
2026-03-19T19:40:58Z,2026-03-23,3,17,4,23.53
2026-03-19T19:41:03Z,2026-03-24,1,17,7,41.18
2026-03-19T19:41:03Z,2026-03-24,2,17,9.5,55.88
2026-03-19T19:41:03Z,2026-03-24,3,17,4,23.53
2026-03-19T19:41:08Z,2026-03-25,1,17,8,47.06
2026-03-19T19:41:08Z,2026-03-25,2,17,10,58.82
2026-03-19T19:41:08Z,2026-03-25,3,17,5,29.41
2026-03-19T19:45:44Z,2026-03-19,1,17,10,58.82
2026-03-19T19:45:44Z,2026-03-19,2,17,11.5,67.65
2026-03-19T19:45:44Z,2026-03-19,3,17,7,41.18
2026-03-19T19:45:49Z,2026-03-20,1,17,11,64.71
2026-03-19T19:45:49Z,2026-03-20,2,17,10,58.82
2026-03-19T19:45:49Z,2026-03-20,3,17,9,52.94
2026-03-19T19:45:54Z,2026-03-21,1,17,12,70.59
2026-03-19T19:45:54Z,2026-03-21,2,17,12,70.59
2026-03-19T19:45:54Z,2026-03-21,3,17,12,70.59
2026-03-19T19:46:00Z,2026-03-22,1,17,12,70.59
2026-03-19T19:46:00Z,2026-03-22,2,17,12,70.59
2026-03-19T19:46:00Z,2026-03-22,3,17,12,70.59
2026-03-19T19:46:05Z,2026-03-23,1,17,7,41.18
2026-03-19T19:46:05Z,2026-03-23,2,17,5,29.41
2026-03-19T19:46:05Z,2026-03-23,3,17,4,23.53
2026-03-19T19:46:10Z,2026-03-24,1,17,7,41.18
2026-03-19T19:46:10Z,2026-03-24,2,17,9.5,55.88
2026-03-19T19:46:10Z,2026-03-24,3,17,4,23.53
2026-03-19T19:46:15Z,2026-03-25,1,17,8,47.06
2026-03-19T19:46:15Z,2026-03-25,2,17,10,58.82
2026-03-19T19:46:15Z,2026-03-25,3,17,5,29.41
2026-03-19T19:50:53Z,2026-03-19,1,17,10,58.82
2026-03-19T19:50:53Z,2026-03-19,2,17,11.5,67.65
2026-03-19T19:50:53Z,2026-03-19,3,17,7,41.18
2026-03-19T19:50:58Z,2026-03-20,1,17,11,64.71
2026-03-19T19:50:58Z,2026-03-20,2,17,10,58.82
2026-03-19T19:50:58Z,2026-03-20,3,17,9,52.94
2026-03-19T19:51:04Z,2026-03-21,1,17,12,70.59
2026-03-19T19:51:04Z,2026-03-21,2,17,12,70.59
2026-03-19T19:51:04Z,2026-03-21,3,17,12,70.59
2026-03-19T19:51:09Z,2026-03-22,1,17,12,70.59
2026-03-19T19:51:09Z,2026-03-22,2,17,12,70.59
2026-03-19T19:51:09Z,2026-03-22,3,17,12,70.59
2026-03-19T19:51:14Z,2026-03-23,1,17,7,41.18
2026-03-19T19:51:14Z,2026-03-23,2,17,5,29.41
2026-03-19T19:51:14Z,2026-03-23,3,17,4,23.53
2026-03-19T19:51:19Z,2026-03-24,1,17,7,41.18
2026-03-19T19:51:19Z,2026-03-24,2,17,9.5,55.88
2026-03-19T19:51:19Z,2026-03-24,3,17,4,23.53
2026-03-19T19:51:24Z,2026-03-25,1,17,8,47.06
2026-03-19T19:51:24Z,2026-03-25,2,17,10,58.82
2026-03-19T19:51:24Z,2026-03-25,3,17,5,29.41
2026-03-19T19:55:00Z,2026-03-19,1,17,10,58.82
2026-03-19T19:55:00Z,2026-03-19,2,17,11.5,67.65
2026-03-19T19:55:00Z,2026-03-19,3,17,7,41.18
2026-03-19T19:55:05Z,2026-03-20,1,17,11,64.71
2026-03-19T19:55:05Z,2026-03-20,2,17,10,58.82
2026-03-19T19:55:05Z,2026-03-20,3,17,9,52.94
2026-03-19T19:55:10Z,2026-03-21,1,17,12,70.59
2026-03-19T19:55:10Z,2026-03-21,2,17,12,70.59
2026-03-19T19:55:10Z,2026-03-21,3,17,12,70.59
2026-03-19T19:55:15Z,2026-03-22,1,17,12,70.59
2026-03-19T19:55:15Z,2026-03-22,2,17,12,70.59
2026-03-19T19:55:15Z,2026-03-22,3,17,12,70.59
2026-03-19T19:55:20Z,2026-03-23,1,17,7,41.18
2026-03-19T19:55:20Z,2026-03-23,2,17,5,29.41
2026-03-19T19:55:20Z,2026-03-23,3,17,4,23.53
2026-03-19T19:55:25Z,2026-03-24,1,17,7,41.18
2026-03-19T19:55:25Z,2026-03-24,2,17,9.5,55.88
2026-03-19T19:55:25Z,2026-03-24,3,17,4,23.53
2026-03-19T19:55:31Z,2026-03-25,1,17,8,47.06
2026-03-19T19:55:31Z,2026-03-25,2,17,10,58.82
2026-03-19T19:55:31Z,2026-03-25,3,17,5,29.41
2026-03-19T20:01:02Z,2026-03-19,1,17,10,58.82
2026-03-19T20:01:02Z,2026-03-19,2,17,11.5,67.65
2026-03-19T20:01:02Z,2026-03-19,3,17,7,41.18
2026-03-19T20:01:07Z,2026-03-20,1,17,11,64.71
2026-03-19T20:01:07Z,2026-03-20,2,17,10,58.82
2026-03-19T20:01:07Z,2026-03-20,3,17,9,52.94
2026-03-19T20:01:12Z,2026-03-21,1,17,12,70.59
2026-03-19T20:01:12Z,2026-03-21,2,17,12,70.59
2026-03-19T20:01:12Z,2026-03-21,3,17,12,70.59
2026-03-19T20:01:17Z,2026-03-22,1,17,12,70.59
2026-03-19T20:01:17Z,2026-03-22,2,17,12,70.59
2026-03-19T20:01:17Z,2026-03-22,3,17,12,70.59
2026-03-19T20:01:23Z,2026-03-23,1,17,7,41.18
2026-03-19T20:01:23Z,2026-03-23,2,17,5,29.41
2026-03-19T20:01:23Z,2026-03-23,3,17,4,23.53
2026-03-19T20:01:28Z,2026-03-24,1,17,7,41.18
2026-03-19T20:01:28Z,2026-03-24,2,17,9.5,55.88
2026-03-19T20:01:28Z,2026-03-24,3,17,4,23.53
2026-03-19T20:01:33Z,2026-03-25,1,17,8,47.06
2026-03-19T20:01:33Z,2026-03-25,2,17,10,58.82
2026-03-19T20:01:33Z,2026-03-25,3,17,5,29.41
2026-03-19T20:05:44Z,2026-03-19,1,17,10,58.82
2026-03-19T20:05:44Z,2026-03-19,2,17,11.5,67.65
2026-03-19T20:05:44Z,2026-03-19,3,17,7,41.18
2026-03-19T20:05:49Z,2026-03-20,1,17,11,64.71
2026-03-19T20:05:49Z,2026-03-20,2,17,10,58.82
2026-03-19T20:05:49Z,2026-03-20,3,17,9,52.94
2026-03-19T20:05:54Z,2026-03-21,1,17,12,70.59
2026-03-19T20:05:54Z,2026-03-21,2,17,12,70.59
2026-03-19T20:05:54Z,2026-03-21,3,17,12,70.59
2026-03-19T20:05:59Z,2026-03-22,1,17,12,70.59
2026-03-19T20:05:59Z,2026-03-22,2,17,12,70.59
2026-03-19T20:05:59Z,2026-03-22,3,17,12,70.59
2026-03-19T20:06:04Z,2026-03-23,1,17,7,41.18
2026-03-19T20:06:04Z,2026-03-23,2,17,5,29.41
2026-03-19T20:06:04Z,2026-03-23,3,17,4,23.53
2026-03-19T20:06:09Z,2026-03-24,1,17,7,41.18
2026-03-19T20:06:09Z,2026-03-24,2,17,9.5,55.88
2026-03-19T20:06:09Z,2026-03-24,3,17,4,23.53
2026-03-19T20:06:14Z,2026-03-25,1,17,8,47.06
2026-03-19T20:06:14Z,2026-03-25,2,17,10,58.82
2026-03-19T20:06:14Z,2026-03-25,3,17,5,29.41
2026-03-19T20:10:37Z,2026-03-19,1,17,10,58.82
2026-03-19T20:10:37Z,2026-03-19,2,17,11.5,67.65
2026-03-19T20:10:37Z,2026-03-19,3,17,7,41.18
2026-03-19T20:10:42Z,2026-03-20,1,17,11,64.71
2026-03-19T20:10:42Z,2026-03-20,2,17,10,58.82
2026-03-19T20:10:42Z,2026-03-20,3,17,9,52.94
2026-03-19T20:10:47Z,2026-03-21,1,17,12,70.59
2026-03-19T20:10:47Z,2026-03-21,2,17,12,70.59
2026-03-19T20:10:47Z,2026-03-21,3,17,12,70.59
2026-03-19T20:10:53Z,2026-03-22,1,17,12,70.59
2026-03-19T20:10:53Z,2026-03-22,2,17,12,70.59
2026-03-19T20:10:53Z,2026-03-22,3,17,12,70.59
2026-03-19T20:10:58Z,2026-03-23,1,17,7,41.18
2026-03-19T20:10:58Z,2026-03-23,2,17,5,29.41
2026-03-19T20:10:58Z,2026-03-23,3,17,4,23.53
2026-03-19T20:11:03Z,2026-03-24,1,17,7,41.18
2026-03-19T20:11:03Z,2026-03-24,2,17,9.5,55.88
2026-03-19T20:11:03Z,2026-03-24,3,17,4,23.53
2026-03-19T20:11:08Z,2026-03-25,1,17,8,47.06
2026-03-19T20:11:08Z,2026-03-25,2,17,10,58.82
2026-03-19T20:11:08Z,2026-03-25,3,17,5,29.41
2026-03-19T20:15:41Z,2026-03-19,1,17,10,58.82
2026-03-19T20:15:41Z,2026-03-19,2,17,11.5,67.65
2026-03-19T20:15:41Z,2026-03-19,3,17,7,41.18
2026-03-19T20:15:46Z,2026-03-20,1,17,11,64.71
2026-03-19T20:15:46Z,2026-03-20,2,17,10,58.82
2026-03-19T20:15:46Z,2026-03-20,3,17,9,52.94
2026-03-19T20:15:51Z,2026-03-21,1,17,12,70.59
2026-03-19T20:15:51Z,2026-03-21,2,17,12,70.59
2026-03-19T20:15:51Z,2026-03-21,3,17,12,70.59
2026-03-19T20:15:56Z,2026-03-22,1,17,12,70.59
2026-03-19T20:15:56Z,2026-03-22,2,17,12,70.59
2026-03-19T20:15:56Z,2026-03-22,3,17,12,70.59
2026-03-19T20:16:02Z,2026-03-23,1,17,7,41.18
2026-03-19T20:16:02Z,2026-03-23,2,17,5,29.41
2026-03-19T20:16:02Z,2026-03-23,3,17,4,23.53
2026-03-19T20:16:07Z,2026-03-24,1,17,7,41.18
2026-03-19T20:16:07Z,2026-03-24,2,17,9.5,55.88
2026-03-19T20:16:07Z,2026-03-24,3,17,4,23.53
2026-03-19T20:16:12Z,2026-03-25,1,17,8,47.06
2026-03-19T20:16:12Z,2026-03-25,2,17,10,58.82
2026-03-19T20:16:12Z,2026-03-25,3,17,5,29.41
2026-03-19T20:20:42Z,2026-03-19,1,17,10,58.82
2026-03-19T20:20:42Z,2026-03-19,2,17,11.5,67.65
2026-03-19T20:20:42Z,2026-03-19,3,17,7,41.18
2026-03-19T20:20:47Z,2026-03-20,1,17,11,64.71
2026-03-19T20:20:47Z,2026-03-20,2,17,10,58.82
2026-03-19T20:20:47Z,2026-03-20,3,17,9,52.94
2026-03-19T20:20:52Z,2026-03-21,1,17,12,70.59
2026-03-19T20:20:52Z,2026-03-21,2,17,12,70.59
2026-03-19T20:20:52Z,2026-03-21,3,17,12,70.59
2026-03-19T20:20:57Z,2026-03-22,1,17,12,70.59
2026-03-19T20:20:57Z,2026-03-22,2,17,12,70.59
2026-03-19T20:20:57Z,2026-03-22,3,17,12,70.59
2026-03-19T20:21:02Z,2026-03-23,1,17,7,41.18
2026-03-19T20:21:02Z,2026-03-23,2,17,5,29.41
2026-03-19T20:21:02Z,2026-03-23,3,17,4,23.53
2026-03-19T20:21:07Z,2026-03-24,1,17,7,41.18
2026-03-19T20:21:07Z,2026-03-24,2,17,9.5,55.88
2026-03-19T20:21:07Z,2026-03-24,3,17,4,23.53
2026-03-19T20:21:12Z,2026-03-25,1,17,8,47.06
2026-03-19T20:21:12Z,2026-03-25,2,17,10,58.82
2026-03-19T20:21:12Z,2026-03-25,3,17,5,29.41
2026-03-19T20:25:40Z,2026-03-19,1,17,10,58.82
2026-03-19T20:25:40Z,2026-03-19,2,17,11.5,67.65
2026-03-19T20:25:40Z,2026-03-19,3,17,7,41.18
2026-03-19T20:25:45Z,2026-03-20,1,17,11,64.71
2026-03-19T20:25:45Z,2026-03-20,2,17,10,58.82
2026-03-19T20:25:45Z,2026-03-20,3,17,9,52.94
2026-03-19T20:25:50Z,2026-03-21,1,17,12,70.59
2026-03-19T20:25:50Z,2026-03-21,2,17,12,70.59
2026-03-19T20:25:50Z,2026-03-21,3,17,12,70.59
2026-03-19T20:25:55Z,2026-03-22,1,17,12,70.59
2026-03-19T20:25:55Z,2026-03-22,2,17,12,70.59
2026-03-19T20:25:55Z,2026-03-22,3,17,12,70.59
2026-03-19T20:26:01Z,2026-03-23,1,17,7,41.18
2026-03-19T20:26:01Z,2026-03-23,2,17,5,29.41
2026-03-19T20:26:01Z,2026-03-23,3,17,4,23.53
2026-03-19T20:26:06Z,2026-03-24,1,17,7,41.18
2026-03-19T20:26:06Z,2026-03-24,2,17,9.5,55.88
2026-03-19T20:26:06Z,2026-03-24,3,17,4,23.53
2026-03-19T20:26:11Z,2026-03-25,1,17,8,47.06
2026-03-19T20:26:11Z,2026-03-25,2,17,10,58.82
2026-03-19T20:26:11Z,2026-03-25,3,17,5,29.41
2026-03-19T20:30:42Z,2026-03-19,1,17,10,58.82
2026-03-19T20:30:42Z,2026-03-19,2,17,11.5,67.65
2026-03-19T20:30:42Z,2026-03-19,3,17,7,41.18
2026-03-19T20:30:47Z,2026-03-20,1,17,11,64.71
2026-03-19T20:30:47Z,2026-03-20,2,17,10,58.82
2026-03-19T20:30:47Z,2026-03-20,3,17,9,52.94
2026-03-19T20:30:52Z,2026-03-21,1,17,12,70.59
2026-03-19T20:30:52Z,2026-03-21,2,17,12,70.59
2026-03-19T20:30:52Z,2026-03-21,3,17,12,70.59
2026-03-19T20:30:57Z,2026-03-22,1,17,12,70.59
2026-03-19T20:30:57Z,2026-03-22,2,17,12,70.59
2026-03-19T20:30:57Z,2026-03-22,3,17,12,70.59
2026-03-19T20:31:02Z,2026-03-23,1,17,7,41.18
2026-03-19T20:31:02Z,2026-03-23,2,17,5,29.41
2026-03-19T20:31:02Z,2026-03-23,3,17,4,23.53
2026-03-19T20:31:08Z,2026-03-24,1,17,7,41.18
2026-03-19T20:31:08Z,2026-03-24,2,17,9.5,55.88
2026-03-19T20:31:08Z,2026-03-24,3,17,4,23.53
2026-03-19T20:31:13Z,2026-03-25,1,17,8,47.06
2026-03-19T20:31:13Z,2026-03-25,2,17,10,58.82
2026-03-19T20:31:13Z,2026-03-25,3,17,5,29.41
2026-03-19T20:35:39Z,2026-03-19,1,17,10,58.82
2026-03-19T20:35:39Z,2026-03-19,2,17,11.5,67.65
2026-03-19T20:35:39Z,2026-03-19,3,17,7,41.18
2026-03-19T20:35:45Z,2026-03-20,1,17,11,64.71
2026-03-19T20:35:45Z,2026-03-20,2,17,10,58.82
2026-03-19T20:35:45Z,2026-03-20,3,17,9,52.94
2026-03-19T20:35:50Z,2026-03-21,1,17,12,70.59
2026-03-19T20:35:50Z,2026-03-21,2,17,12,70.59
2026-03-19T20:35:50Z,2026-03-21,3,17,12,70.59
2026-03-19T20:35:55Z,2026-03-22,1,17,12,70.59
2026-03-19T20:35:55Z,2026-03-22,2,17,12,70.59
2026-03-19T20:35:55Z,2026-03-22,3,17,12,70.59
2026-03-19T20:36:00Z,2026-03-23,1,17,7,41.18
2026-03-19T20:36:00Z,2026-03-23,2,17,5,29.41
2026-03-19T20:36:00Z,2026-03-23,3,17,4,23.53
2026-03-19T20:36:05Z,2026-03-24,1,17,7,41.18
2026-03-19T20:36:05Z,2026-03-24,2,17,9.5,55.88
2026-03-19T20:36:05Z,2026-03-24,3,17,4,23.53
2026-03-19T20:36:10Z,2026-03-25,1,17,8,47.06
2026-03-19T20:36:10Z,2026-03-25,2,17,10,58.82
2026-03-19T20:36:10Z,2026-03-25,3,17,5,29.41
2026-03-19T20:40:49Z,2026-03-19,1,17,10,58.82
2026-03-19T20:40:49Z,2026-03-19,2,17,11.5,67.65
2026-03-19T20:40:49Z,2026-03-19,3,17,7,41.18
2026-03-19T20:40:54Z,2026-03-20,1,17,11,64.71
2026-03-19T20:40:54Z,2026-03-20,2,17,10,58.82
2026-03-19T20:40:54Z,2026-03-20,3,17,9,52.94
2026-03-19T20:41:00Z,2026-03-21,1,17,12,70.59
2026-03-19T20:41:00Z,2026-03-21,2,17,12,70.59
2026-03-19T20:41:00Z,2026-03-21,3,17,12,70.59
2026-03-19T20:41:05Z,2026-03-22,1,17,12,70.59
2026-03-19T20:41:05Z,2026-03-22,2,17,12,70.59
2026-03-19T20:41:05Z,2026-03-22,3,17,12,70.59
2026-03-19T20:41:10Z,2026-03-23,1,17,7,41.18
2026-03-19T20:41:10Z,2026-03-23,2,17,5,29.41
2026-03-19T20:41:10Z,2026-03-23,3,17,4,23.53
2026-03-19T20:41:15Z,2026-03-24,1,17,7,41.18
2026-03-19T20:41:15Z,2026-03-24,2,17,9.5,55.88
2026-03-19T20:41:15Z,2026-03-24,3,17,4,23.53
2026-03-19T20:41:20Z,2026-03-25,1,17,8,47.06
2026-03-19T20:41:20Z,2026-03-25,2,17,10,58.82
2026-03-19T20:41:20Z,2026-03-25,3,17,5,29.41
2026-03-19T20:45:46Z,2026-03-19,1,17,10,58.82
2026-03-19T20:45:46Z,2026-03-19,2,17,11.5,67.65
2026-03-19T20:45:46Z,2026-03-19,3,17,7,41.18
2026-03-19T20:45:51Z,2026-03-20,1,17,11,64.71
2026-03-19T20:45:51Z,2026-03-20,2,17,10,58.82
2026-03-19T20:45:51Z,2026-03-20,3,17,9,52.94
2026-03-19T20:45:56Z,2026-03-21,1,17,12,70.59
2026-03-19T20:45:56Z,2026-03-21,2,17,12,70.59
2026-03-19T20:45:56Z,2026-03-21,3,17,12,70.59
2026-03-19T20:46:01Z,2026-03-22,1,17,12,70.59
2026-03-19T20:46:01Z,2026-03-22,2,17,12,70.59
2026-03-19T20:46:01Z,2026-03-22,3,17,12,70.59
2026-03-19T20:46:06Z,2026-03-23,1,17,7,41.18
2026-03-19T20:46:06Z,2026-03-23,2,17,5,29.41
2026-03-19T20:46:06Z,2026-03-23,3,17,4,23.53
2026-03-19T20:46:11Z,2026-03-24,1,17,7,41.18
2026-03-19T20:46:11Z,2026-03-24,2,17,9.5,55.88
2026-03-19T20:46:11Z,2026-03-24,3,17,4,23.53
2026-03-19T20:46:16Z,2026-03-25,1,17,8,47.06
2026-03-19T20:46:16Z,2026-03-25,2,17,10,58.82
2026-03-19T20:46:16Z,2026-03-25,3,17,5,29.41
2026-03-19T20:50:45Z,2026-03-19,1,17,10,58.82
2026-03-19T20:50:45Z,2026-03-19,2,17,11.5,67.65
2026-03-19T20:50:45Z,2026-03-19,3,17,7,41.18
2026-03-19T20:50:50Z,2026-03-20,1,17,11,64.71
2026-03-19T20:50:50Z,2026-03-20,2,17,10,58.82
2026-03-19T20:50:50Z,2026-03-20,3,17,9,52.94
2026-03-19T20:50:55Z,2026-03-21,1,17,12,70.59
2026-03-19T20:50:55Z,2026-03-21,2,17,12,70.59
2026-03-19T20:50:55Z,2026-03-21,3,17,12,70.59
2026-03-19T20:51:01Z,2026-03-22,1,17,12,70.59
2026-03-19T20:51:01Z,2026-03-22,2,17,12,70.59
2026-03-19T20:51:01Z,2026-03-22,3,17,12,70.59
2026-03-19T20:51:06Z,2026-03-23,1,17,7,41.18
2026-03-19T20:51:06Z,2026-03-23,2,17,5,29.41
2026-03-19T20:51:06Z,2026-03-23,3,17,4,23.53
2026-03-19T20:51:11Z,2026-03-24,1,17,7,41.18
2026-03-19T20:51:11Z,2026-03-24,2,17,9.5,55.88
2026-03-19T20:51:11Z,2026-03-24,3,17,4,23.53
2026-03-19T20:51:16Z,2026-03-25,1,17,8,47.06
2026-03-19T20:51:16Z,2026-03-25,2,17,10,58.82
2026-03-19T20:51:16Z,2026-03-25,3,17,5,29.41
2026-03-19T20:55:48Z,2026-03-19,1,17,10,58.82
2026-03-19T20:55:48Z,2026-03-19,2,17,11.5,67.65
2026-03-19T20:55:48Z,2026-03-19,3,17,7,41.18
2026-03-19T20:55:53Z,2026-03-20,1,17,11,64.71
2026-03-19T20:55:53Z,2026-03-20,2,17,10,58.82
2026-03-19T20:55:53Z,2026-03-20,3,17,9,52.94
2026-03-19T20:55:58Z,2026-03-21,1,17,12,70.59
2026-03-19T20:55:58Z,2026-03-21,2,17,12,70.59
2026-03-19T20:55:58Z,2026-03-21,3,17,12,70.59
2026-03-19T20:56:03Z,2026-03-22,1,17,12,70.59
2026-03-19T20:56:03Z,2026-03-22,2,17,12,70.59
2026-03-19T20:56:03Z,2026-03-22,3,17,12,70.59
2026-03-19T20:56:08Z,2026-03-23,1,17,7,41.18
2026-03-19T20:56:08Z,2026-03-23,2,17,5,29.41
2026-03-19T20:56:08Z,2026-03-23,3,17,4,23.53
2026-03-19T20:56:13Z,2026-03-24,1,17,7,41.18
2026-03-19T20:56:13Z,2026-03-24,2,17,9.5,55.88
2026-03-19T20:56:13Z,2026-03-24,3,17,4,23.53
2026-03-19T20:56:18Z,2026-03-25,1,17,8,47.06
2026-03-19T20:56:18Z,2026-03-25,2,17,10,58.82
2026-03-19T20:56:18Z,2026-03-25,3,17,5,29.41
2026-03-19T21:00:41Z,2026-03-19,1,17,10,58.82
2026-03-19T21:00:41Z,2026-03-19,2,17,11.5,67.65
2026-03-19T21:00:41Z,2026-03-19,3,17,7,41.18
2026-03-19T21:00:46Z,2026-03-20,1,17,11,64.71
2026-03-19T21:00:46Z,2026-03-20,2,17,10,58.82
2026-03-19T21:00:46Z,2026-03-20,3,17,9,52.94
2026-03-19T21:00:51Z,2026-03-21,1,17,12,70.59
2026-03-19T21:00:51Z,2026-03-21,2,17,12,70.59
2026-03-19T21:00:51Z,2026-03-21,3,17,12,70.59
2026-03-19T21:00:56Z,2026-03-22,1,17,12,70.59
2026-03-19T21:00:56Z,2026-03-22,2,17,12,70.59
2026-03-19T21:00:56Z,2026-03-22,3,17,12,70.59
2026-03-19T21:01:01Z,2026-03-23,1,17,7,41.18
2026-03-19T21:01:01Z,2026-03-23,2,17,5,29.41
2026-03-19T21:01:01Z,2026-03-23,3,17,4,23.53
2026-03-19T21:01:06Z,2026-03-24,1,17,7,41.18
2026-03-19T21:01:06Z,2026-03-24,2,17,9.5,55.88
2026-03-19T21:01:06Z,2026-03-24,3,17,4,23.53
2026-03-19T21:01:11Z,2026-03-25,1,17,8,47.06
2026-03-19T21:01:11Z,2026-03-25,2,17,10,58.82
2026-03-19T21:01:11Z,2026-03-25,3,17,5,29.41
2026-03-19T21:05:46Z,2026-03-19,1,17,10,58.82
2026-03-19T21:05:46Z,2026-03-19,2,17,11.5,67.65
2026-03-19T21:05:46Z,2026-03-19,3,17,7,41.18
2026-03-19T21:05:51Z,2026-03-20,1,17,11,64.71
2026-03-19T21:05:51Z,2026-03-20,2,17,10,58.82
2026-03-19T21:05:51Z,2026-03-20,3,17,9,52.94
2026-03-19T21:05:56Z,2026-03-21,1,17,12,70.59
2026-03-19T21:05:56Z,2026-03-21,2,17,12,70.59
2026-03-19T21:05:56Z,2026-03-21,3,17,12,70.59
2026-03-19T21:06:01Z,2026-03-22,1,17,12,70.59
2026-03-19T21:06:01Z,2026-03-22,2,17,12,70.59
2026-03-19T21:06:01Z,2026-03-22,3,17,12,70.59
2026-03-19T21:06:06Z,2026-03-23,1,17,7,41.18
2026-03-19T21:06:06Z,2026-03-23,2,17,5,29.41
2026-03-19T21:06:06Z,2026-03-23,3,17,4,23.53
2026-03-19T21:06:12Z,2026-03-24,1,17,7,41.18
2026-03-19T21:06:12Z,2026-03-24,2,17,9.5,55.88
2026-03-19T21:06:12Z,2026-03-24,3,17,4,23.53
2026-03-19T21:06:17Z,2026-03-25,1,17,8,47.06
2026-03-19T21:06:17Z,2026-03-25,2,17,10,58.82
2026-03-19T21:06:17Z,2026-03-25,3,17,5,29.41
2026-03-19T21:10:37Z,2026-03-19,1,17,10,58.82
2026-03-19T21:10:37Z,2026-03-19,2,17,11.5,67.65
2026-03-19T21:10:37Z,2026-03-19,3,17,7,41.18
2026-03-19T21:10:42Z,2026-03-20,1,17,11,64.71
2026-03-19T21:10:42Z,2026-03-20,2,17,10,58.82
2026-03-19T21:10:42Z,2026-03-20,3,17,9,52.94
2026-03-19T21:10:47Z,2026-03-21,1,17,12,70.59
2026-03-19T21:10:47Z,2026-03-21,2,17,12,70.59
2026-03-19T21:10:47Z,2026-03-21,3,17,12,70.59
2026-03-19T21:10:52Z,2026-03-22,1,17,12,70.59
2026-03-19T21:10:52Z,2026-03-22,2,17,12,70.59
2026-03-19T21:10:52Z,2026-03-22,3,17,12,70.59
2026-03-19T21:10:57Z,2026-03-23,1,17,7,41.18
2026-03-19T21:10:57Z,2026-03-23,2,17,5,29.41
2026-03-19T21:10:57Z,2026-03-23,3,17,4,23.53
2026-03-19T21:11:02Z,2026-03-24,1,17,7,41.18
2026-03-19T21:11:02Z,2026-03-24,2,17,9.5,55.88
2026-03-19T21:11:02Z,2026-03-24,3,17,4,23.53
2026-03-19T21:11:07Z,2026-03-25,1,17,8,47.06
2026-03-19T21:11:07Z,2026-03-25,2,17,10,58.82
2026-03-19T21:11:07Z,2026-03-25,3,17,5,29.41
2026-03-19T21:15:46Z,2026-03-19,1,17,10,58.82
2026-03-19T21:15:46Z,2026-03-19,2,17,11.5,67.65
2026-03-19T21:15:46Z,2026-03-19,3,17,7,41.18
2026-03-19T21:15:51Z,2026-03-20,1,17,11,64.71
2026-03-19T21:15:51Z,2026-03-20,2,17,10,58.82
2026-03-19T21:15:51Z,2026-03-20,3,17,9,52.94
2026-03-19T21:15:56Z,2026-03-21,1,17,12,70.59
2026-03-19T21:15:56Z,2026-03-21,2,17,12,70.59
2026-03-19T21:15:56Z,2026-03-21,3,17,12,70.59
2026-03-19T21:16:01Z,2026-03-22,1,17,12,70.59
2026-03-19T21:16:01Z,2026-03-22,2,17,12,70.59
2026-03-19T21:16:01Z,2026-03-22,3,17,12,70.59
2026-03-19T21:16:07Z,2026-03-23,1,17,7,41.18
2026-03-19T21:16:07Z,2026-03-23,2,17,5,29.41
2026-03-19T21:16:07Z,2026-03-23,3,17,4,23.53
2026-03-19T21:16:12Z,2026-03-24,1,17,7,41.18
2026-03-19T21:16:12Z,2026-03-24,2,17,9.5,55.88
2026-03-19T21:16:12Z,2026-03-24,3,17,4,23.53
2026-03-19T21:16:17Z,2026-03-25,1,17,8,47.06
2026-03-19T21:16:17Z,2026-03-25,2,17,10,58.82
2026-03-19T21:16:17Z,2026-03-25,3,17,5,29.41
2026-03-19T21:20:42Z,2026-03-19,1,17,10,58.82
2026-03-19T21:20:42Z,2026-03-19,2,17,11.5,67.65
2026-03-19T21:20:42Z,2026-03-19,3,17,7,41.18
2026-03-19T21:20:47Z,2026-03-20,1,17,11,64.71
2026-03-19T21:20:47Z,2026-03-20,2,17,10,58.82
2026-03-19T21:20:47Z,2026-03-20,3,17,9,52.94
2026-03-19T21:20:52Z,2026-03-21,1,17,12,70.59
2026-03-19T21:20:52Z,2026-03-21,2,17,12,70.59
2026-03-19T21:20:52Z,2026-03-21,3,17,12,70.59
2026-03-19T21:20:57Z,2026-03-22,1,17,12,70.59
2026-03-19T21:20:57Z,2026-03-22,2,17,12,70.59
2026-03-19T21:20:57Z,2026-03-22,3,17,12,70.59
2026-03-19T21:21:02Z,2026-03-23,1,17,7,41.18
2026-03-19T21:21:02Z,2026-03-23,2,17,5,29.41
2026-03-19T21:21:02Z,2026-03-23,3,17,4,23.53
2026-03-19T21:21:07Z,2026-03-24,1,17,7,41.18
2026-03-19T21:21:07Z,2026-03-24,2,17,9.5,55.88
2026-03-19T21:21:07Z,2026-03-24,3,17,4,23.53
2026-03-19T21:21:12Z,2026-03-25,1,17,8,47.06
2026-03-19T21:21:12Z,2026-03-25,2,17,10,58.82
2026-03-19T21:21:12Z,2026-03-25,3,17,5,29.41
2026-03-19T21:25:39Z,2026-03-19,1,17,10,58.82
2026-03-19T21:25:39Z,2026-03-19,2,17,11.5,67.65
2026-03-19T21:25:39Z,2026-03-19,3,17,7,41.18
2026-03-19T21:25:44Z,2026-03-20,1,17,11,64.71
2026-03-19T21:25:44Z,2026-03-20,2,17,10,58.82
2026-03-19T21:25:44Z,2026-03-20,3,17,9,52.94
2026-03-19T21:25:49Z,2026-03-21,1,17,12,70.59
2026-03-19T21:25:49Z,2026-03-21,2,17,12,70.59
2026-03-19T21:25:49Z,2026-03-21,3,17,12,70.59
2026-03-19T21:25:54Z,2026-03-22,1,17,12,70.59
2026-03-19T21:25:54Z,2026-03-22,2,17,12,70.59
2026-03-19T21:25:54Z,2026-03-22,3,17,12,70.59
2026-03-19T21:25:59Z,2026-03-23,1,17,7,41.18
2026-03-19T21:25:59Z,2026-03-23,2,17,5,29.41
2026-03-19T21:25:59Z,2026-03-23,3,17,4,23.53
2026-03-19T21:26:04Z,2026-03-24,1,17,7,41.18
2026-03-19T21:26:04Z,2026-03-24,2,17,9.5,55.88
2026-03-19T21:26:04Z,2026-03-24,3,17,4,23.53
2026-03-19T21:26:09Z,2026-03-25,1,17,8,47.06
2026-03-19T21:26:09Z,2026-03-25,2,17,10,58.82
2026-03-19T21:26:09Z,2026-03-25,3,17,5,29.41
2026-03-19T21:30:52Z,2026-03-19,1,17,10,58.82
2026-03-19T21:30:52Z,2026-03-19,2,17,11.5,67.65
2026-03-19T21:30:52Z,2026-03-19,3,17,7,41.18
2026-03-19T21:30:58Z,2026-03-20,1,17,11,64.71
2026-03-19T21:30:58Z,2026-03-20,2,17,10,58.82
2026-03-19T21:30:58Z,2026-03-20,3,17,9,52.94
2026-03-19T21:31:03Z,2026-03-21,1,17,12,70.59
2026-03-19T21:31:03Z,2026-03-21,2,17,12,70.59
2026-03-19T21:31:03Z,2026-03-21,3,17,12,70.59
2026-03-19T21:31:08Z,2026-03-22,1,17,12,70.59
2026-03-19T21:31:08Z,2026-03-22,2,17,12,70.59
2026-03-19T21:31:08Z,2026-03-22,3,17,12,70.59
2026-03-19T21:31:13Z,2026-03-23,1,17,7,41.18
2026-03-19T21:31:13Z,2026-03-23,2,17,5,29.41
2026-03-19T21:31:13Z,2026-03-23,3,17,4,23.53
2026-03-19T21:31:18Z,2026-03-24,1,17,7,41.18
2026-03-19T21:31:18Z,2026-03-24,2,17,9.5,55.88
2026-03-19T21:31:18Z,2026-03-24,3,17,4,23.53
2026-03-19T21:31:23Z,2026-03-25,1,17,8,47.06
2026-03-19T21:31:23Z,2026-03-25,2,17,10,58.82
2026-03-19T21:31:23Z,2026-03-25,3,17,5,29.41
2026-03-19T21:35:43Z,2026-03-19,1,17,10,58.82
2026-03-19T21:35:43Z,2026-03-19,2,17,11.5,67.65
2026-03-19T21:35:43Z,2026-03-19,3,17,7,41.18
2026-03-19T21:35:48Z,2026-03-20,1,17,11,64.71
2026-03-19T21:35:48Z,2026-03-20,2,17,10,58.82
2026-03-19T21:35:48Z,2026-03-20,3,17,9,52.94
2026-03-19T21:35:54Z,2026-03-21,1,17,12,70.59
2026-03-19T21:35:54Z,2026-03-21,2,17,12,70.59
2026-03-19T21:35:54Z,2026-03-21,3,17,12,70.59
2026-03-19T21:35:59Z,2026-03-22,1,17,12,70.59
2026-03-19T21:35:59Z,2026-03-22,2,17,12,70.59
2026-03-19T21:35:59Z,2026-03-22,3,17,12,70.59
2026-03-19T21:36:04Z,2026-03-23,1,17,7,41.18
2026-03-19T21:36:04Z,2026-03-23,2,17,5,29.41
2026-03-19T21:36:04Z,2026-03-23,3,17,4,23.53
2026-03-19T21:36:09Z,2026-03-24,1,17,7,41.18
2026-03-19T21:36:09Z,2026-03-24,2,17,9.5,55.88
2026-03-19T21:36:09Z,2026-03-24,3,17,4,23.53
2026-03-19T21:36:14Z,2026-03-25,1,17,8,47.06
2026-03-19T21:36:14Z,2026-03-25,2,17,10,58.82
2026-03-19T21:36:14Z,2026-03-25,3,17,5,29.41
2026-03-19T21:40:41Z,2026-03-19,1,17,10,58.82
2026-03-19T21:40:41Z,2026-03-19,2,17,11.5,67.65
2026-03-19T21:40:41Z,2026-03-19,3,17,7,41.18
2026-03-19T21:40:46Z,2026-03-20,1,17,11,64.71
2026-03-19T21:40:46Z,2026-03-20,2,17,10,58.82
2026-03-19T21:40:46Z,2026-03-20,3,17,9,52.94
2026-03-19T21:40:51Z,2026-03-21,1,17,12,70.59
2026-03-19T21:40:51Z,2026-03-21,2,17,12,70.59
2026-03-19T21:40:51Z,2026-03-21,3,17,12,70.59
2026-03-19T21:40:56Z,2026-03-22,1,17,12,70.59
2026-03-19T21:40:56Z,2026-03-22,2,17,12,70.59
2026-03-19T21:40:56Z,2026-03-22,3,17,12,70.59
2026-03-19T21:41:01Z,2026-03-23,1,17,7,41.18
2026-03-19T21:41:01Z,2026-03-23,2,17,5,29.41
2026-03-19T21:41:01Z,2026-03-23,3,17,4,23.53
2026-03-19T21:41:06Z,2026-03-24,1,17,7,41.18
2026-03-19T21:41:06Z,2026-03-24,2,17,9.5,55.88
2026-03-19T21:41:06Z,2026-03-24,3,17,4,23.53
2026-03-19T21:41:12Z,2026-03-25,1,17,8,47.06
2026-03-19T21:41:12Z,2026-03-25,2,17,10,58.82
2026-03-19T21:41:12Z,2026-03-25,3,17,5,29.41
2026-03-19T21:45:38Z,2026-03-19,1,17,10,58.82
2026-03-19T21:45:38Z,2026-03-19,2,17,11.5,67.65
2026-03-19T21:45:38Z,2026-03-19,3,17,7,41.18
2026-03-19T21:45:43Z,2026-03-20,1,17,11,64.71
2026-03-19T21:45:43Z,2026-03-20,2,17,10,58.82
2026-03-19T21:45:43Z,2026-03-20,3,17,9,52.94
2026-03-19T21:45:48Z,2026-03-21,1,17,12,70.59
2026-03-19T21:45:48Z,2026-03-21,2,17,12,70.59
2026-03-19T21:45:48Z,2026-03-21,3,17,12,70.59
2026-03-19T21:45:53Z,2026-03-22,1,17,12,70.59
2026-03-19T21:45:53Z,2026-03-22,2,17,12,70.59
2026-03-19T21:45:53Z,2026-03-22,3,17,12,70.59
2026-03-19T21:45:58Z,2026-03-23,1,17,7,41.18
2026-03-19T21:45:58Z,2026-03-23,2,17,5,29.41
2026-03-19T21:45:58Z,2026-03-23,3,17,4,23.53
2026-03-19T21:46:03Z,2026-03-24,1,17,7,41.18
2026-03-19T21:46:03Z,2026-03-24,2,17,9.5,55.88
2026-03-19T21:46:03Z,2026-03-24,3,17,4,23.53
2026-03-19T21:46:08Z,2026-03-25,1,17,8,47.06
2026-03-19T21:46:08Z,2026-03-25,2,17,10,58.82
2026-03-19T21:46:08Z,2026-03-25,3,17,5,29.41
2026-03-19T21:49:40Z,2026-03-19,1,17,10,58.82
2026-03-19T21:49:40Z,2026-03-19,2,17,11.5,67.65
2026-03-19T21:49:40Z,2026-03-19,3,17,7,41.18
2026-03-19T21:49:45Z,2026-03-20,1,17,11,64.71
2026-03-19T21:49:45Z,2026-03-20,2,17,10,58.82
2026-03-19T21:49:45Z,2026-03-20,3,17,9,52.94
2026-03-19T21:49:50Z,2026-03-21,1,17,12,70.59
2026-03-19T21:49:50Z,2026-03-21,2,17,12,70.59
2026-03-19T21:49:50Z,2026-03-21,3,17,12,70.59
2026-03-19T21:49:55Z,2026-03-22,1,17,12,70.59
2026-03-19T21:49:55Z,2026-03-22,2,17,12,70.59
2026-03-19T21:49:55Z,2026-03-22,3,17,12,70.59
2026-03-19T21:50:00Z,2026-03-23,1,17,7,41.18
2026-03-19T21:50:00Z,2026-03-23,2,17,5,29.41
2026-03-19T21:50:00Z,2026-03-23,3,17,4,23.53
2026-03-19T21:50:05Z,2026-03-24,1,17,7,41.18
2026-03-19T21:50:05Z,2026-03-24,2,17,9.5,55.88
2026-03-19T21:50:05Z,2026-03-24,3,17,4,23.53
2026-03-19T21:50:10Z,2026-03-25,1,17,8,47.06
2026-03-19T21:50:10Z,2026-03-25,2,17,10,58.82
2026-03-19T21:50:10Z,2026-03-25,3,17,5,29.41
2026-03-19T21:55:41Z,2026-03-19,1,17,10,58.82
2026-03-19T21:55:41Z,2026-03-19,2,17,11.5,67.65
2026-03-19T21:55:41Z,2026-03-19,3,17,7,41.18
2026-03-19T21:55:46Z,2026-03-20,1,17,11,64.71
2026-03-19T21:55:46Z,2026-03-20,2,17,10,58.82
2026-03-19T21:55:46Z,2026-03-20,3,17,9,52.94
2026-03-19T21:55:52Z,2026-03-21,1,17,12,70.59
2026-03-19T21:55:52Z,2026-03-21,2,17,12,70.59
2026-03-19T21:55:52Z,2026-03-21,3,17,12,70.59
2026-03-19T21:55:57Z,2026-03-22,1,17,12,70.59
2026-03-19T21:55:57Z,2026-03-22,2,17,12,70.59
2026-03-19T21:55:57Z,2026-03-22,3,17,12,70.59
2026-03-19T21:56:02Z,2026-03-23,1,17,7,41.18
2026-03-19T21:56:02Z,2026-03-23,2,17,5,29.41
2026-03-19T21:56:02Z,2026-03-23,3,17,4,23.53
2026-03-19T21:56:07Z,2026-03-24,1,17,7,41.18
2026-03-19T21:56:07Z,2026-03-24,2,17,9.5,55.88
2026-03-19T21:56:07Z,2026-03-24,3,17,4,23.53
2026-03-19T21:56:12Z,2026-03-25,1,17,8,47.06
2026-03-19T21:56:12Z,2026-03-25,2,17,10,58.82
2026-03-19T21:56:12Z,2026-03-25,3,17,5,29.41
2026-03-19T22:00:43Z,2026-03-19,1,17,10,58.82
2026-03-19T22:00:43Z,2026-03-19,2,17,11.5,67.65
2026-03-19T22:00:43Z,2026-03-19,3,17,7,41.18
2026-03-19T22:00:48Z,2026-03-20,1,17,11,64.71
2026-03-19T22:00:48Z,2026-03-20,2,17,10,58.82
2026-03-19T22:00:48Z,2026-03-20,3,17,9,52.94
2026-03-19T22:00:53Z,2026-03-21,1,17,12,70.59
2026-03-19T22:00:53Z,2026-03-21,2,17,12,70.59
2026-03-19T22:00:53Z,2026-03-21,3,17,12,70.59
2026-03-19T22:00:58Z,2026-03-22,1,17,12,70.59
2026-03-19T22:00:58Z,2026-03-22,2,17,12,70.59
2026-03-19T22:00:58Z,2026-03-22,3,17,12,70.59
2026-03-19T22:01:03Z,2026-03-23,1,17,7,41.18
2026-03-19T22:01:03Z,2026-03-23,2,17,5,29.41
2026-03-19T22:01:03Z,2026-03-23,3,17,4,23.53
2026-03-19T22:01:08Z,2026-03-24,1,17,7,41.18
2026-03-19T22:01:08Z,2026-03-24,2,17,9.5,55.88
2026-03-19T22:01:08Z,2026-03-24,3,17,4,23.53
2026-03-19T22:01:13Z,2026-03-25,1,17,8,47.06
2026-03-19T22:01:13Z,2026-03-25,2,17,10,58.82
2026-03-19T22:01:13Z,2026-03-25,3,17,5,29.41
2026-03-19T22:05:40Z,2026-03-19,1,17,10,58.82
2026-03-19T22:05:40Z,2026-03-19,2,17,11.5,67.65
2026-03-19T22:05:40Z,2026-03-19,3,17,7,41.18
2026-03-19T22:05:45Z,2026-03-20,1,17,11,64.71
2026-03-19T22:05:45Z,2026-03-20,2,17,10,58.82
2026-03-19T22:05:45Z,2026-03-20,3,17,9,52.94
2026-03-19T22:05:50Z,2026-03-21,1,17,12,70.59
2026-03-19T22:05:50Z,2026-03-21,2,17,12,70.59
2026-03-19T22:05:50Z,2026-03-21,3,17,12,70.59
2026-03-19T22:05:55Z,2026-03-22,1,17,12,70.59
2026-03-19T22:05:55Z,2026-03-22,2,17,12,70.59
2026-03-19T22:05:55Z,2026-03-22,3,17,12,70.59
2026-03-19T22:06:01Z,2026-03-23,1,17,7,41.18
2026-03-19T22:06:01Z,2026-03-23,2,17,5,29.41
2026-03-19T22:06:01Z,2026-03-23,3,17,4,23.53
2026-03-19T22:06:06Z,2026-03-24,1,17,7,41.18
2026-03-19T22:06:06Z,2026-03-24,2,17,9.5,55.88
2026-03-19T22:06:06Z,2026-03-24,3,17,4,23.53
2026-03-19T22:06:11Z,2026-03-25,1,17,8,47.06
2026-03-19T22:06:11Z,2026-03-25,2,17,10,58.82
2026-03-19T22:06:11Z,2026-03-25,3,17,5,29.41
2026-03-19T22:10:50Z,2026-03-19,1,17,10,58.82
2026-03-19T22:10:50Z,2026-03-19,2,17,11.5,67.65
2026-03-19T22:10:50Z,2026-03-19,3,17,7,41.18
2026-03-19T22:10:55Z,2026-03-20,1,17,11,64.71
2026-03-19T22:10:55Z,2026-03-20,2,17,10,58.82
2026-03-19T22:10:55Z,2026-03-20,3,17,9,52.94
2026-03-19T22:11:00Z,2026-03-21,1,17,12,70.59
2026-03-19T22:11:00Z,2026-03-21,2,17,12,70.59
2026-03-19T22:11:00Z,2026-03-21,3,17,12,70.59
2026-03-19T22:11:05Z,2026-03-22,1,17,12,70.59
2026-03-19T22:11:05Z,2026-03-22,2,17,12,70.59
2026-03-19T22:11:05Z,2026-03-22,3,17,12,70.59
2026-03-19T22:11:10Z,2026-03-23,1,17,7,41.18
2026-03-19T22:11:10Z,2026-03-23,2,17,5,29.41
2026-03-19T22:11:10Z,2026-03-23,3,17,4,23.53
2026-03-19T22:11:15Z,2026-03-24,1,17,7,41.18
2026-03-19T22:11:15Z,2026-03-24,2,17,9.5,55.88
2026-03-19T22:11:15Z,2026-03-24,3,17,4,23.53
2026-03-19T22:11:20Z,2026-03-25,1,17,8,47.06
2026-03-19T22:11:20Z,2026-03-25,2,17,10,58.82
2026-03-19T22:11:20Z,2026-03-25,3,17,5,29.41
2026-03-19T22:15:44Z,2026-03-19,1,17,10,58.82
2026-03-19T22:15:44Z,2026-03-19,2,17,11.5,67.65
2026-03-19T22:15:44Z,2026-03-19,3,17,7,41.18
2026-03-19T22:15:49Z,2026-03-20,1,17,11,64.71
2026-03-19T22:15:49Z,2026-03-20,2,17,10,58.82
2026-03-19T22:15:49Z,2026-03-20,3,17,9,52.94
2026-03-19T22:15:54Z,2026-03-21,1,17,12,70.59
2026-03-19T22:15:54Z,2026-03-21,2,17,12,70.59
2026-03-19T22:15:54Z,2026-03-21,3,17,12,70.59
2026-03-19T22:15:59Z,2026-03-22,1,17,12,70.59
2026-03-19T22:15:59Z,2026-03-22,2,17,12,70.59
2026-03-19T22:15:59Z,2026-03-22,3,17,12,70.59
2026-03-19T22:16:04Z,2026-03-23,1,17,7,41.18
2026-03-19T22:16:04Z,2026-03-23,2,17,5,29.41
2026-03-19T22:16:04Z,2026-03-23,3,17,4,23.53
2026-03-19T22:16:09Z,2026-03-24,1,17,7,41.18
2026-03-19T22:16:09Z,2026-03-24,2,17,9.5,55.88
2026-03-19T22:16:09Z,2026-03-24,3,17,4,23.53
2026-03-19T22:16:15Z,2026-03-25,1,17,8,47.06
2026-03-19T22:16:15Z,2026-03-25,2,17,10,58.82
2026-03-19T22:16:15Z,2026-03-25,3,17,5,29.41
2026-03-19T22:20:38Z,2026-03-19,1,17,10,58.82
2026-03-19T22:20:38Z,2026-03-19,2,17,11.5,67.65
2026-03-19T22:20:38Z,2026-03-19,3,17,7,41.18
2026-03-19T22:20:43Z,2026-03-20,1,17,11,64.71
2026-03-19T22:20:43Z,2026-03-20,2,17,10,58.82
2026-03-19T22:20:43Z,2026-03-20,3,17,9,52.94
2026-03-19T22:20:48Z,2026-03-21,1,17,12,70.59
2026-03-19T22:20:48Z,2026-03-21,2,17,12,70.59
2026-03-19T22:20:48Z,2026-03-21,3,17,12,70.59
2026-03-19T22:20:53Z,2026-03-22,1,17,12,70.59
2026-03-19T22:20:53Z,2026-03-22,2,17,12,70.59
2026-03-19T22:20:53Z,2026-03-22,3,17,12,70.59
2026-03-19T22:20:58Z,2026-03-23,1,17,7,41.18
2026-03-19T22:20:58Z,2026-03-23,2,17,5,29.41
2026-03-19T22:20:58Z,2026-03-23,3,17,4,23.53
2026-03-19T22:21:03Z,2026-03-24,1,17,7,41.18
2026-03-19T22:21:03Z,2026-03-24,2,17,9.5,55.88
2026-03-19T22:21:03Z,2026-03-24,3,17,4,23.53
2026-03-19T22:21:08Z,2026-03-25,1,17,8,47.06
2026-03-19T22:21:08Z,2026-03-25,2,17,10,58.82
2026-03-19T22:21:08Z,2026-03-25,3,17,5,29.41
2026-03-19T22:25:41Z,2026-03-19,1,17,10,58.82
2026-03-19T22:25:41Z,2026-03-19,2,17,11.5,67.65
2026-03-19T22:25:41Z,2026-03-19,3,17,7,41.18
2026-03-19T22:25:46Z,2026-03-20,1,17,11,64.71
2026-03-19T22:25:46Z,2026-03-20,2,17,10,58.82
2026-03-19T22:25:46Z,2026-03-20,3,17,9,52.94
2026-03-19T22:25:51Z,2026-03-21,1,17,12,70.59
2026-03-19T22:25:51Z,2026-03-21,2,17,12,70.59
2026-03-19T22:25:51Z,2026-03-21,3,17,12,70.59
2026-03-19T22:25:56Z,2026-03-22,1,17,12,70.59
2026-03-19T22:25:56Z,2026-03-22,2,17,12,70.59
2026-03-19T22:25:56Z,2026-03-22,3,17,12,70.59
2026-03-19T22:26:01Z,2026-03-23,1,17,7,41.18
2026-03-19T22:26:01Z,2026-03-23,2,17,5,29.41
2026-03-19T22:26:01Z,2026-03-23,3,17,4,23.53
2026-03-19T22:26:07Z,2026-03-24,1,17,7,41.18
2026-03-19T22:26:07Z,2026-03-24,2,17,9.5,55.88
2026-03-19T22:26:07Z,2026-03-24,3,17,4,23.53
2026-03-19T22:26:12Z,2026-03-25,1,17,8,47.06
2026-03-19T22:26:12Z,2026-03-25,2,17,10,58.82
2026-03-19T22:26:12Z,2026-03-25,3,17,5,29.41
2026-03-19T22:30:43Z,2026-03-19,1,17,10,58.82
2026-03-19T22:30:43Z,2026-03-19,2,17,11.5,67.65
2026-03-19T22:30:43Z,2026-03-19,3,17,7,41.18
2026-03-19T22:30:48Z,2026-03-20,1,17,11,64.71
2026-03-19T22:30:48Z,2026-03-20,2,17,10,58.82
2026-03-19T22:30:48Z,2026-03-20,3,17,9,52.94
2026-03-19T22:30:53Z,2026-03-21,1,17,12,70.59
2026-03-19T22:30:53Z,2026-03-21,2,17,12,70.59
2026-03-19T22:30:53Z,2026-03-21,3,17,12,70.59
2026-03-19T22:30:58Z,2026-03-22,1,17,12,70.59
2026-03-19T22:30:58Z,2026-03-22,2,17,12,70.59
2026-03-19T22:30:58Z,2026-03-22,3,17,12,70.59
2026-03-19T22:31:03Z,2026-03-23,1,17,7,41.18
2026-03-19T22:31:03Z,2026-03-23,2,17,5,29.41
2026-03-19T22:31:03Z,2026-03-23,3,17,4,23.53
2026-03-19T22:31:08Z,2026-03-24,1,17,7,41.18
2026-03-19T22:31:08Z,2026-03-24,2,17,9.5,55.88
2026-03-19T22:31:08Z,2026-03-24,3,17,4,23.53
2026-03-19T22:31:13Z,2026-03-25,1,17,8,47.06
2026-03-19T22:31:13Z,2026-03-25,2,17,10,58.82
2026-03-19T22:31:13Z,2026-03-25,3,17,5,29.41
2026-03-19T22:35:38Z,2026-03-19,1,17,10,58.82
2026-03-19T22:35:38Z,2026-03-19,2,17,11.5,67.65
2026-03-19T22:35:38Z,2026-03-19,3,17,7,41.18
2026-03-19T22:35:43Z,2026-03-20,1,17,11,64.71
2026-03-19T22:35:43Z,2026-03-20,2,17,10,58.82
2026-03-19T22:35:43Z,2026-03-20,3,17,9,52.94
2026-03-19T22:35:48Z,2026-03-21,1,17,12,70.59
2026-03-19T22:35:48Z,2026-03-21,2,17,12,70.59
2026-03-19T22:35:48Z,2026-03-21,3,17,12,70.59
2026-03-19T22:35:53Z,2026-03-22,1,17,12,70.59
2026-03-19T22:35:53Z,2026-03-22,2,17,12,70.59
2026-03-19T22:35:53Z,2026-03-22,3,17,12,70.59
2026-03-19T22:35:58Z,2026-03-23,1,17,7,41.18
2026-03-19T22:35:58Z,2026-03-23,2,17,5,29.41
2026-03-19T22:35:58Z,2026-03-23,3,17,4,23.53
2026-03-19T22:36:03Z,2026-03-24,1,17,7,41.18
2026-03-19T22:36:03Z,2026-03-24,2,17,9.5,55.88
2026-03-19T22:36:03Z,2026-03-24,3,17,4,23.53
2026-03-19T22:36:08Z,2026-03-25,1,17,8,47.06
2026-03-19T22:36:08Z,2026-03-25,2,17,10,58.82
2026-03-19T22:36:08Z,2026-03-25,3,17,5,29.41
2026-03-19T22:40:40Z,2026-03-19,1,17,10,58.82
2026-03-19T22:40:40Z,2026-03-19,2,17,11.5,67.65
2026-03-19T22:40:40Z,2026-03-19,3,17,7,41.18
2026-03-19T22:40:45Z,2026-03-20,1,17,11,64.71
2026-03-19T22:40:45Z,2026-03-20,2,17,10,58.82
2026-03-19T22:40:45Z,2026-03-20,3,17,9,52.94
2026-03-19T22:40:51Z,2026-03-21,1,17,12,70.59
2026-03-19T22:40:51Z,2026-03-21,2,17,12,70.59
2026-03-19T22:40:51Z,2026-03-21,3,17,12,70.59
2026-03-19T22:40:56Z,2026-03-22,1,17,12,70.59
2026-03-19T22:40:56Z,2026-03-22,2,17,12,70.59
2026-03-19T22:40:56Z,2026-03-22,3,17,12,70.59
2026-03-19T22:41:01Z,2026-03-23,1,17,7,41.18
2026-03-19T22:41:01Z,2026-03-23,2,17,5,29.41
2026-03-19T22:41:01Z,2026-03-23,3,17,4,23.53
2026-03-19T22:41:06Z,2026-03-24,1,17,7,41.18
2026-03-19T22:41:06Z,2026-03-24,2,17,9.5,55.88
2026-03-19T22:41:06Z,2026-03-24,3,17,4,23.53
2026-03-19T22:41:11Z,2026-03-25,1,17,8,47.06
2026-03-19T22:41:11Z,2026-03-25,2,17,10,58.82
2026-03-19T22:41:11Z,2026-03-25,3,17,5,29.41
2026-03-19T22:45:47Z,2026-03-19,1,17,10,58.82
2026-03-19T22:45:47Z,2026-03-19,2,17,11.5,67.65
2026-03-19T22:45:47Z,2026-03-19,3,17,7,41.18
2026-03-19T22:45:52Z,2026-03-20,1,17,11,64.71
2026-03-19T22:45:52Z,2026-03-20,2,17,10,58.82
2026-03-19T22:45:52Z,2026-03-20,3,17,9,52.94
2026-03-19T22:45:57Z,2026-03-21,1,17,12,70.59
2026-03-19T22:45:57Z,2026-03-21,2,17,12,70.59
2026-03-19T22:45:57Z,2026-03-21,3,17,12,70.59
2026-03-19T22:46:02Z,2026-03-22,1,17,12,70.59
2026-03-19T22:46:02Z,2026-03-22,2,17,12,70.59
2026-03-19T22:46:02Z,2026-03-22,3,17,12,70.59
2026-03-19T22:46:07Z,2026-03-23,1,17,7,41.18
2026-03-19T22:46:07Z,2026-03-23,2,17,5,29.41
2026-03-19T22:46:07Z,2026-03-23,3,17,4,23.53
2026-03-19T22:46:12Z,2026-03-24,1,17,7,41.18
2026-03-19T22:46:12Z,2026-03-24,2,17,9.5,55.88
2026-03-19T22:46:12Z,2026-03-24,3,17,4,23.53
2026-03-19T22:46:17Z,2026-03-25,1,17,8,47.06
2026-03-19T22:46:17Z,2026-03-25,2,17,10,58.82
2026-03-19T22:46:17Z,2026-03-25,3,17,5,29.41
2026-03-19T22:50:39Z,2026-03-19,1,17,10,58.82
2026-03-19T22:50:39Z,2026-03-19,2,17,11.5,67.65
2026-03-19T22:50:39Z,2026-03-19,3,17,7,41.18
2026-03-19T22:50:44Z,2026-03-20,1,17,11,64.71
2026-03-19T22:50:44Z,2026-03-20,2,17,10,58.82
2026-03-19T22:50:44Z,2026-03-20,3,17,9,52.94
2026-03-19T22:50:49Z,2026-03-21,1,17,12,70.59
2026-03-19T22:50:49Z,2026-03-21,2,17,12,70.59
2026-03-19T22:50:49Z,2026-03-21,3,17,12,70.59
2026-03-19T22:50:54Z,2026-03-22,1,17,12,70.59
2026-03-19T22:50:54Z,2026-03-22,2,17,12,70.59
2026-03-19T22:50:54Z,2026-03-22,3,17,12,70.59
2026-03-19T22:50:59Z,2026-03-23,1,17,7,41.18
2026-03-19T22:50:59Z,2026-03-23,2,17,5,29.41
2026-03-19T22:50:59Z,2026-03-23,3,17,4,23.53
2026-03-19T22:51:04Z,2026-03-24,1,17,7,41.18
2026-03-19T22:51:04Z,2026-03-24,2,17,9.5,55.88
2026-03-19T22:51:04Z,2026-03-24,3,17,4,23.53
2026-03-19T22:51:09Z,2026-03-25,1,17,8,47.06
2026-03-19T22:51:09Z,2026-03-25,2,17,10,58.82
2026-03-19T22:51:09Z,2026-03-25,3,17,5,29.41
2026-03-19T22:55:41Z,2026-03-19,1,17,10,58.82
2026-03-19T22:55:41Z,2026-03-19,2,17,11.5,67.65
2026-03-19T22:55:41Z,2026-03-19,3,17,7,41.18
2026-03-19T22:55:46Z,2026-03-20,1,17,11,64.71
2026-03-19T22:55:46Z,2026-03-20,2,17,10,58.82
2026-03-19T22:55:46Z,2026-03-20,3,17,9,52.94
2026-03-19T22:55:51Z,2026-03-21,1,17,12,70.59
2026-03-19T22:55:51Z,2026-03-21,2,17,12,70.59
2026-03-19T22:55:51Z,2026-03-21,3,17,12,70.59
2026-03-19T22:55:56Z,2026-03-22,1,17,12,70.59
2026-03-19T22:55:56Z,2026-03-22,2,17,12,70.59
2026-03-19T22:55:56Z,2026-03-22,3,17,12,70.59
2026-03-19T22:56:01Z,2026-03-23,1,17,7,41.18
2026-03-19T22:56:01Z,2026-03-23,2,17,5,29.41
2026-03-19T22:56:01Z,2026-03-23,3,17,4,23.53
2026-03-19T22:56:06Z,2026-03-24,1,17,7,41.18
2026-03-19T22:56:06Z,2026-03-24,2,17,9.5,55.88
2026-03-19T22:56:06Z,2026-03-24,3,17,4,23.53
2026-03-19T22:56:11Z,2026-03-25,1,17,8,47.06
2026-03-19T22:56:11Z,2026-03-25,2,17,10,58.82
2026-03-19T22:56:11Z,2026-03-25,3,17,5,29.41
2026-03-19T23:00:45Z,2026-03-19,1,17,10,58.82
2026-03-19T23:00:45Z,2026-03-19,2,17,11.5,67.65
2026-03-19T23:00:45Z,2026-03-19,3,17,7,41.18
2026-03-19T23:00:50Z,2026-03-20,1,17,11,64.71
2026-03-19T23:00:50Z,2026-03-20,2,17,10,58.82
2026-03-19T23:00:50Z,2026-03-20,3,17,11,64.71
2026-03-19T23:00:56Z,2026-03-21,1,17,12,70.59
2026-03-19T23:00:56Z,2026-03-21,2,17,12,70.59
2026-03-19T23:00:56Z,2026-03-21,3,17,12,70.59
2026-03-19T23:01:01Z,2026-03-22,1,17,12,70.59
2026-03-19T23:01:01Z,2026-03-22,2,17,12,70.59
2026-03-19T23:01:01Z,2026-03-22,3,17,12,70.59
2026-03-19T23:01:06Z,2026-03-23,1,17,7,41.18
2026-03-19T23:01:06Z,2026-03-23,2,17,5,29.41
2026-03-19T23:01:06Z,2026-03-23,3,17,4,23.53
2026-03-19T23:01:11Z,2026-03-24,1,17,7,41.18
2026-03-19T23:01:11Z,2026-03-24,2,17,9.5,55.88
2026-03-19T23:01:11Z,2026-03-24,3,17,4,23.53
2026-03-19T23:01:16Z,2026-03-25,1,17,8,47.06
2026-03-19T23:01:16Z,2026-03-25,2,17,10,58.82
2026-03-19T23:01:16Z,2026-03-25,3,17,5,29.41
2026-03-19T23:10:13Z,2026-03-19,1,17,10,58.82
2026-03-19T23:10:13Z,2026-03-19,2,17,11.5,67.65
2026-03-19T23:10:13Z,2026-03-19,3,17,7,41.18
2026-03-19T23:10:18Z,2026-03-20,1,17,11,64.71
2026-03-19T23:10:18Z,2026-03-20,2,17,10,58.82
2026-03-19T23:10:18Z,2026-03-20,3,17,11,64.71
2026-03-19T23:10:23Z,2026-03-21,1,17,12,70.59
2026-03-19T23:10:23Z,2026-03-21,2,17,12,70.59
2026-03-19T23:10:23Z,2026-03-21,3,17,12,70.59
2026-03-19T23:10:28Z,2026-03-22,1,17,12,70.59
2026-03-19T23:10:28Z,2026-03-22,2,17,12,70.59
2026-03-19T23:10:28Z,2026-03-22,3,17,12,70.59
2026-03-19T23:10:33Z,2026-03-23,1,17,7,41.18
2026-03-19T23:10:33Z,2026-03-23,2,17,5,29.41
2026-03-19T23:10:33Z,2026-03-23,3,17,4,23.53
2026-03-19T23:10:38Z,2026-03-24,1,17,7,41.18
2026-03-19T23:10:38Z,2026-03-24,2,17,9.5,55.88
2026-03-19T23:10:38Z,2026-03-24,3,17,4,23.53
2026-03-19T23:10:43Z,2026-03-25,1,17,8,47.06
2026-03-19T23:10:43Z,2026-03-25,2,17,10,58.82
2026-03-19T23:10:43Z,2026-03-25,3,17,5,29.41
2026-03-19T23:15:49Z,2026-03-19,1,17,10,58.82
2026-03-19T23:15:49Z,2026-03-19,2,17,11.5,67.65
2026-03-19T23:15:49Z,2026-03-19,3,17,7,41.18
2026-03-19T23:15:54Z,2026-03-20,1,17,11,64.71
2026-03-19T23:15:54Z,2026-03-20,2,17,10,58.82
2026-03-19T23:15:54Z,2026-03-20,3,17,11,64.71
2026-03-19T23:16:00Z,2026-03-21,1,17,12,70.59
2026-03-19T23:16:00Z,2026-03-21,2,17,12,70.59
2026-03-19T23:16:00Z,2026-03-21,3,17,12,70.59
2026-03-19T23:16:05Z,2026-03-22,1,17,12,70.59
2026-03-19T23:16:05Z,2026-03-22,2,17,12,70.59
2026-03-19T23:16:05Z,2026-03-22,3,17,12,70.59
2026-03-19T23:16:10Z,2026-03-23,1,17,7,41.18
2026-03-19T23:16:10Z,2026-03-23,2,17,5,29.41
2026-03-19T23:16:10Z,2026-03-23,3,17,4,23.53
2026-03-19T23:16:15Z,2026-03-24,1,17,7,41.18
2026-03-19T23:16:15Z,2026-03-24,2,17,9.5,55.88
2026-03-19T23:16:15Z,2026-03-24,3,17,4,23.53
2026-03-19T23:16:20Z,2026-03-25,1,17,8,47.06
2026-03-19T23:16:20Z,2026-03-25,2,17,10,58.82
2026-03-19T23:16:20Z,2026-03-25,3,17,5,29.41
2026-03-19T23:20:43Z,2026-03-19,1,17,10,58.82
2026-03-19T23:20:43Z,2026-03-19,2,17,11.5,67.65
2026-03-19T23:20:43Z,2026-03-19,3,17,7,41.18
2026-03-19T23:20:48Z,2026-03-20,1,17,11,64.71
2026-03-19T23:20:48Z,2026-03-20,2,17,10,58.82
2026-03-19T23:20:48Z,2026-03-20,3,17,11,64.71
2026-03-19T23:20:53Z,2026-03-21,1,17,12,70.59
2026-03-19T23:20:53Z,2026-03-21,2,17,12,70.59
2026-03-19T23:20:53Z,2026-03-21,3,17,12,70.59
2026-03-19T23:20:58Z,2026-03-22,1,17,12,70.59
2026-03-19T23:20:58Z,2026-03-22,2,17,12,70.59
2026-03-19T23:20:58Z,2026-03-22,3,17,12,70.59
2026-03-19T23:21:03Z,2026-03-23,1,17,7,41.18
2026-03-19T23:21:03Z,2026-03-23,2,17,5,29.41
2026-03-19T23:21:03Z,2026-03-23,3,17,4,23.53
2026-03-19T23:21:09Z,2026-03-24,1,17,7,41.18
2026-03-19T23:21:09Z,2026-03-24,2,17,9.5,55.88
2026-03-19T23:21:09Z,2026-03-24,3,17,4,23.53
2026-03-19T23:21:14Z,2026-03-25,1,17,8,47.06
2026-03-19T23:21:14Z,2026-03-25,2,17,10,58.82
2026-03-19T23:21:14Z,2026-03-25,3,17,5,29.41
2026-03-19T23:25:43Z,2026-03-19,1,17,10,58.82
2026-03-19T23:25:43Z,2026-03-19,2,17,11.5,67.65
2026-03-19T23:25:43Z,2026-03-19,3,17,7,41.18
2026-03-19T23:25:48Z,2026-03-20,1,17,11,64.71
2026-03-19T23:25:48Z,2026-03-20,2,17,10,58.82
2026-03-19T23:25:48Z,2026-03-20,3,17,11,64.71
2026-03-19T23:25:53Z,2026-03-21,1,17,12,70.59
2026-03-19T23:25:53Z,2026-03-21,2,17,12,70.59
2026-03-19T23:25:53Z,2026-03-21,3,17,12,70.59
2026-03-19T23:25:58Z,2026-03-22,1,17,12,70.59
2026-03-19T23:25:58Z,2026-03-22,2,17,12,70.59
2026-03-19T23:25:58Z,2026-03-22,3,17,12,70.59
2026-03-19T23:26:04Z,2026-03-23,1,17,7,41.18
2026-03-19T23:26:04Z,2026-03-23,2,17,5,29.41
2026-03-19T23:26:04Z,2026-03-23,3,17,4,23.53
2026-03-19T23:26:09Z,2026-03-24,1,17,7,41.18
2026-03-19T23:26:09Z,2026-03-24,2,17,9.5,55.88
2026-03-19T23:26:09Z,2026-03-24,3,17,4,23.53
2026-03-19T23:26:14Z,2026-03-25,1,17,8,47.06
2026-03-19T23:26:14Z,2026-03-25,2,17,10,58.82
2026-03-19T23:26:14Z,2026-03-25,3,17,5,29.41
2026-03-19T23:30:40Z,2026-03-19,1,17,10,58.82
2026-03-19T23:30:40Z,2026-03-19,2,17,11.5,67.65
2026-03-19T23:30:40Z,2026-03-19,3,17,7,41.18
2026-03-19T23:30:45Z,2026-03-20,1,17,11,64.71
2026-03-19T23:30:45Z,2026-03-20,2,17,10,58.82
2026-03-19T23:30:45Z,2026-03-20,3,17,11,64.71
2026-03-19T23:30:50Z,2026-03-21,1,17,12,70.59
2026-03-19T23:30:50Z,2026-03-21,2,17,12,70.59
2026-03-19T23:30:50Z,2026-03-21,3,17,12,70.59
2026-03-19T23:30:56Z,2026-03-22,1,17,12,70.59
2026-03-19T23:30:56Z,2026-03-22,2,17,12,70.59
2026-03-19T23:30:56Z,2026-03-22,3,17,12,70.59
2026-03-19T23:31:01Z,2026-03-23,1,17,7,41.18
2026-03-19T23:31:01Z,2026-03-23,2,17,5,29.41
2026-03-19T23:31:01Z,2026-03-23,3,17,4,23.53
2026-03-19T23:31:06Z,2026-03-24,1,17,7,41.18
2026-03-19T23:31:06Z,2026-03-24,2,17,9.5,55.88
2026-03-19T23:31:06Z,2026-03-24,3,17,4,23.53
2026-03-19T23:31:11Z,2026-03-25,1,17,8,47.06
2026-03-19T23:31:11Z,2026-03-25,2,17,10,58.82
2026-03-19T23:31:11Z,2026-03-25,3,17,5,29.41
2026-03-19T23:39:06Z,2026-03-19,1,17,10,58.82
2026-03-19T23:39:06Z,2026-03-19,2,17,11.5,67.65
2026-03-19T23:39:06Z,2026-03-19,3,17,7,41.18
2026-03-19T23:39:11Z,2026-03-20,1,17,11,64.71
2026-03-19T23:39:11Z,2026-03-20,2,17,10,58.82
2026-03-19T23:39:11Z,2026-03-20,3,17,11,64.71
2026-03-19T23:39:16Z,2026-03-21,1,17,12,70.59
2026-03-19T23:39:16Z,2026-03-21,2,17,12,70.59
2026-03-19T23:39:16Z,2026-03-21,3,17,12,70.59
2026-03-19T23:39:21Z,2026-03-22,1,17,12,70.59
2026-03-19T23:39:21Z,2026-03-22,2,17,12,70.59
2026-03-19T23:39:21Z,2026-03-22,3,17,12,70.59
2026-03-19T23:39:26Z,2026-03-23,1,17,7,41.18
2026-03-19T23:39:26Z,2026-03-23,2,17,5,29.41
2026-03-19T23:39:26Z,2026-03-23,3,17,4,23.53
2026-03-19T23:39:31Z,2026-03-24,1,17,7,41.18
2026-03-19T23:39:31Z,2026-03-24,2,17,9.5,55.88
2026-03-19T23:39:31Z,2026-03-24,3,17,4,23.53
2026-03-19T23:39:36Z,2026-03-25,1,17,8,47.06
2026-03-19T23:39:36Z,2026-03-25,2,17,10,58.82
2026-03-19T23:39:36Z,2026-03-25,3,17,5,29.41
2026-03-19T23:40:40Z,2026-03-19,1,17,10,58.82
2026-03-19T23:40:40Z,2026-03-19,2,17,11.5,67.65
2026-03-19T23:40:40Z,2026-03-19,3,17,7,41.18
2026-03-19T23:40:46Z,2026-03-20,1,17,11,64.71
2026-03-19T23:40:46Z,2026-03-20,2,17,10,58.82
2026-03-19T23:40:46Z,2026-03-20,3,17,11,64.71
2026-03-19T23:40:51Z,2026-03-21,1,17,12,70.59
2026-03-19T23:40:51Z,2026-03-21,2,17,12,70.59
2026-03-19T23:40:51Z,2026-03-21,3,17,12,70.59
2026-03-19T23:40:56Z,2026-03-22,1,17,12,70.59
2026-03-19T23:40:56Z,2026-03-22,2,17,12,70.59
2026-03-19T23:40:56Z,2026-03-22,3,17,12,70.59
2026-03-19T23:41:01Z,2026-03-23,1,17,7,41.18
2026-03-19T23:41:01Z,2026-03-23,2,17,5,29.41
2026-03-19T23:41:01Z,2026-03-23,3,17,4,23.53
2026-03-19T23:41:06Z,2026-03-24,1,17,7,41.18
2026-03-19T23:41:06Z,2026-03-24,2,17,9.5,55.88
2026-03-19T23:41:06Z,2026-03-24,3,17,4,23.53
2026-03-19T23:41:11Z,2026-03-25,1,17,8,47.06
2026-03-19T23:41:11Z,2026-03-25,2,17,10,58.82
2026-03-19T23:41:11Z,2026-03-25,3,17,5,29.41
2026-03-19T23:45:37Z,2026-03-19,1,17,10,58.82
2026-03-19T23:45:37Z,2026-03-19,2,17,11.5,67.65
2026-03-19T23:45:37Z,2026-03-19,3,17,7,41.18
2026-03-19T23:45:42Z,2026-03-20,1,17,11,64.71
2026-03-19T23:45:42Z,2026-03-20,2,17,10,58.82
2026-03-19T23:45:42Z,2026-03-20,3,17,11,64.71
2026-03-19T23:45:47Z,2026-03-21,1,17,12,70.59
2026-03-19T23:45:47Z,2026-03-21,2,17,12,70.59
2026-03-19T23:45:47Z,2026-03-21,3,17,12,70.59
2026-03-19T23:45:52Z,2026-03-22,1,17,12,70.59
2026-03-19T23:45:52Z,2026-03-22,2,17,12,70.59
2026-03-19T23:45:52Z,2026-03-22,3,17,12,70.59
2026-03-19T23:45:57Z,2026-03-23,1,17,7,41.18
2026-03-19T23:45:57Z,2026-03-23,2,17,5,29.41
2026-03-19T23:45:57Z,2026-03-23,3,17,4,23.53
2026-03-19T23:46:02Z,2026-03-24,1,17,7,41.18
2026-03-19T23:46:02Z,2026-03-24,2,17,9.5,55.88
2026-03-19T23:46:02Z,2026-03-24,3,17,4,23.53
2026-03-19T23:46:07Z,2026-03-25,1,17,8,47.06
2026-03-19T23:46:07Z,2026-03-25,2,17,10,58.82
2026-03-19T23:46:07Z,2026-03-25,3,17,5,29.41
2026-03-19T23:50:37Z,2026-03-19,1,17,10,58.82
2026-03-19T23:50:37Z,2026-03-19,2,17,11.5,67.65
2026-03-19T23:50:37Z,2026-03-19,3,17,7,41.18
2026-03-19T23:50:43Z,2026-03-20,1,17,11,64.71
2026-03-19T23:50:43Z,2026-03-20,2,17,10,58.82
2026-03-19T23:50:43Z,2026-03-20,3,17,11,64.71
2026-03-19T23:50:48Z,2026-03-21,1,17,12,70.59
2026-03-19T23:50:48Z,2026-03-21,2,17,12,70.59
2026-03-19T23:50:48Z,2026-03-21,3,17,12,70.59
2026-03-19T23:50:53Z,2026-03-22,1,17,12,70.59
2026-03-19T23:50:53Z,2026-03-22,2,17,12,70.59
2026-03-19T23:50:53Z,2026-03-22,3,17,12,70.59
2026-03-19T23:50:58Z,2026-03-23,1,17,7,41.18
2026-03-19T23:50:58Z,2026-03-23,2,17,5,29.41
2026-03-19T23:50:58Z,2026-03-23,3,17,4,23.53
2026-03-19T23:51:03Z,2026-03-24,1,17,7,41.18
2026-03-19T23:51:03Z,2026-03-24,2,17,9.5,55.88
2026-03-19T23:51:03Z,2026-03-24,3,17,4,23.53
2026-03-19T23:51:08Z,2026-03-25,1,17,8,47.06
2026-03-19T23:51:08Z,2026-03-25,2,17,10,58.82
2026-03-19T23:51:08Z,2026-03-25,3,17,5,29.41
2026-03-19T23:55:42Z,2026-03-19,1,17,10,58.82
2026-03-19T23:55:42Z,2026-03-19,2,17,11.5,67.65
2026-03-19T23:55:42Z,2026-03-19,3,17,7,41.18
2026-03-19T23:55:47Z,2026-03-20,1,17,11,64.71
2026-03-19T23:55:47Z,2026-03-20,2,17,10,58.82
2026-03-19T23:55:47Z,2026-03-20,3,17,11,64.71
2026-03-19T23:55:52Z,2026-03-21,1,17,12,70.59
2026-03-19T23:55:52Z,2026-03-21,2,17,12,70.59
2026-03-19T23:55:52Z,2026-03-21,3,17,12,70.59
2026-03-19T23:55:57Z,2026-03-22,1,17,12,70.59
2026-03-19T23:55:57Z,2026-03-22,2,17,12,70.59
2026-03-19T23:55:57Z,2026-03-22,3,17,12,70.59
2026-03-19T23:56:03Z,2026-03-23,1,17,7,41.18
2026-03-19T23:56:03Z,2026-03-23,2,17,5,29.41
2026-03-19T23:56:03Z,2026-03-23,3,17,4,23.53
2026-03-19T23:56:08Z,2026-03-24,1,17,7,41.18
2026-03-19T23:56:08Z,2026-03-24,2,17,9.5,55.88
2026-03-19T23:56:08Z,2026-03-24,3,17,4,23.53
2026-03-19T23:56:13Z,2026-03-25,1,17,8,47.06
2026-03-19T23:56:13Z,2026-03-25,2,17,10,58.82
2026-03-19T23:56:13Z,2026-03-25,3,17,5,29.41
2026-03-19T23:57:40Z,2026-03-19,1,17,10,58.82
2026-03-19T23:57:40Z,2026-03-19,2,17,11.5,67.65
2026-03-19T23:57:40Z,2026-03-19,3,17,7,41.18
2026-03-19T23:57:45Z,2026-03-20,1,17,11,64.71
2026-03-19T23:57:45Z,2026-03-20,2,17,10,58.82
2026-03-19T23:57:45Z,2026-03-20,3,17,11,64.71
2026-03-19T23:57:50Z,2026-03-21,1,17,12,70.59
2026-03-19T23:57:50Z,2026-03-21,2,17,12,70.59
2026-03-19T23:57:50Z,2026-03-21,3,17,12,70.59
2026-03-19T23:57:56Z,2026-03-22,1,17,12,70.59
2026-03-19T23:57:56Z,2026-03-22,2,17,12,70.59
2026-03-19T23:57:56Z,2026-03-22,3,17,12,70.59
2026-03-19T23:58:01Z,2026-03-23,1,17,7,41.18
2026-03-19T23:58:01Z,2026-03-23,2,17,5,29.41
2026-03-19T23:58:01Z,2026-03-23,3,17,4,23.53
2026-03-19T23:58:06Z,2026-03-24,1,17,7,41.18
2026-03-19T23:58:06Z,2026-03-24,2,17,9.5,55.88
2026-03-19T23:58:06Z,2026-03-24,3,17,4,23.53
2026-03-19T23:58:11Z,2026-03-25,1,17,8,47.06
2026-03-19T23:58:11Z,2026-03-25,2,17,10,58.82
2026-03-19T23:58:11Z,2026-03-25,3,17,5,29.41
2026-03-20T00:01:19Z,2026-03-20,1,17,11,64.71
2026-03-20T00:01:19Z,2026-03-20,2,17,10,58.82
2026-03-20T00:01:19Z,2026-03-20,3,17,11,64.71
2026-03-20T00:01:24Z,2026-03-21,1,17,12,70.59
2026-03-20T00:01:24Z,2026-03-21,2,17,12,70.59
2026-03-20T00:01:24Z,2026-03-21,3,17,12,70.59
2026-03-20T00:01:29Z,2026-03-22,1,17,12,70.59
2026-03-20T00:01:29Z,2026-03-22,2,17,12,70.59
2026-03-20T00:01:29Z,2026-03-22,3,17,12,70.59
2026-03-20T00:01:34Z,2026-03-23,1,17,7,41.18
2026-03-20T00:01:34Z,2026-03-23,2,17,5,29.41
2026-03-20T00:01:34Z,2026-03-23,3,17,4,23.53
2026-03-20T00:01:39Z,2026-03-24,1,17,7,41.18
2026-03-20T00:01:39Z,2026-03-24,2,17,9.5,55.88
2026-03-20T00:01:39Z,2026-03-24,3,17,4,23.53
2026-03-20T00:01:44Z,2026-03-25,1,17,8,47.06
2026-03-20T00:01:44Z,2026-03-25,2,17,10,58.82
2026-03-20T00:01:44Z,2026-03-25,3,17,5,29.41
2026-03-20T00:01:49Z,2026-03-26,1,17,7,41.18
2026-03-20T00:01:49Z,2026-03-26,2,17,7,41.18
2026-03-20T00:01:49Z,2026-03-26,3,17,3,17.65
2026-03-20T00:05:38Z,2026-03-20,1,17,11,64.71
2026-03-20T00:05:38Z,2026-03-20,2,17,10,58.82
2026-03-20T00:05:38Z,2026-03-20,3,17,11,64.71
2026-03-20T00:05:43Z,2026-03-21,1,17,12,70.59
2026-03-20T00:05:43Z,2026-03-21,2,17,12,70.59
2026-03-20T00:05:43Z,2026-03-21,3,17,12,70.59
2026-03-20T00:05:48Z,2026-03-22,1,17,12,70.59
2026-03-20T00:05:48Z,2026-03-22,2,17,12,70.59
2026-03-20T00:05:48Z,2026-03-22,3,17,12,70.59
2026-03-20T00:05:53Z,2026-03-23,1,17,7,41.18
2026-03-20T00:05:53Z,2026-03-23,2,17,5,29.41
2026-03-20T00:05:53Z,2026-03-23,3,17,4,23.53
2026-03-20T00:05:59Z,2026-03-24,1,17,7,41.18
2026-03-20T00:05:59Z,2026-03-24,2,17,9.5,55.88
2026-03-20T00:05:59Z,2026-03-24,3,17,4,23.53
2026-03-20T00:06:04Z,2026-03-25,1,17,8,47.06
2026-03-20T00:06:04Z,2026-03-25,2,17,10,58.82
2026-03-20T00:06:04Z,2026-03-25,3,17,5,29.41
2026-03-20T00:06:09Z,2026-03-26,1,17,7,41.18
2026-03-20T00:06:09Z,2026-03-26,2,17,7,41.18
2026-03-20T00:06:09Z,2026-03-26,3,17,3,17.65
2026-03-20T00:10:44Z,2026-03-20,1,17,11,64.71
2026-03-20T00:10:44Z,2026-03-20,2,17,10,58.82
2026-03-20T00:10:44Z,2026-03-20,3,17,11,64.71
2026-03-20T00:10:49Z,2026-03-21,1,17,12,70.59
2026-03-20T00:10:49Z,2026-03-21,2,17,12,70.59
2026-03-20T00:10:49Z,2026-03-21,3,17,12,70.59
2026-03-20T00:10:54Z,2026-03-22,1,17,12,70.59
2026-03-20T00:10:54Z,2026-03-22,2,17,12,70.59
2026-03-20T00:10:54Z,2026-03-22,3,17,12,70.59
2026-03-20T00:10:59Z,2026-03-23,1,17,7,41.18
2026-03-20T00:10:59Z,2026-03-23,2,17,5,29.41
2026-03-20T00:10:59Z,2026-03-23,3,17,4,23.53
2026-03-20T00:11:04Z,2026-03-24,1,17,7,41.18
2026-03-20T00:11:04Z,2026-03-24,2,17,9.5,55.88
2026-03-20T00:11:04Z,2026-03-24,3,17,4,23.53
2026-03-20T00:11:09Z,2026-03-25,1,17,8,47.06
2026-03-20T00:11:09Z,2026-03-25,2,17,10,58.82
2026-03-20T00:11:09Z,2026-03-25,3,17,5,29.41
2026-03-20T00:11:14Z,2026-03-26,1,17,7,41.18
2026-03-20T00:11:14Z,2026-03-26,2,17,7,41.18
2026-03-20T00:11:14Z,2026-03-26,3,17,3,17.65
2026-03-20T00:15:53Z,2026-03-20,1,17,11,64.71
2026-03-20T00:15:53Z,2026-03-20,2,17,10,58.82
2026-03-20T00:15:53Z,2026-03-20,3,17,11,64.71
2026-03-20T00:15:58Z,2026-03-21,1,17,12,70.59
2026-03-20T00:15:58Z,2026-03-21,2,17,12,70.59
2026-03-20T00:15:58Z,2026-03-21,3,17,12,70.59
2026-03-20T00:16:03Z,2026-03-22,1,17,12,70.59
2026-03-20T00:16:03Z,2026-03-22,2,17,12,70.59
2026-03-20T00:16:03Z,2026-03-22,3,17,12,70.59
2026-03-20T00:16:08Z,2026-03-23,1,17,7,41.18
2026-03-20T00:16:08Z,2026-03-23,2,17,5,29.41
2026-03-20T00:16:08Z,2026-03-23,3,17,4,23.53
2026-03-20T00:16:13Z,2026-03-24,1,17,7,41.18
2026-03-20T00:16:13Z,2026-03-24,2,17,9.5,55.88
2026-03-20T00:16:13Z,2026-03-24,3,17,4,23.53
2026-03-20T00:16:19Z,2026-03-25,1,17,8,47.06
2026-03-20T00:16:19Z,2026-03-25,2,17,10,58.82
2026-03-20T00:16:19Z,2026-03-25,3,17,5,29.41
2026-03-20T00:16:24Z,2026-03-26,1,17,7,41.18
2026-03-20T00:16:24Z,2026-03-26,2,17,7,41.18
2026-03-20T00:16:24Z,2026-03-26,3,17,3,17.65
2026-03-20T00:20:55Z,2026-03-20,1,17,11,64.71
2026-03-20T00:20:55Z,2026-03-20,2,17,10,58.82
2026-03-20T00:20:55Z,2026-03-20,3,17,11,64.71
2026-03-20T00:21:00Z,2026-03-21,1,17,12,70.59
2026-03-20T00:21:00Z,2026-03-21,2,17,12,70.59
2026-03-20T00:21:00Z,2026-03-21,3,17,12,70.59
2026-03-20T00:21:05Z,2026-03-22,1,17,12,70.59
2026-03-20T00:21:05Z,2026-03-22,2,17,12,70.59
2026-03-20T00:21:05Z,2026-03-22,3,17,12,70.59
2026-03-20T00:21:11Z,2026-03-23,1,17,7,41.18
2026-03-20T00:21:11Z,2026-03-23,2,17,5,29.41
2026-03-20T00:21:11Z,2026-03-23,3,17,4,23.53
2026-03-20T00:21:16Z,2026-03-24,1,17,7,41.18
2026-03-20T00:21:16Z,2026-03-24,2,17,9.5,55.88
2026-03-20T00:21:16Z,2026-03-24,3,17,4,23.53
2026-03-20T00:21:21Z,2026-03-25,1,17,8,47.06
2026-03-20T00:21:21Z,2026-03-25,2,17,10,58.82
2026-03-20T00:21:21Z,2026-03-25,3,17,5,29.41
2026-03-20T00:21:26Z,2026-03-26,1,17,7,41.18
2026-03-20T00:21:26Z,2026-03-26,2,17,7,41.18
2026-03-20T00:21:26Z,2026-03-26,3,17,3,17.65
2026-03-20T00:25:51Z,2026-03-20,1,17,11,64.71
2026-03-20T00:25:51Z,2026-03-20,2,17,10,58.82
2026-03-20T00:25:51Z,2026-03-20,3,17,11,64.71
2026-03-20T00:25:56Z,2026-03-21,1,17,12,70.59
2026-03-20T00:25:56Z,2026-03-21,2,17,12,70.59
2026-03-20T00:25:56Z,2026-03-21,3,17,12,70.59
2026-03-20T00:26:01Z,2026-03-22,1,17,12,70.59
2026-03-20T00:26:01Z,2026-03-22,2,17,12,70.59
2026-03-20T00:26:01Z,2026-03-22,3,17,12,70.59
2026-03-20T00:26:06Z,2026-03-23,1,17,7,41.18
2026-03-20T00:26:06Z,2026-03-23,2,17,5,29.41
2026-03-20T00:26:06Z,2026-03-23,3,17,4,23.53
2026-03-20T00:26:11Z,2026-03-24,1,17,7,41.18
2026-03-20T00:26:11Z,2026-03-24,2,17,9.5,55.88
2026-03-20T00:26:11Z,2026-03-24,3,17,4,23.53
2026-03-20T00:26:16Z,2026-03-25,1,17,8,47.06
2026-03-20T00:26:16Z,2026-03-25,2,17,10,58.82
2026-03-20T00:26:16Z,2026-03-25,3,17,5,29.41
2026-03-20T00:26:21Z,2026-03-26,1,17,7,41.18
2026-03-20T00:26:21Z,2026-03-26,2,17,7,41.18
2026-03-20T00:26:21Z,2026-03-26,3,17,3,17.65
2026-03-20T00:30:56Z,2026-03-20,1,17,11,64.71
2026-03-20T00:30:56Z,2026-03-20,2,17,10,58.82
2026-03-20T00:30:56Z,2026-03-20,3,17,11,64.71
2026-03-20T00:31:01Z,2026-03-21,1,17,12,70.59
2026-03-20T00:31:01Z,2026-03-21,2,17,12,70.59
2026-03-20T00:31:01Z,2026-03-21,3,17,12,70.59
2026-03-20T00:31:07Z,2026-03-22,1,17,12,70.59
2026-03-20T00:31:07Z,2026-03-22,2,17,12,70.59
2026-03-20T00:31:07Z,2026-03-22,3,17,12,70.59
2026-03-20T00:31:12Z,2026-03-23,1,17,7,41.18
2026-03-20T00:31:12Z,2026-03-23,2,17,5,29.41
2026-03-20T00:31:12Z,2026-03-23,3,17,4,23.53
2026-03-20T00:31:17Z,2026-03-24,1,17,7,41.18
2026-03-20T00:31:17Z,2026-03-24,2,17,9.5,55.88
2026-03-20T00:31:17Z,2026-03-24,3,17,4,23.53
2026-03-20T00:31:22Z,2026-03-25,1,17,8,47.06
2026-03-20T00:31:22Z,2026-03-25,2,17,10,58.82
2026-03-20T00:31:22Z,2026-03-25,3,17,5,29.41
2026-03-20T00:31:27Z,2026-03-26,1,17,7,41.18
2026-03-20T00:31:27Z,2026-03-26,2,17,7,41.18
2026-03-20T00:31:27Z,2026-03-26,3,17,3,17.65
2026-03-20T00:35:43Z,2026-03-20,1,17,11,64.71
2026-03-20T00:35:43Z,2026-03-20,2,17,10,58.82
2026-03-20T00:35:43Z,2026-03-20,3,17,11,64.71
2026-03-20T00:35:48Z,2026-03-21,1,17,12,70.59
2026-03-20T00:35:48Z,2026-03-21,2,17,12,70.59
2026-03-20T00:35:48Z,2026-03-21,3,17,12,70.59
2026-03-20T00:35:53Z,2026-03-22,1,17,12,70.59
2026-03-20T00:35:53Z,2026-03-22,2,17,12,70.59
2026-03-20T00:35:53Z,2026-03-22,3,17,12,70.59
2026-03-20T00:35:58Z,2026-03-23,1,17,7,41.18
2026-03-20T00:35:58Z,2026-03-23,2,17,5,29.41
2026-03-20T00:35:58Z,2026-03-23,3,17,4,23.53
2026-03-20T00:36:03Z,2026-03-24,1,17,7,41.18
2026-03-20T00:36:03Z,2026-03-24,2,17,9.5,55.88
2026-03-20T00:36:03Z,2026-03-24,3,17,4,23.53
2026-03-20T00:36:09Z,2026-03-25,1,17,8,47.06
2026-03-20T00:36:09Z,2026-03-25,2,17,10,58.82
2026-03-20T00:36:09Z,2026-03-25,3,17,5,29.41
2026-03-20T00:36:14Z,2026-03-26,1,17,7,41.18
2026-03-20T00:36:14Z,2026-03-26,2,17,7,41.18
2026-03-20T00:36:14Z,2026-03-26,3,17,3,17.65
2026-03-20T00:40:41Z,2026-03-20,1,17,11,64.71
2026-03-20T00:40:41Z,2026-03-20,2,17,10,58.82
2026-03-20T00:40:41Z,2026-03-20,3,17,11,64.71
2026-03-20T00:40:46Z,2026-03-21,1,17,12,70.59
2026-03-20T00:40:46Z,2026-03-21,2,17,12,70.59
2026-03-20T00:40:46Z,2026-03-21,3,17,12,70.59
2026-03-20T00:40:51Z,2026-03-22,1,17,12,70.59
2026-03-20T00:40:51Z,2026-03-22,2,17,12,70.59
2026-03-20T00:40:51Z,2026-03-22,3,17,12,70.59
2026-03-20T00:40:56Z,2026-03-23,1,17,7,41.18
2026-03-20T00:40:56Z,2026-03-23,2,17,5,29.41
2026-03-20T00:40:56Z,2026-03-23,3,17,4,23.53
2026-03-20T00:41:01Z,2026-03-24,1,17,7,41.18
2026-03-20T00:41:01Z,2026-03-24,2,17,9.5,55.88
2026-03-20T00:41:01Z,2026-03-24,3,17,4,23.53
2026-03-20T00:41:06Z,2026-03-25,1,17,8,47.06
2026-03-20T00:41:06Z,2026-03-25,2,17,10,58.82
2026-03-20T00:41:06Z,2026-03-25,3,17,5,29.41
2026-03-20T00:41:11Z,2026-03-26,1,17,7,41.18
2026-03-20T00:41:11Z,2026-03-26,2,17,7,41.18
2026-03-20T00:41:11Z,2026-03-26,3,17,3,17.65
2026-03-20T00:45:41Z,2026-03-20,1,17,11,64.71
2026-03-20T00:45:41Z,2026-03-20,2,17,10,58.82
2026-03-20T00:45:41Z,2026-03-20,3,17,11,64.71
2026-03-20T00:45:46Z,2026-03-21,1,17,12,70.59
2026-03-20T00:45:46Z,2026-03-21,2,17,12,70.59
2026-03-20T00:45:46Z,2026-03-21,3,17,12,70.59
2026-03-20T00:45:51Z,2026-03-22,1,17,12,70.59
2026-03-20T00:45:51Z,2026-03-22,2,17,12,70.59
2026-03-20T00:45:51Z,2026-03-22,3,17,12,70.59
2026-03-20T00:45:56Z,2026-03-23,1,17,7,41.18
2026-03-20T00:45:56Z,2026-03-23,2,17,5,29.41
2026-03-20T00:45:56Z,2026-03-23,3,17,4,23.53
2026-03-20T00:46:01Z,2026-03-24,1,17,7,41.18
2026-03-20T00:46:01Z,2026-03-24,2,17,9.5,55.88
2026-03-20T00:46:01Z,2026-03-24,3,17,4,23.53
2026-03-20T00:46:06Z,2026-03-25,1,17,8,47.06
2026-03-20T00:46:06Z,2026-03-25,2,17,10,58.82
2026-03-20T00:46:06Z,2026-03-25,3,17,5,29.41
2026-03-20T00:46:12Z,2026-03-26,1,17,7,41.18
2026-03-20T00:46:12Z,2026-03-26,2,17,7,41.18
2026-03-20T00:46:12Z,2026-03-26,3,17,3,17.65
2026-03-20T00:50:35Z,2026-03-20,1,17,11,64.71
2026-03-20T00:50:35Z,2026-03-20,2,17,10,58.82
2026-03-20T00:50:35Z,2026-03-20,3,17,11,64.71
2026-03-20T00:50:40Z,2026-03-21,1,17,12,70.59
2026-03-20T00:50:40Z,2026-03-21,2,17,12,70.59
2026-03-20T00:50:40Z,2026-03-21,3,17,12,70.59
2026-03-20T00:50:46Z,2026-03-22,1,17,12,70.59
2026-03-20T00:50:46Z,2026-03-22,2,17,12,70.59
2026-03-20T00:50:46Z,2026-03-22,3,17,12,70.59
2026-03-20T00:50:51Z,2026-03-23,1,17,7,41.18
2026-03-20T00:50:51Z,2026-03-23,2,17,5,29.41
2026-03-20T00:50:51Z,2026-03-23,3,17,4,23.53
2026-03-20T00:50:56Z,2026-03-24,1,17,7,41.18
2026-03-20T00:50:56Z,2026-03-24,2,17,9.5,55.88
2026-03-20T00:50:56Z,2026-03-24,3,17,4,23.53
2026-03-20T00:51:01Z,2026-03-25,1,17,8,47.06
2026-03-20T00:51:01Z,2026-03-25,2,17,10,58.82
2026-03-20T00:51:01Z,2026-03-25,3,17,5,29.41
2026-03-20T00:51:06Z,2026-03-26,1,17,7,41.18
2026-03-20T00:51:06Z,2026-03-26,2,17,7,41.18
2026-03-20T00:51:06Z,2026-03-26,3,17,3,17.65
2026-03-20T00:55:52Z,2026-03-20,1,17,11,64.71
2026-03-20T00:55:52Z,2026-03-20,2,17,10,58.82
2026-03-20T00:55:52Z,2026-03-20,3,17,11,64.71
2026-03-20T00:55:57Z,2026-03-21,1,17,12,70.59
2026-03-20T00:55:57Z,2026-03-21,2,17,12,70.59
2026-03-20T00:55:57Z,2026-03-21,3,17,12,70.59
2026-03-20T00:56:02Z,2026-03-22,1,17,12,70.59
2026-03-20T00:56:02Z,2026-03-22,2,17,12,70.59
2026-03-20T00:56:02Z,2026-03-22,3,17,12,70.59
2026-03-20T00:56:07Z,2026-03-23,1,17,7,41.18
2026-03-20T00:56:07Z,2026-03-23,2,17,5,29.41
2026-03-20T00:56:07Z,2026-03-23,3,17,4,23.53
2026-03-20T00:56:12Z,2026-03-24,1,17,7,41.18
2026-03-20T00:56:12Z,2026-03-24,2,17,9.5,55.88
2026-03-20T00:56:12Z,2026-03-24,3,17,4,23.53
2026-03-20T00:56:17Z,2026-03-25,1,17,8,47.06
2026-03-20T00:56:17Z,2026-03-25,2,17,10,58.82
2026-03-20T00:56:17Z,2026-03-25,3,17,5,29.41
2026-03-20T00:56:22Z,2026-03-26,1,17,7,41.18
2026-03-20T00:56:22Z,2026-03-26,2,17,7,41.18
2026-03-20T00:56:22Z,2026-03-26,3,17,3,17.65
2026-03-20T09:00:47Z,2026-03-20,1,17,11,64.71
2026-03-20T09:00:47Z,2026-03-20,2,17,10,58.82
2026-03-20T09:00:47Z,2026-03-20,3,17,11,64.71
2026-03-20T09:00:52Z,2026-03-21,1,17,12,70.59
2026-03-20T09:00:52Z,2026-03-21,2,17,12,70.59
2026-03-20T09:00:52Z,2026-03-21,3,17,12,70.59
2026-03-20T09:00:57Z,2026-03-22,1,17,12,70.59
2026-03-20T09:00:57Z,2026-03-22,2,17,12,70.59
2026-03-20T09:00:57Z,2026-03-22,3,17,12,70.59
2026-03-20T09:01:02Z,2026-03-23,1,17,7,41.18
2026-03-20T09:01:02Z,2026-03-23,2,17,5,29.41
2026-03-20T09:01:02Z,2026-03-23,3,17,4,23.53
2026-03-20T09:01:07Z,2026-03-24,1,17,7,41.18
2026-03-20T09:01:07Z,2026-03-24,2,17,9.5,55.88
2026-03-20T09:01:07Z,2026-03-24,3,17,4,23.53
2026-03-20T09:01:12Z,2026-03-25,1,17,8,47.06
2026-03-20T09:01:12Z,2026-03-25,2,17,10,58.82
2026-03-20T09:01:12Z,2026-03-25,3,17,5,29.41
2026-03-20T09:01:17Z,2026-03-26,1,17,7,41.18
2026-03-20T09:01:17Z,2026-03-26,2,17,7,41.18
2026-03-20T09:01:17Z,2026-03-26,3,17,3,17.65
2026-03-20T09:05:41Z,2026-03-20,1,17,11,64.71
2026-03-20T09:05:41Z,2026-03-20,2,17,10,58.82
2026-03-20T09:05:41Z,2026-03-20,3,17,11,64.71
2026-03-20T09:05:47Z,2026-03-21,1,17,12,70.59
2026-03-20T09:05:47Z,2026-03-21,2,17,12,70.59
2026-03-20T09:05:47Z,2026-03-21,3,17,12,70.59
2026-03-20T09:05:52Z,2026-03-22,1,17,12,70.59
2026-03-20T09:05:52Z,2026-03-22,2,17,12,70.59
2026-03-20T09:05:52Z,2026-03-22,3,17,12,70.59
2026-03-20T09:05:57Z,2026-03-23,1,17,7,41.18
2026-03-20T09:05:57Z,2026-03-23,2,17,5,29.41
2026-03-20T09:05:57Z,2026-03-23,3,17,4,23.53
2026-03-20T09:06:02Z,2026-03-24,1,17,7,41.18
2026-03-20T09:06:02Z,2026-03-24,2,17,9.5,55.88
2026-03-20T09:06:02Z,2026-03-24,3,17,4,23.53
2026-03-20T09:06:07Z,2026-03-25,1,17,8,47.06
2026-03-20T09:06:07Z,2026-03-25,2,17,10,58.82
2026-03-20T09:06:07Z,2026-03-25,3,17,5,29.41
2026-03-20T09:06:12Z,2026-03-26,1,17,7,41.18
2026-03-20T09:06:12Z,2026-03-26,2,17,7,41.18
2026-03-20T09:06:12Z,2026-03-26,3,17,3,17.65
2026-03-20T09:10:38Z,2026-03-20,1,17,11,64.71
2026-03-20T09:10:38Z,2026-03-20,2,17,10,58.82
2026-03-20T09:10:38Z,2026-03-20,3,17,11,64.71
2026-03-20T09:10:43Z,2026-03-21,1,17,12,70.59
2026-03-20T09:10:43Z,2026-03-21,2,17,12,70.59
2026-03-20T09:10:43Z,2026-03-21,3,17,12,70.59
2026-03-20T09:10:48Z,2026-03-22,1,17,12,70.59
2026-03-20T09:10:48Z,2026-03-22,2,17,12,70.59
2026-03-20T09:10:48Z,2026-03-22,3,17,12,70.59
2026-03-20T09:10:53Z,2026-03-23,1,17,7,41.18
2026-03-20T09:10:53Z,2026-03-23,2,17,5,29.41
2026-03-20T09:10:53Z,2026-03-23,3,17,4,23.53
2026-03-20T09:10:59Z,2026-03-24,1,17,7,41.18
2026-03-20T09:10:59Z,2026-03-24,2,17,9.5,55.88
2026-03-20T09:10:59Z,2026-03-24,3,17,4,23.53
2026-03-20T09:11:04Z,2026-03-25,1,17,8,47.06
2026-03-20T09:11:04Z,2026-03-25,2,17,10,58.82
2026-03-20T09:11:04Z,2026-03-25,3,17,5,29.41
2026-03-20T09:11:09Z,2026-03-26,1,17,7,41.18
2026-03-20T09:11:09Z,2026-03-26,2,17,7,41.18
2026-03-20T09:11:09Z,2026-03-26,3,17,3,17.65
2026-03-20T09:15:43Z,2026-03-20,1,17,11,64.71
2026-03-20T09:15:43Z,2026-03-20,2,17,10,58.82
2026-03-20T09:15:43Z,2026-03-20,3,17,11,64.71
2026-03-20T09:15:48Z,2026-03-21,1,17,12,70.59
2026-03-20T09:15:48Z,2026-03-21,2,17,12,70.59
2026-03-20T09:15:48Z,2026-03-21,3,17,12,70.59
2026-03-20T09:15:53Z,2026-03-22,1,17,12,70.59
2026-03-20T09:15:53Z,2026-03-22,2,17,12,70.59
2026-03-20T09:15:53Z,2026-03-22,3,17,12,70.59
2026-03-20T09:15:58Z,2026-03-23,1,17,7,41.18
2026-03-20T09:15:58Z,2026-03-23,2,17,5,29.41
2026-03-20T09:15:58Z,2026-03-23,3,17,4,23.53
2026-03-20T09:16:03Z,2026-03-24,1,17,7,41.18
2026-03-20T09:16:03Z,2026-03-24,2,17,9.5,55.88
2026-03-20T09:16:03Z,2026-03-24,3,17,4,23.53
2026-03-20T09:16:08Z,2026-03-25,1,17,8,47.06
2026-03-20T09:16:08Z,2026-03-25,2,17,10,58.82
2026-03-20T09:16:08Z,2026-03-25,3,17,5,29.41
2026-03-20T09:16:14Z,2026-03-26,1,17,7,41.18
2026-03-20T09:16:14Z,2026-03-26,2,17,7,41.18
2026-03-20T09:16:14Z,2026-03-26,3,17,3,17.65
2026-03-20T09:20:43Z,2026-03-20,1,17,11,64.71
2026-03-20T09:20:43Z,2026-03-20,2,17,10,58.82
2026-03-20T09:20:43Z,2026-03-20,3,17,11,64.71
2026-03-20T09:20:48Z,2026-03-21,1,17,12,70.59
2026-03-20T09:20:48Z,2026-03-21,2,17,12,70.59
2026-03-20T09:20:48Z,2026-03-21,3,17,12,70.59
2026-03-20T09:20:53Z,2026-03-22,1,17,12,70.59
2026-03-20T09:20:53Z,2026-03-22,2,17,12,70.59
2026-03-20T09:20:53Z,2026-03-22,3,17,12,70.59
2026-03-20T09:20:58Z,2026-03-23,1,17,7,41.18
2026-03-20T09:20:58Z,2026-03-23,2,17,5,29.41
2026-03-20T09:20:58Z,2026-03-23,3,17,4,23.53
2026-03-20T09:21:04Z,2026-03-24,1,17,7,41.18
2026-03-20T09:21:04Z,2026-03-24,2,17,9.5,55.88
2026-03-20T09:21:04Z,2026-03-24,3,17,4,23.53
2026-03-20T09:21:09Z,2026-03-25,1,17,8,47.06
2026-03-20T09:21:09Z,2026-03-25,2,17,10,58.82
2026-03-20T09:21:09Z,2026-03-25,3,17,5,29.41
2026-03-20T09:21:14Z,2026-03-26,1,17,7,41.18
2026-03-20T09:21:14Z,2026-03-26,2,17,7,41.18
2026-03-20T09:21:14Z,2026-03-26,3,17,3,17.65
2026-03-20T09:25:40Z,2026-03-20,1,17,11,64.71
2026-03-20T09:25:40Z,2026-03-20,2,17,10,58.82
2026-03-20T09:25:40Z,2026-03-20,3,17,11,64.71
2026-03-20T09:25:45Z,2026-03-21,1,17,12,70.59
2026-03-20T09:25:45Z,2026-03-21,2,17,12,70.59
2026-03-20T09:25:45Z,2026-03-21,3,17,12,70.59
2026-03-20T09:25:50Z,2026-03-22,1,17,12,70.59
2026-03-20T09:25:50Z,2026-03-22,2,17,12,70.59
2026-03-20T09:25:50Z,2026-03-22,3,17,12,70.59
2026-03-20T09:25:55Z,2026-03-23,1,17,7,41.18
2026-03-20T09:25:55Z,2026-03-23,2,17,5,29.41
2026-03-20T09:25:55Z,2026-03-23,3,17,4,23.53
2026-03-20T09:26:00Z,2026-03-24,1,17,7,41.18
2026-03-20T09:26:00Z,2026-03-24,2,17,9.5,55.88
2026-03-20T09:26:00Z,2026-03-24,3,17,4,23.53
2026-03-20T09:26:05Z,2026-03-25,1,17,8,47.06
2026-03-20T09:26:05Z,2026-03-25,2,17,10,58.82
2026-03-20T09:26:05Z,2026-03-25,3,17,5,29.41
2026-03-20T09:26:10Z,2026-03-26,1,17,7,41.18
2026-03-20T09:26:10Z,2026-03-26,2,17,7,41.18
2026-03-20T09:26:10Z,2026-03-26,3,17,3,17.65
2026-03-20T09:30:48Z,2026-03-20,1,17,11,64.71
2026-03-20T09:30:48Z,2026-03-20,2,17,10,58.82
2026-03-20T09:30:48Z,2026-03-20,3,17,11,64.71
2026-03-20T09:30:53Z,2026-03-21,1,17,12,70.59
2026-03-20T09:30:53Z,2026-03-21,2,17,12,70.59
2026-03-20T09:30:53Z,2026-03-21,3,17,12,70.59
2026-03-20T09:30:58Z,2026-03-22,1,17,12,70.59
2026-03-20T09:30:58Z,2026-03-22,2,17,12,70.59
2026-03-20T09:30:58Z,2026-03-22,3,17,12,70.59
2026-03-20T09:31:03Z,2026-03-23,1,17,7,41.18
2026-03-20T09:31:03Z,2026-03-23,2,17,5,29.41
2026-03-20T09:31:03Z,2026-03-23,3,17,4,23.53
2026-03-20T09:31:08Z,2026-03-24,1,17,7,41.18
2026-03-20T09:31:08Z,2026-03-24,2,17,9.5,55.88
2026-03-20T09:31:08Z,2026-03-24,3,17,4,23.53
2026-03-20T09:31:13Z,2026-03-25,1,17,8,47.06
2026-03-20T09:31:13Z,2026-03-25,2,17,10,58.82
2026-03-20T09:31:13Z,2026-03-25,3,17,5,29.41
2026-03-20T09:31:18Z,2026-03-26,1,17,7,41.18
2026-03-20T09:31:18Z,2026-03-26,2,17,7,41.18
2026-03-20T09:31:18Z,2026-03-26,3,17,3,17.65
2026-03-20T09:35:46Z,2026-03-20,1,17,11,64.71
2026-03-20T09:35:46Z,2026-03-20,2,17,10,58.82
2026-03-20T09:35:46Z,2026-03-20,3,17,11,64.71
2026-03-20T09:35:51Z,2026-03-21,1,17,12,70.59
2026-03-20T09:35:51Z,2026-03-21,2,17,12,70.59
2026-03-20T09:35:51Z,2026-03-21,3,17,12,70.59
2026-03-20T09:35:56Z,2026-03-22,1,17,12,70.59
2026-03-20T09:35:56Z,2026-03-22,2,17,12,70.59
2026-03-20T09:35:56Z,2026-03-22,3,17,12,70.59
2026-03-20T09:36:01Z,2026-03-23,1,17,7,41.18
2026-03-20T09:36:01Z,2026-03-23,2,17,5,29.41
2026-03-20T09:36:01Z,2026-03-23,3,17,4,23.53
2026-03-20T09:36:06Z,2026-03-24,1,17,7,41.18
2026-03-20T09:36:06Z,2026-03-24,2,17,9.5,55.88
2026-03-20T09:36:06Z,2026-03-24,3,17,4,23.53
2026-03-20T09:36:11Z,2026-03-25,1,17,8,47.06
2026-03-20T09:36:11Z,2026-03-25,2,17,10,58.82
2026-03-20T09:36:11Z,2026-03-25,3,17,5,29.41
2026-03-20T09:36:16Z,2026-03-26,1,17,7,41.18
2026-03-20T09:36:16Z,2026-03-26,2,17,7,41.18
2026-03-20T09:36:16Z,2026-03-26,3,17,3,17.65
2026-03-20T09:40:38Z,2026-03-20,1,17,11,64.71
2026-03-20T09:40:38Z,2026-03-20,2,17,10,58.82
2026-03-20T09:40:38Z,2026-03-20,3,17,11,64.71
2026-03-20T09:40:43Z,2026-03-21,1,17,12,70.59
2026-03-20T09:40:43Z,2026-03-21,2,17,12,70.59
2026-03-20T09:40:43Z,2026-03-21,3,17,12,70.59
2026-03-20T09:40:48Z,2026-03-22,1,17,12,70.59
2026-03-20T09:40:48Z,2026-03-22,2,17,12,70.59
2026-03-20T09:40:48Z,2026-03-22,3,17,12,70.59
2026-03-20T09:40:53Z,2026-03-23,1,17,7,41.18
2026-03-20T09:40:53Z,2026-03-23,2,17,5,29.41
2026-03-20T09:40:53Z,2026-03-23,3,17,4,23.53
2026-03-20T09:40:58Z,2026-03-24,1,17,7,41.18
2026-03-20T09:40:58Z,2026-03-24,2,17,9.5,55.88
2026-03-20T09:40:58Z,2026-03-24,3,17,4,23.53
2026-03-20T09:41:04Z,2026-03-25,1,17,8,47.06
2026-03-20T09:41:04Z,2026-03-25,2,17,10,58.82
2026-03-20T09:41:04Z,2026-03-25,3,17,5,29.41
2026-03-20T09:41:09Z,2026-03-26,1,17,7,41.18
2026-03-20T09:41:09Z,2026-03-26,2,17,7,41.18
2026-03-20T09:41:09Z,2026-03-26,3,17,3,17.65
2026-03-20T09:45:37Z,2026-03-20,1,17,11,64.71
2026-03-20T09:45:37Z,2026-03-20,2,17,10,58.82
2026-03-20T09:45:37Z,2026-03-20,3,17,11,64.71
2026-03-20T09:45:42Z,2026-03-21,1,17,12,70.59
2026-03-20T09:45:42Z,2026-03-21,2,17,12,70.59
2026-03-20T09:45:42Z,2026-03-21,3,17,12,70.59
2026-03-20T09:45:47Z,2026-03-22,1,17,12,70.59
2026-03-20T09:45:47Z,2026-03-22,2,17,12,70.59
2026-03-20T09:45:47Z,2026-03-22,3,17,12,70.59
2026-03-20T09:45:52Z,2026-03-23,1,17,7,41.18
2026-03-20T09:45:52Z,2026-03-23,2,17,5,29.41
2026-03-20T09:45:52Z,2026-03-23,3,17,4,23.53
2026-03-20T09:45:57Z,2026-03-24,1,17,7,41.18
2026-03-20T09:45:57Z,2026-03-24,2,17,9.5,55.88
2026-03-20T09:45:57Z,2026-03-24,3,17,4,23.53
2026-03-20T09:46:02Z,2026-03-25,1,17,8,47.06
2026-03-20T09:46:02Z,2026-03-25,2,17,10,58.82
2026-03-20T09:46:02Z,2026-03-25,3,17,5,29.41
2026-03-20T09:46:07Z,2026-03-26,1,17,7,41.18
2026-03-20T09:46:07Z,2026-03-26,2,17,7,41.18
2026-03-20T09:46:07Z,2026-03-26,3,17,3,17.65
2026-03-20T09:50:48Z,2026-03-20,1,17,11,64.71
2026-03-20T09:50:48Z,2026-03-20,2,17,10,58.82
2026-03-20T09:50:48Z,2026-03-20,3,17,11,64.71
2026-03-20T09:50:53Z,2026-03-21,1,17,12,70.59
2026-03-20T09:50:53Z,2026-03-21,2,17,12,70.59
2026-03-20T09:50:53Z,2026-03-21,3,17,12,70.59
2026-03-20T09:50:58Z,2026-03-22,1,17,12,70.59
2026-03-20T09:50:58Z,2026-03-22,2,17,12,70.59
2026-03-20T09:50:58Z,2026-03-22,3,17,12,70.59
2026-03-20T09:51:03Z,2026-03-23,1,17,7,41.18
2026-03-20T09:51:03Z,2026-03-23,2,17,5,29.41
2026-03-20T09:51:03Z,2026-03-23,3,17,4,23.53
2026-03-20T09:51:08Z,2026-03-24,1,17,7,41.18
2026-03-20T09:51:08Z,2026-03-24,2,17,9.5,55.88
2026-03-20T09:51:08Z,2026-03-24,3,17,4,23.53
2026-03-20T09:51:13Z,2026-03-25,1,17,8,47.06
2026-03-20T09:51:13Z,2026-03-25,2,17,10,58.82
2026-03-20T09:51:13Z,2026-03-25,3,17,5,29.41
2026-03-20T09:51:18Z,2026-03-26,1,17,7,41.18
2026-03-20T09:51:18Z,2026-03-26,2,17,7,41.18
2026-03-20T09:51:18Z,2026-03-26,3,17,3,17.65
2026-03-20T09:55:52Z,2026-03-20,1,17,11,64.71
2026-03-20T09:55:52Z,2026-03-20,2,17,10,58.82
2026-03-20T09:55:52Z,2026-03-20,3,17,11,64.71
2026-03-20T09:55:57Z,2026-03-21,1,17,12,70.59
2026-03-20T09:55:57Z,2026-03-21,2,17,12,70.59
2026-03-20T09:55:57Z,2026-03-21,3,17,12,70.59
2026-03-20T09:56:02Z,2026-03-22,1,17,12,70.59
2026-03-20T09:56:02Z,2026-03-22,2,17,12,70.59
2026-03-20T09:56:02Z,2026-03-22,3,17,12,70.59
2026-03-20T09:56:07Z,2026-03-23,1,17,7,41.18
2026-03-20T09:56:07Z,2026-03-23,2,17,5,29.41
2026-03-20T09:56:07Z,2026-03-23,3,17,4,23.53
2026-03-20T09:56:12Z,2026-03-24,1,17,7,41.18
2026-03-20T09:56:12Z,2026-03-24,2,17,9.5,55.88
2026-03-20T09:56:12Z,2026-03-24,3,17,4,23.53
2026-03-20T09:56:17Z,2026-03-25,1,17,8,47.06
2026-03-20T09:56:17Z,2026-03-25,2,17,10,58.82
2026-03-20T09:56:17Z,2026-03-25,3,17,5,29.41
2026-03-20T09:56:22Z,2026-03-26,1,17,7,41.18
2026-03-20T09:56:22Z,2026-03-26,2,17,7,41.18
2026-03-20T09:56:22Z,2026-03-26,3,17,3,17.65
2026-03-20T10:00:45Z,2026-03-20,1,17,11,64.71
2026-03-20T10:00:45Z,2026-03-20,2,17,10,58.82
2026-03-20T10:00:45Z,2026-03-20,3,17,11,64.71
2026-03-20T10:00:50Z,2026-03-21,1,17,12,70.59
2026-03-20T10:00:50Z,2026-03-21,2,17,12,70.59
2026-03-20T10:00:50Z,2026-03-21,3,17,12,70.59
2026-03-20T10:00:55Z,2026-03-22,1,17,12,70.59
2026-03-20T10:00:55Z,2026-03-22,2,17,12,70.59
2026-03-20T10:00:55Z,2026-03-22,3,17,12,70.59
2026-03-20T10:01:00Z,2026-03-23,1,17,7,41.18
2026-03-20T10:01:00Z,2026-03-23,2,17,5,29.41
2026-03-20T10:01:00Z,2026-03-23,3,17,4,23.53
2026-03-20T10:01:05Z,2026-03-24,1,17,7,41.18
2026-03-20T10:01:05Z,2026-03-24,2,17,9.5,55.88
2026-03-20T10:01:05Z,2026-03-24,3,17,4,23.53
2026-03-20T10:01:11Z,2026-03-25,1,17,8,47.06
2026-03-20T10:01:11Z,2026-03-25,2,17,10,58.82
2026-03-20T10:01:11Z,2026-03-25,3,17,5,29.41
2026-03-20T10:01:16Z,2026-03-26,1,17,7,41.18
2026-03-20T10:01:16Z,2026-03-26,2,17,7,41.18
2026-03-20T10:01:16Z,2026-03-26,3,17,3,17.65
2026-03-20T10:05:50Z,2026-03-20,1,17,11,64.71
2026-03-20T10:05:50Z,2026-03-20,2,17,10,58.82
2026-03-20T10:05:50Z,2026-03-20,3,17,11,64.71
2026-03-20T10:05:55Z,2026-03-21,1,17,12,70.59
2026-03-20T10:05:55Z,2026-03-21,2,17,12,70.59
2026-03-20T10:05:55Z,2026-03-21,3,17,12,70.59
2026-03-20T10:06:00Z,2026-03-22,1,17,12,70.59
2026-03-20T10:06:00Z,2026-03-22,2,17,12,70.59
2026-03-20T10:06:00Z,2026-03-22,3,17,12,70.59
2026-03-20T10:06:05Z,2026-03-23,1,17,7,41.18
2026-03-20T10:06:05Z,2026-03-23,2,17,5,29.41
2026-03-20T10:06:05Z,2026-03-23,3,17,4,23.53
2026-03-20T10:06:10Z,2026-03-24,1,17,7,41.18
2026-03-20T10:06:10Z,2026-03-24,2,17,9.5,55.88
2026-03-20T10:06:10Z,2026-03-24,3,17,4,23.53
2026-03-20T10:06:15Z,2026-03-25,1,17,8,47.06
2026-03-20T10:06:15Z,2026-03-25,2,17,10,58.82
2026-03-20T10:06:15Z,2026-03-25,3,17,5,29.41
2026-03-20T10:06:20Z,2026-03-26,1,17,7,41.18
2026-03-20T10:06:20Z,2026-03-26,2,17,7,41.18
2026-03-20T10:06:20Z,2026-03-26,3,17,3,17.65
2026-03-20T10:10:43Z,2026-03-20,1,17,11,64.71
2026-03-20T10:10:43Z,2026-03-20,2,17,10,58.82
2026-03-20T10:10:43Z,2026-03-20,3,17,11,64.71
2026-03-20T10:10:48Z,2026-03-21,1,17,12,70.59
2026-03-20T10:10:48Z,2026-03-21,2,17,12,70.59
2026-03-20T10:10:48Z,2026-03-21,3,17,12,70.59
2026-03-20T10:10:53Z,2026-03-22,1,17,12,70.59
2026-03-20T10:10:53Z,2026-03-22,2,17,12,70.59
2026-03-20T10:10:53Z,2026-03-22,3,17,12,70.59
2026-03-20T10:10:58Z,2026-03-23,1,17,7,41.18
2026-03-20T10:10:58Z,2026-03-23,2,17,5,29.41
2026-03-20T10:10:58Z,2026-03-23,3,17,4,23.53
2026-03-20T10:11:04Z,2026-03-24,1,17,7,41.18
2026-03-20T10:11:04Z,2026-03-24,2,17,9.5,55.88
2026-03-20T10:11:04Z,2026-03-24,3,17,4,23.53
2026-03-20T10:11:09Z,2026-03-25,1,17,8,47.06
2026-03-20T10:11:09Z,2026-03-25,2,17,10,58.82
2026-03-20T10:11:09Z,2026-03-25,3,17,5,29.41
2026-03-20T10:11:14Z,2026-03-26,1,17,7,41.18
2026-03-20T10:11:14Z,2026-03-26,2,17,7,41.18
2026-03-20T10:11:14Z,2026-03-26,3,17,3,17.65
2026-03-20T10:15:52Z,2026-03-20,1,17,11,64.71
2026-03-20T10:15:52Z,2026-03-20,2,17,10,58.82
2026-03-20T10:15:52Z,2026-03-20,3,17,11,64.71
2026-03-20T10:15:57Z,2026-03-21,1,17,12,70.59
2026-03-20T10:15:57Z,2026-03-21,2,17,12,70.59
2026-03-20T10:15:57Z,2026-03-21,3,17,12,70.59
2026-03-20T10:16:02Z,2026-03-22,1,17,12,70.59
2026-03-20T10:16:02Z,2026-03-22,2,17,12,70.59
2026-03-20T10:16:02Z,2026-03-22,3,17,12,70.59
2026-03-20T10:16:07Z,2026-03-23,1,17,7,41.18
2026-03-20T10:16:07Z,2026-03-23,2,17,5,29.41
2026-03-20T10:16:07Z,2026-03-23,3,17,4,23.53
2026-03-20T10:16:12Z,2026-03-24,1,17,7,41.18
2026-03-20T10:16:12Z,2026-03-24,2,17,9.5,55.88
2026-03-20T10:16:12Z,2026-03-24,3,17,4,23.53
2026-03-20T10:16:17Z,2026-03-25,1,17,8,47.06
2026-03-20T10:16:17Z,2026-03-25,2,17,10,58.82
2026-03-20T10:16:17Z,2026-03-25,3,17,5,29.41
2026-03-20T10:16:22Z,2026-03-26,1,17,7,41.18
2026-03-20T10:16:22Z,2026-03-26,2,17,7,41.18
2026-03-20T10:16:22Z,2026-03-26,3,17,3,17.65
2026-03-20T10:20:44Z,2026-03-20,1,17,11,64.71
2026-03-20T10:20:44Z,2026-03-20,2,17,10,58.82
2026-03-20T10:20:44Z,2026-03-20,3,17,11,64.71
2026-03-20T10:20:49Z,2026-03-21,1,17,12,70.59
2026-03-20T10:20:49Z,2026-03-21,2,17,12,70.59
2026-03-20T10:20:49Z,2026-03-21,3,17,12,70.59
2026-03-20T10:20:54Z,2026-03-22,1,17,12,70.59
2026-03-20T10:20:54Z,2026-03-22,2,17,12,70.59
2026-03-20T10:20:54Z,2026-03-22,3,17,12,70.59
2026-03-20T10:20:59Z,2026-03-23,1,17,7,41.18
2026-03-20T10:20:59Z,2026-03-23,2,17,5,29.41
2026-03-20T10:20:59Z,2026-03-23,3,17,4,23.53
2026-03-20T10:21:04Z,2026-03-24,1,17,7,41.18
2026-03-20T10:21:04Z,2026-03-24,2,17,9.5,55.88
2026-03-20T10:21:04Z,2026-03-24,3,17,4,23.53
2026-03-20T10:21:09Z,2026-03-25,1,17,8,47.06
2026-03-20T10:21:09Z,2026-03-25,2,17,10,58.82
2026-03-20T10:21:09Z,2026-03-25,3,17,5,29.41
2026-03-20T10:21:14Z,2026-03-26,1,17,7,41.18
2026-03-20T10:21:14Z,2026-03-26,2,17,7,41.18
2026-03-20T10:21:14Z,2026-03-26,3,17,3,17.65
2026-03-20T10:25:39Z,2026-03-20,1,17,11,64.71
2026-03-20T10:25:39Z,2026-03-20,2,17,10,58.82
2026-03-20T10:25:39Z,2026-03-20,3,17,11,64.71
2026-03-20T10:25:44Z,2026-03-21,1,17,12,70.59
2026-03-20T10:25:44Z,2026-03-21,2,17,12,70.59
2026-03-20T10:25:44Z,2026-03-21,3,17,12,70.59
2026-03-20T10:25:50Z,2026-03-22,1,17,12,70.59
2026-03-20T10:25:50Z,2026-03-22,2,17,12,70.59
2026-03-20T10:25:50Z,2026-03-22,3,17,12,70.59
2026-03-20T10:25:55Z,2026-03-23,1,17,7,41.18
2026-03-20T10:25:55Z,2026-03-23,2,17,5,29.41
2026-03-20T10:25:55Z,2026-03-23,3,17,4,23.53
2026-03-20T10:26:00Z,2026-03-24,1,17,7,41.18
2026-03-20T10:26:00Z,2026-03-24,2,17,9.5,55.88
2026-03-20T10:26:00Z,2026-03-24,3,17,4,23.53
2026-03-20T10:26:05Z,2026-03-25,1,17,8,47.06
2026-03-20T10:26:05Z,2026-03-25,2,17,10,58.82
2026-03-20T10:26:05Z,2026-03-25,3,17,5,29.41
2026-03-20T10:26:10Z,2026-03-26,1,17,7,41.18
2026-03-20T10:26:10Z,2026-03-26,2,17,7,41.18
2026-03-20T10:26:10Z,2026-03-26,3,17,3,17.65
2026-03-20T10:30:44Z,2026-03-20,1,17,11,64.71
2026-03-20T10:30:44Z,2026-03-20,2,17,10,58.82
2026-03-20T10:30:44Z,2026-03-20,3,17,11,64.71
2026-03-20T10:30:49Z,2026-03-21,1,17,12,70.59
2026-03-20T10:30:49Z,2026-03-21,2,17,12,70.59
2026-03-20T10:30:49Z,2026-03-21,3,17,12,70.59
2026-03-20T10:30:54Z,2026-03-22,1,17,12,70.59
2026-03-20T10:30:54Z,2026-03-22,2,17,12,70.59
2026-03-20T10:30:54Z,2026-03-22,3,17,12,70.59
2026-03-20T10:30:59Z,2026-03-23,1,17,7,41.18
2026-03-20T10:30:59Z,2026-03-23,2,17,5,29.41
2026-03-20T10:30:59Z,2026-03-23,3,17,4,23.53
2026-03-20T10:31:04Z,2026-03-24,1,17,7,41.18
2026-03-20T10:31:04Z,2026-03-24,2,17,9.5,55.88
2026-03-20T10:31:04Z,2026-03-24,3,17,4,23.53
2026-03-20T10:31:09Z,2026-03-25,1,17,8,47.06
2026-03-20T10:31:09Z,2026-03-25,2,17,10,58.82
2026-03-20T10:31:09Z,2026-03-25,3,17,5,29.41
2026-03-20T10:31:14Z,2026-03-26,1,17,7,41.18
2026-03-20T10:31:14Z,2026-03-26,2,17,7,41.18
2026-03-20T10:31:14Z,2026-03-26,3,17,3,17.65
2026-03-20T10:35:43Z,2026-03-20,1,17,11,64.71
2026-03-20T10:35:43Z,2026-03-20,2,17,10,58.82
2026-03-20T10:35:43Z,2026-03-20,3,17,11,64.71
2026-03-20T10:35:48Z,2026-03-21,1,17,12,70.59
2026-03-20T10:35:48Z,2026-03-21,2,17,12,70.59
2026-03-20T10:35:48Z,2026-03-21,3,17,12,70.59
2026-03-20T10:35:53Z,2026-03-22,1,17,12,70.59
2026-03-20T10:35:53Z,2026-03-22,2,17,12,70.59
2026-03-20T10:35:53Z,2026-03-22,3,17,12,70.59
2026-03-20T10:35:58Z,2026-03-23,1,17,7,41.18
2026-03-20T10:35:58Z,2026-03-23,2,17,5,29.41
2026-03-20T10:35:58Z,2026-03-23,3,17,4,23.53
2026-03-20T10:36:03Z,2026-03-24,1,17,7,41.18
2026-03-20T10:36:03Z,2026-03-24,2,17,9.5,55.88
2026-03-20T10:36:03Z,2026-03-24,3,17,4,23.53
2026-03-20T10:36:08Z,2026-03-25,1,17,8,47.06
2026-03-20T10:36:08Z,2026-03-25,2,17,10,58.82
2026-03-20T10:36:08Z,2026-03-25,3,17,5,29.41
2026-03-20T10:36:13Z,2026-03-26,1,17,7,41.18
2026-03-20T10:36:13Z,2026-03-26,2,17,7,41.18
2026-03-20T10:36:13Z,2026-03-26,3,17,3,17.65
2026-03-20T10:40:45Z,2026-03-20,1,17,11,64.71
2026-03-20T10:40:45Z,2026-03-20,2,17,10,58.82
2026-03-20T10:40:45Z,2026-03-20,3,17,11,64.71
2026-03-20T10:40:50Z,2026-03-21,1,17,12,70.59
2026-03-20T10:40:50Z,2026-03-21,2,17,12,70.59
2026-03-20T10:40:50Z,2026-03-21,3,17,12,70.59
2026-03-20T10:40:55Z,2026-03-22,1,17,12,70.59
2026-03-20T10:40:55Z,2026-03-22,2,17,12,70.59
2026-03-20T10:40:55Z,2026-03-22,3,17,12,70.59
2026-03-20T10:41:00Z,2026-03-23,1,17,7,41.18
2026-03-20T10:41:00Z,2026-03-23,2,17,5,29.41
2026-03-20T10:41:00Z,2026-03-23,3,17,4,23.53
2026-03-20T10:41:05Z,2026-03-24,1,17,7,41.18
2026-03-20T10:41:05Z,2026-03-24,2,17,9.5,55.88
2026-03-20T10:41:05Z,2026-03-24,3,17,4,23.53
2026-03-20T10:41:10Z,2026-03-25,1,17,8,47.06
2026-03-20T10:41:10Z,2026-03-25,2,17,10,58.82
2026-03-20T10:41:10Z,2026-03-25,3,17,5,29.41
2026-03-20T10:41:15Z,2026-03-26,1,17,7,41.18
2026-03-20T10:41:15Z,2026-03-26,2,17,7,41.18
2026-03-20T10:41:15Z,2026-03-26,3,17,3,17.65
2026-03-20T10:45:55Z,2026-03-20,1,17,11,64.71
2026-03-20T10:45:55Z,2026-03-20,2,17,10,58.82
2026-03-20T10:45:55Z,2026-03-20,3,17,11,64.71
2026-03-20T10:46:00Z,2026-03-21,1,17,12,70.59
2026-03-20T10:46:00Z,2026-03-21,2,17,12,70.59
2026-03-20T10:46:00Z,2026-03-21,3,17,12,70.59
2026-03-20T10:46:05Z,2026-03-22,1,17,12,70.59
2026-03-20T10:46:05Z,2026-03-22,2,17,12,70.59
2026-03-20T10:46:05Z,2026-03-22,3,17,12,70.59
2026-03-20T10:46:11Z,2026-03-23,1,17,7,41.18
2026-03-20T10:46:11Z,2026-03-23,2,17,5,29.41
2026-03-20T10:46:11Z,2026-03-23,3,17,4,23.53
2026-03-20T10:46:16Z,2026-03-24,1,17,7,41.18
2026-03-20T10:46:16Z,2026-03-24,2,17,9.5,55.88
2026-03-20T10:46:16Z,2026-03-24,3,17,4,23.53
2026-03-20T10:46:21Z,2026-03-25,1,17,8,47.06
2026-03-20T10:46:21Z,2026-03-25,2,17,10,58.82
2026-03-20T10:46:21Z,2026-03-25,3,17,5,29.41
2026-03-20T10:46:26Z,2026-03-26,1,17,7,41.18
2026-03-20T10:46:26Z,2026-03-26,2,17,7,41.18
2026-03-20T10:46:26Z,2026-03-26,3,17,3,17.65
2026-03-20T10:50:40Z,2026-03-20,1,17,11,64.71
2026-03-20T10:50:40Z,2026-03-20,2,17,10,58.82
2026-03-20T10:50:40Z,2026-03-20,3,17,11,64.71
2026-03-20T10:50:45Z,2026-03-21,1,17,12,70.59
2026-03-20T10:50:45Z,2026-03-21,2,17,12,70.59
2026-03-20T10:50:45Z,2026-03-21,3,17,12,70.59
2026-03-20T10:50:50Z,2026-03-22,1,17,12,70.59
2026-03-20T10:50:50Z,2026-03-22,2,17,12,70.59
2026-03-20T10:50:50Z,2026-03-22,3,17,12,70.59
2026-03-20T10:50:55Z,2026-03-23,1,17,7,41.18
2026-03-20T10:50:55Z,2026-03-23,2,17,5,29.41
2026-03-20T10:50:55Z,2026-03-23,3,17,4,23.53
2026-03-20T10:51:00Z,2026-03-24,1,17,7,41.18
2026-03-20T10:51:00Z,2026-03-24,2,17,9.5,55.88
2026-03-20T10:51:00Z,2026-03-24,3,17,4,23.53
2026-03-20T10:51:05Z,2026-03-25,1,17,8,47.06
2026-03-20T10:51:05Z,2026-03-25,2,17,10,58.82
2026-03-20T10:51:05Z,2026-03-25,3,17,5,29.41
2026-03-20T10:51:10Z,2026-03-26,1,17,7,41.18
2026-03-20T10:51:10Z,2026-03-26,2,17,7,41.18
2026-03-20T10:51:10Z,2026-03-26,3,17,3,17.65
2026-03-20T10:55:44Z,2026-03-20,1,17,11,64.71
2026-03-20T10:55:44Z,2026-03-20,2,17,10,58.82
2026-03-20T10:55:44Z,2026-03-20,3,17,11,64.71
2026-03-20T10:55:49Z,2026-03-21,1,17,12,70.59
2026-03-20T10:55:49Z,2026-03-21,2,17,12,70.59
2026-03-20T10:55:49Z,2026-03-21,3,17,12,70.59
2026-03-20T10:55:54Z,2026-03-22,1,17,12,70.59
2026-03-20T10:55:54Z,2026-03-22,2,17,12,70.59
2026-03-20T10:55:54Z,2026-03-22,3,17,12,70.59
2026-03-20T10:55:59Z,2026-03-23,1,17,7,41.18
2026-03-20T10:55:59Z,2026-03-23,2,17,5,29.41
2026-03-20T10:55:59Z,2026-03-23,3,17,4,23.53
2026-03-20T10:56:04Z,2026-03-24,1,17,7,41.18
2026-03-20T10:56:04Z,2026-03-24,2,17,9.5,55.88
2026-03-20T10:56:04Z,2026-03-24,3,17,4,23.53
2026-03-20T10:56:09Z,2026-03-25,1,17,8,47.06
2026-03-20T10:56:09Z,2026-03-25,2,17,10,58.82
2026-03-20T10:56:09Z,2026-03-25,3,17,5,29.41
2026-03-20T10:56:15Z,2026-03-26,1,17,7,41.18
2026-03-20T10:56:15Z,2026-03-26,2,17,7,41.18
2026-03-20T10:56:15Z,2026-03-26,3,17,3,17.65
2026-03-20T11:00:46Z,2026-03-20,1,17,13,76.47
2026-03-20T11:00:46Z,2026-03-20,2,17,10,58.82
2026-03-20T11:00:46Z,2026-03-20,3,17,9,52.94
2026-03-20T11:00:51Z,2026-03-21,1,17,12,70.59
2026-03-20T11:00:51Z,2026-03-21,2,17,12,70.59
2026-03-20T11:00:51Z,2026-03-21,3,17,12,70.59
2026-03-20T11:00:56Z,2026-03-22,1,17,12,70.59
2026-03-20T11:00:56Z,2026-03-22,2,17,12,70.59
2026-03-20T11:00:56Z,2026-03-22,3,17,12,70.59
2026-03-20T11:01:01Z,2026-03-23,1,17,7,41.18
2026-03-20T11:01:01Z,2026-03-23,2,17,5,29.41
2026-03-20T11:01:01Z,2026-03-23,3,17,4,23.53
2026-03-20T11:01:06Z,2026-03-24,1,17,7,41.18
2026-03-20T11:01:06Z,2026-03-24,2,17,9.5,55.88
2026-03-20T11:01:06Z,2026-03-24,3,17,4,23.53
2026-03-20T11:01:11Z,2026-03-25,1,17,8,47.06
2026-03-20T11:01:11Z,2026-03-25,2,17,10,58.82
2026-03-20T11:01:11Z,2026-03-25,3,17,5,29.41
2026-03-20T11:01:16Z,2026-03-26,1,17,7,41.18
2026-03-20T11:01:16Z,2026-03-26,2,17,7,41.18
2026-03-20T11:01:16Z,2026-03-26,3,17,3,17.65
2026-03-20T11:05:40Z,2026-03-20,1,17,13,76.47
2026-03-20T11:05:40Z,2026-03-20,2,17,10,58.82
2026-03-20T11:05:40Z,2026-03-20,3,17,9,52.94
2026-03-20T11:05:45Z,2026-03-21,1,17,12,70.59
2026-03-20T11:05:45Z,2026-03-21,2,17,12,70.59
2026-03-20T11:05:45Z,2026-03-21,3,17,12,70.59
2026-03-20T11:05:50Z,2026-03-22,1,17,12,70.59
2026-03-20T11:05:50Z,2026-03-22,2,17,12,70.59
2026-03-20T11:05:50Z,2026-03-22,3,17,12,70.59
2026-03-20T11:05:55Z,2026-03-23,1,17,7,41.18
2026-03-20T11:05:55Z,2026-03-23,2,17,5,29.41
2026-03-20T11:05:55Z,2026-03-23,3,17,4,23.53
2026-03-20T11:06:00Z,2026-03-24,1,17,7,41.18
2026-03-20T11:06:00Z,2026-03-24,2,17,9.5,55.88
2026-03-20T11:06:00Z,2026-03-24,3,17,4,23.53
2026-03-20T11:06:05Z,2026-03-25,1,17,8,47.06
2026-03-20T11:06:05Z,2026-03-25,2,17,10,58.82
2026-03-20T11:06:05Z,2026-03-25,3,17,5,29.41
2026-03-20T11:06:10Z,2026-03-26,1,17,7,41.18
2026-03-20T11:06:10Z,2026-03-26,2,17,7,41.18
2026-03-20T11:06:10Z,2026-03-26,3,17,3,17.65
2026-03-20T11:10:45Z,2026-03-20,1,17,13,76.47
2026-03-20T11:10:45Z,2026-03-20,2,17,10,58.82
2026-03-20T11:10:45Z,2026-03-20,3,17,9,52.94
2026-03-20T11:10:50Z,2026-03-21,1,17,12,70.59
2026-03-20T11:10:50Z,2026-03-21,2,17,12,70.59
2026-03-20T11:10:50Z,2026-03-21,3,17,12,70.59
2026-03-20T11:10:55Z,2026-03-22,1,17,12,70.59
2026-03-20T11:10:55Z,2026-03-22,2,17,12,70.59
2026-03-20T11:10:55Z,2026-03-22,3,17,12,70.59
2026-03-20T11:11:00Z,2026-03-23,1,17,7,41.18
2026-03-20T11:11:00Z,2026-03-23,2,17,5,29.41
2026-03-20T11:11:00Z,2026-03-23,3,17,4,23.53
2026-03-20T11:11:05Z,2026-03-24,1,17,7,41.18
2026-03-20T11:11:05Z,2026-03-24,2,17,9.5,55.88
2026-03-20T11:11:05Z,2026-03-24,3,17,4,23.53
2026-03-20T11:11:10Z,2026-03-25,1,17,8,47.06
2026-03-20T11:11:10Z,2026-03-25,2,17,10,58.82
2026-03-20T11:11:10Z,2026-03-25,3,17,5,29.41
2026-03-20T11:11:15Z,2026-03-26,1,17,7,41.18
2026-03-20T11:11:15Z,2026-03-26,2,17,7,41.18
2026-03-20T11:11:15Z,2026-03-26,3,17,3,17.65
2026-03-20T11:15:44Z,2026-03-20,1,17,13,76.47
2026-03-20T11:15:44Z,2026-03-20,2,17,10,58.82
2026-03-20T11:15:44Z,2026-03-20,3,17,9,52.94
2026-03-20T11:15:49Z,2026-03-21,1,17,12,70.59
2026-03-20T11:15:49Z,2026-03-21,2,17,12,70.59
2026-03-20T11:15:49Z,2026-03-21,3,17,12,70.59
2026-03-20T11:15:54Z,2026-03-22,1,17,12,70.59
2026-03-20T11:15:54Z,2026-03-22,2,17,12,70.59
2026-03-20T11:15:54Z,2026-03-22,3,17,12,70.59
2026-03-20T11:15:59Z,2026-03-23,1,17,7,41.18
2026-03-20T11:15:59Z,2026-03-23,2,17,5,29.41
2026-03-20T11:15:59Z,2026-03-23,3,17,4,23.53
2026-03-20T11:16:04Z,2026-03-24,1,17,7,41.18
2026-03-20T11:16:04Z,2026-03-24,2,17,9.5,55.88
2026-03-20T11:16:04Z,2026-03-24,3,17,4,23.53
2026-03-20T11:16:09Z,2026-03-25,1,17,8,47.06
2026-03-20T11:16:09Z,2026-03-25,2,17,10,58.82
2026-03-20T11:16:09Z,2026-03-25,3,17,5,29.41
2026-03-20T11:16:14Z,2026-03-26,1,17,7,41.18
2026-03-20T11:16:14Z,2026-03-26,2,17,7,41.18
2026-03-20T11:16:14Z,2026-03-26,3,17,3,17.65
2026-03-20T11:20:44Z,2026-03-20,1,17,13,76.47
2026-03-20T11:20:44Z,2026-03-20,2,17,10,58.82
2026-03-20T11:20:44Z,2026-03-20,3,17,9,52.94
2026-03-20T11:20:49Z,2026-03-21,1,17,12,70.59
2026-03-20T11:20:49Z,2026-03-21,2,17,12,70.59
2026-03-20T11:20:49Z,2026-03-21,3,17,12,70.59
2026-03-20T11:20:54Z,2026-03-22,1,17,12,70.59
2026-03-20T11:20:54Z,2026-03-22,2,17,12,70.59
2026-03-20T11:20:54Z,2026-03-22,3,17,12,70.59
2026-03-20T11:20:59Z,2026-03-23,1,17,7,41.18
2026-03-20T11:20:59Z,2026-03-23,2,17,5,29.41
2026-03-20T11:20:59Z,2026-03-23,3,17,4,23.53
2026-03-20T11:21:05Z,2026-03-24,1,17,7,41.18
2026-03-20T11:21:05Z,2026-03-24,2,17,9.5,55.88
2026-03-20T11:21:05Z,2026-03-24,3,17,4,23.53
2026-03-20T11:21:10Z,2026-03-25,1,17,8,47.06
2026-03-20T11:21:10Z,2026-03-25,2,17,10,58.82
2026-03-20T11:21:10Z,2026-03-25,3,17,5,29.41
2026-03-20T11:21:15Z,2026-03-26,1,17,7,41.18
2026-03-20T11:21:15Z,2026-03-26,2,17,7,41.18
2026-03-20T11:21:15Z,2026-03-26,3,17,3,17.65
2026-03-20T11:25:42Z,2026-03-20,1,17,13,76.47
2026-03-20T11:25:42Z,2026-03-20,2,17,10,58.82
2026-03-20T11:25:42Z,2026-03-20,3,17,9,52.94
2026-03-20T11:25:47Z,2026-03-21,1,17,12,70.59
2026-03-20T11:25:47Z,2026-03-21,2,17,12,70.59
2026-03-20T11:25:47Z,2026-03-21,3,17,12,70.59
2026-03-20T11:25:52Z,2026-03-22,1,17,12,70.59
2026-03-20T11:25:52Z,2026-03-22,2,17,12,70.59
2026-03-20T11:25:52Z,2026-03-22,3,17,12,70.59
2026-03-20T11:25:57Z,2026-03-23,1,17,7,41.18
2026-03-20T11:25:57Z,2026-03-23,2,17,5,29.41
2026-03-20T11:25:57Z,2026-03-23,3,17,4,23.53
2026-03-20T11:26:02Z,2026-03-24,1,17,7,41.18
2026-03-20T11:26:02Z,2026-03-24,2,17,9.5,55.88
2026-03-20T11:26:02Z,2026-03-24,3,17,4,23.53
2026-03-20T11:26:07Z,2026-03-25,1,17,8,47.06
2026-03-20T11:26:07Z,2026-03-25,2,17,10,58.82
2026-03-20T11:26:07Z,2026-03-25,3,17,5,29.41
2026-03-20T11:26:12Z,2026-03-26,1,17,7,41.18
2026-03-20T11:26:12Z,2026-03-26,2,17,7,41.18
2026-03-20T11:26:12Z,2026-03-26,3,17,3,17.65
2026-03-20T11:30:44Z,2026-03-20,1,17,13,76.47
2026-03-20T11:30:44Z,2026-03-20,2,17,10,58.82
2026-03-20T11:30:44Z,2026-03-20,3,17,9,52.94
2026-03-20T11:30:49Z,2026-03-21,1,17,12,70.59
2026-03-20T11:30:49Z,2026-03-21,2,17,12,70.59
2026-03-20T11:30:49Z,2026-03-21,3,17,12,70.59
2026-03-20T11:30:54Z,2026-03-22,1,17,12,70.59
2026-03-20T11:30:54Z,2026-03-22,2,17,12,70.59
2026-03-20T11:30:54Z,2026-03-22,3,17,12,70.59
2026-03-20T11:30:59Z,2026-03-23,1,17,7,41.18
2026-03-20T11:30:59Z,2026-03-23,2,17,5,29.41
2026-03-20T11:30:59Z,2026-03-23,3,17,4,23.53
2026-03-20T11:31:04Z,2026-03-24,1,17,7,41.18
2026-03-20T11:31:04Z,2026-03-24,2,17,9.5,55.88
2026-03-20T11:31:04Z,2026-03-24,3,17,4,23.53
2026-03-20T11:31:09Z,2026-03-25,1,17,8,47.06
2026-03-20T11:31:09Z,2026-03-25,2,17,10,58.82
2026-03-20T11:31:09Z,2026-03-25,3,17,5,29.41
2026-03-20T11:31:14Z,2026-03-26,1,17,7,41.18
2026-03-20T11:31:14Z,2026-03-26,2,17,7,41.18
2026-03-20T11:31:14Z,2026-03-26,3,17,3,17.65
2026-03-20T11:35:57Z,2026-03-20,1,17,13,76.47
2026-03-20T11:35:57Z,2026-03-20,2,17,10,58.82
2026-03-20T11:35:57Z,2026-03-20,3,17,9,52.94
2026-03-20T11:36:02Z,2026-03-21,1,17,12,70.59
2026-03-20T11:36:02Z,2026-03-21,2,17,12,70.59
2026-03-20T11:36:02Z,2026-03-21,3,17,12,70.59
2026-03-20T11:36:07Z,2026-03-22,1,17,12,70.59
2026-03-20T11:36:07Z,2026-03-22,2,17,12,70.59
2026-03-20T11:36:07Z,2026-03-22,3,17,12,70.59
2026-03-20T11:36:12Z,2026-03-23,1,17,7,41.18
2026-03-20T11:36:12Z,2026-03-23,2,17,5,29.41
2026-03-20T11:36:12Z,2026-03-23,3,17,4,23.53
2026-03-20T11:36:17Z,2026-03-24,1,17,7,41.18
2026-03-20T11:36:17Z,2026-03-24,2,17,9.5,55.88
2026-03-20T11:36:17Z,2026-03-24,3,17,4,23.53
2026-03-20T11:36:22Z,2026-03-25,1,17,8,47.06
2026-03-20T11:36:22Z,2026-03-25,2,17,10,58.82
2026-03-20T11:36:22Z,2026-03-25,3,17,5,29.41
2026-03-20T11:36:27Z,2026-03-26,1,17,7,41.18
2026-03-20T11:36:27Z,2026-03-26,2,17,7,41.18
2026-03-20T11:36:27Z,2026-03-26,3,17,3,17.65
2026-03-20T11:40:46Z,2026-03-20,1,17,13,76.47
2026-03-20T11:40:46Z,2026-03-20,2,17,10,58.82
2026-03-20T11:40:46Z,2026-03-20,3,17,9,52.94
2026-03-20T11:40:51Z,2026-03-21,1,17,12,70.59
2026-03-20T11:40:51Z,2026-03-21,2,17,12,70.59
2026-03-20T11:40:51Z,2026-03-21,3,17,12,70.59
2026-03-20T11:40:56Z,2026-03-22,1,17,12,70.59
2026-03-20T11:40:56Z,2026-03-22,2,17,12,70.59
2026-03-20T11:40:56Z,2026-03-22,3,17,12,70.59
2026-03-20T11:41:01Z,2026-03-23,1,17,7,41.18
2026-03-20T11:41:01Z,2026-03-23,2,17,5,29.41
2026-03-20T11:41:01Z,2026-03-23,3,17,4,23.53
2026-03-20T11:41:06Z,2026-03-24,1,17,7,41.18
2026-03-20T11:41:06Z,2026-03-24,2,17,9.5,55.88
2026-03-20T11:41:06Z,2026-03-24,3,17,4,23.53
2026-03-20T11:41:11Z,2026-03-25,1,17,8,47.06
2026-03-20T11:41:11Z,2026-03-25,2,17,10,58.82
2026-03-20T11:41:11Z,2026-03-25,3,17,5,29.41
2026-03-20T11:41:16Z,2026-03-26,1,17,7,41.18
2026-03-20T11:41:16Z,2026-03-26,2,17,7,41.18
2026-03-20T11:41:16Z,2026-03-26,3,17,3,17.65
2026-03-20T11:45:45Z,2026-03-20,1,17,13,76.47
2026-03-20T11:45:45Z,2026-03-20,2,17,10,58.82
2026-03-20T11:45:45Z,2026-03-20,3,17,9,52.94
2026-03-20T11:45:50Z,2026-03-21,1,17,12,70.59
2026-03-20T11:45:50Z,2026-03-21,2,17,12,70.59
2026-03-20T11:45:50Z,2026-03-21,3,17,12,70.59
2026-03-20T11:45:55Z,2026-03-22,1,17,12,70.59
2026-03-20T11:45:55Z,2026-03-22,2,17,12,70.59
2026-03-20T11:45:55Z,2026-03-22,3,17,12,70.59
2026-03-20T11:46:00Z,2026-03-23,1,17,7,41.18
2026-03-20T11:46:00Z,2026-03-23,2,17,5,29.41
2026-03-20T11:46:00Z,2026-03-23,3,17,4,23.53
2026-03-20T11:46:05Z,2026-03-24,1,17,7,41.18
2026-03-20T11:46:05Z,2026-03-24,2,17,9.5,55.88
2026-03-20T11:46:05Z,2026-03-24,3,17,4,23.53
2026-03-20T11:46:11Z,2026-03-25,1,17,8,47.06
2026-03-20T11:46:11Z,2026-03-25,2,17,10,58.82
2026-03-20T11:46:11Z,2026-03-25,3,17,5,29.41
2026-03-20T11:46:16Z,2026-03-26,1,17,7,41.18
2026-03-20T11:46:16Z,2026-03-26,2,17,7,41.18
2026-03-20T11:46:16Z,2026-03-26,3,17,3,17.65
2026-03-20T11:47:10Z,2026-03-20,1,17,13,76.47
2026-03-20T11:47:10Z,2026-03-20,2,17,10,58.82
2026-03-20T11:47:10Z,2026-03-20,3,17,9,52.94
2026-03-20T11:47:15Z,2026-03-21,1,17,12,70.59
2026-03-20T11:47:15Z,2026-03-21,2,17,12,70.59
2026-03-20T11:47:15Z,2026-03-21,3,17,12,70.59
2026-03-20T11:47:20Z,2026-03-22,1,17,12,70.59
2026-03-20T11:47:20Z,2026-03-22,2,17,12,70.59
2026-03-20T11:47:20Z,2026-03-22,3,17,12,70.59
2026-03-20T11:47:25Z,2026-03-23,1,17,7,41.18
2026-03-20T11:47:25Z,2026-03-23,2,17,5,29.41
2026-03-20T11:47:25Z,2026-03-23,3,17,4,23.53
2026-03-20T11:47:30Z,2026-03-24,1,17,7,41.18
2026-03-20T11:47:30Z,2026-03-24,2,17,9.5,55.88
2026-03-20T11:47:30Z,2026-03-24,3,17,4,23.53
2026-03-20T11:47:35Z,2026-03-25,1,17,8,47.06
2026-03-20T11:47:35Z,2026-03-25,2,17,10,58.82
2026-03-20T11:47:35Z,2026-03-25,3,17,5,29.41
2026-03-20T11:47:40Z,2026-03-26,1,17,7,41.18
2026-03-20T11:47:40Z,2026-03-26,2,17,7,41.18
2026-03-20T11:47:40Z,2026-03-26,3,17,3,17.65
2026-03-20T11:50:37Z,2026-03-20,1,17,13,76.47
2026-03-20T11:50:37Z,2026-03-20,2,17,10,58.82
2026-03-20T11:50:37Z,2026-03-20,3,17,9,52.94
2026-03-20T11:50:42Z,2026-03-21,1,17,12,70.59
2026-03-20T11:50:42Z,2026-03-21,2,17,12,70.59
2026-03-20T11:50:42Z,2026-03-21,3,17,12,70.59
2026-03-20T11:50:47Z,2026-03-22,1,17,12,70.59
2026-03-20T11:50:47Z,2026-03-22,2,17,12,70.59
2026-03-20T11:50:47Z,2026-03-22,3,17,12,70.59
2026-03-20T11:50:52Z,2026-03-23,1,17,7,41.18
2026-03-20T11:50:52Z,2026-03-23,2,17,5,29.41
2026-03-20T11:50:52Z,2026-03-23,3,17,4,23.53
2026-03-20T11:50:57Z,2026-03-24,1,17,7,41.18
2026-03-20T11:50:57Z,2026-03-24,2,17,9.5,55.88
2026-03-20T11:50:57Z,2026-03-24,3,17,4,23.53
2026-03-20T11:51:02Z,2026-03-25,1,17,8,47.06
2026-03-20T11:51:02Z,2026-03-25,2,17,10,58.82
2026-03-20T11:51:02Z,2026-03-25,3,17,5,29.41
2026-03-20T11:51:07Z,2026-03-26,1,17,7,41.18
2026-03-20T11:51:07Z,2026-03-26,2,17,7,41.18
2026-03-20T11:51:07Z,2026-03-26,3,17,3,17.65
2026-03-20T11:55:40Z,2026-03-20,1,17,13,76.47
2026-03-20T11:55:40Z,2026-03-20,2,17,10,58.82
2026-03-20T11:55:40Z,2026-03-20,3,17,9,52.94
2026-03-20T11:55:45Z,2026-03-21,1,17,12,70.59
2026-03-20T11:55:45Z,2026-03-21,2,17,12,70.59
2026-03-20T11:55:45Z,2026-03-21,3,17,12,70.59
2026-03-20T11:55:50Z,2026-03-22,1,17,12,70.59
2026-03-20T11:55:50Z,2026-03-22,2,17,12,70.59
2026-03-20T11:55:50Z,2026-03-22,3,17,12,70.59
2026-03-20T11:55:55Z,2026-03-23,1,17,7,41.18
2026-03-20T11:55:55Z,2026-03-23,2,17,5,29.41
2026-03-20T11:55:55Z,2026-03-23,3,17,4,23.53
2026-03-20T11:56:00Z,2026-03-24,1,17,7,41.18
2026-03-20T11:56:00Z,2026-03-24,2,17,9.5,55.88
2026-03-20T11:56:00Z,2026-03-24,3,17,4,23.53
2026-03-20T11:56:06Z,2026-03-25,1,17,8,47.06
2026-03-20T11:56:06Z,2026-03-25,2,17,10,58.82
2026-03-20T11:56:06Z,2026-03-25,3,17,5,29.41
2026-03-20T11:56:11Z,2026-03-26,1,17,7,41.18
2026-03-20T11:56:11Z,2026-03-26,2,17,7,41.18
2026-03-20T11:56:11Z,2026-03-26,3,17,3,17.65
2026-03-20T12:00:44Z,2026-03-20,1,17,13,76.47
2026-03-20T12:00:44Z,2026-03-20,2,17,10,58.82
2026-03-20T12:00:44Z,2026-03-20,3,17,9,52.94
2026-03-20T12:00:50Z,2026-03-21,1,17,12,70.59
2026-03-20T12:00:50Z,2026-03-21,2,17,12,70.59
2026-03-20T12:00:50Z,2026-03-21,3,17,12,70.59
2026-03-20T12:00:55Z,2026-03-22,1,17,12,70.59
2026-03-20T12:00:55Z,2026-03-22,2,17,12,70.59
2026-03-20T12:00:55Z,2026-03-22,3,17,12,70.59
2026-03-20T12:01:00Z,2026-03-23,1,17,7,41.18
2026-03-20T12:01:00Z,2026-03-23,2,17,5,29.41
2026-03-20T12:01:00Z,2026-03-23,3,17,4,23.53
2026-03-20T12:01:05Z,2026-03-24,1,17,7,41.18
2026-03-20T12:01:05Z,2026-03-24,2,17,9.5,55.88
2026-03-20T12:01:05Z,2026-03-24,3,17,4,23.53
2026-03-20T12:01:10Z,2026-03-25,1,17,8,47.06
2026-03-20T12:01:10Z,2026-03-25,2,17,10,58.82
2026-03-20T12:01:10Z,2026-03-25,3,17,5,29.41
2026-03-20T12:01:15Z,2026-03-26,1,17,7,41.18
2026-03-20T12:01:15Z,2026-03-26,2,17,7,41.18
2026-03-20T12:01:15Z,2026-03-26,3,17,3,17.65
2026-03-20T12:05:45Z,2026-03-20,1,17,13,76.47
2026-03-20T12:05:45Z,2026-03-20,2,17,10,58.82
2026-03-20T12:05:45Z,2026-03-20,3,17,9,52.94
2026-03-20T12:05:50Z,2026-03-21,1,17,12,70.59
2026-03-20T12:05:50Z,2026-03-21,2,17,12,70.59
2026-03-20T12:05:50Z,2026-03-21,3,17,12,70.59
2026-03-20T12:05:55Z,2026-03-22,1,17,12,70.59
2026-03-20T12:05:55Z,2026-03-22,2,17,12,70.59
2026-03-20T12:05:55Z,2026-03-22,3,17,12,70.59
2026-03-20T12:06:00Z,2026-03-23,1,17,7,41.18
2026-03-20T12:06:00Z,2026-03-23,2,17,5,29.41
2026-03-20T12:06:00Z,2026-03-23,3,17,4,23.53
2026-03-20T12:06:05Z,2026-03-24,1,17,7,41.18
2026-03-20T12:06:05Z,2026-03-24,2,17,9.5,55.88
2026-03-20T12:06:05Z,2026-03-24,3,17,4,23.53
2026-03-20T12:06:10Z,2026-03-25,1,17,8,47.06
2026-03-20T12:06:10Z,2026-03-25,2,17,10,58.82
2026-03-20T12:06:10Z,2026-03-25,3,17,5,29.41
2026-03-20T12:06:15Z,2026-03-26,1,17,7,41.18
2026-03-20T12:06:15Z,2026-03-26,2,17,7,41.18
2026-03-20T12:06:15Z,2026-03-26,3,17,3,17.65
2026-03-20T12:10:46Z,2026-03-20,1,17,13,76.47
2026-03-20T12:10:46Z,2026-03-20,2,17,10,58.82
2026-03-20T12:10:46Z,2026-03-20,3,17,9,52.94
2026-03-20T12:10:51Z,2026-03-21,1,17,12,70.59
2026-03-20T12:10:51Z,2026-03-21,2,17,12,70.59
2026-03-20T12:10:51Z,2026-03-21,3,17,12,70.59
2026-03-20T12:10:56Z,2026-03-22,1,17,12,70.59
2026-03-20T12:10:56Z,2026-03-22,2,17,12,70.59
2026-03-20T12:10:56Z,2026-03-22,3,17,12,70.59
2026-03-20T12:11:01Z,2026-03-23,1,17,7,41.18
2026-03-20T12:11:01Z,2026-03-23,2,17,5,29.41
2026-03-20T12:11:01Z,2026-03-23,3,17,4,23.53
2026-03-20T12:11:06Z,2026-03-24,1,17,7,41.18
2026-03-20T12:11:06Z,2026-03-24,2,17,9.5,55.88
2026-03-20T12:11:06Z,2026-03-24,3,17,4,23.53
2026-03-20T12:11:11Z,2026-03-25,1,17,8,47.06
2026-03-20T12:11:11Z,2026-03-25,2,17,10,58.82
2026-03-20T12:11:11Z,2026-03-25,3,17,5,29.41
2026-03-20T12:11:16Z,2026-03-26,1,17,7,41.18
2026-03-20T12:11:16Z,2026-03-26,2,17,7,41.18
2026-03-20T12:11:16Z,2026-03-26,3,17,3,17.65
2026-03-20T12:15:41Z,2026-03-20,1,17,13,76.47
2026-03-20T12:15:41Z,2026-03-20,2,17,10,58.82
2026-03-20T12:15:41Z,2026-03-20,3,17,9,52.94
2026-03-20T12:15:46Z,2026-03-21,1,17,12,70.59
2026-03-20T12:15:46Z,2026-03-21,2,17,12,70.59
2026-03-20T12:15:46Z,2026-03-21,3,17,12,70.59
2026-03-20T12:15:51Z,2026-03-22,1,17,12,70.59
2026-03-20T12:15:51Z,2026-03-22,2,17,12,70.59
2026-03-20T12:15:51Z,2026-03-22,3,17,12,70.59
2026-03-20T12:15:57Z,2026-03-23,1,17,7,41.18
2026-03-20T12:15:57Z,2026-03-23,2,17,5,29.41
2026-03-20T12:15:57Z,2026-03-23,3,17,4,23.53
2026-03-20T12:16:02Z,2026-03-24,1,17,7,41.18
2026-03-20T12:16:02Z,2026-03-24,2,17,9.5,55.88
2026-03-20T12:16:02Z,2026-03-24,3,17,4,23.53
2026-03-20T12:16:07Z,2026-03-25,1,17,8,47.06
2026-03-20T12:16:07Z,2026-03-25,2,17,10,58.82
2026-03-20T12:16:07Z,2026-03-25,3,17,5,29.41
2026-03-20T12:16:12Z,2026-03-26,1,17,7,41.18
2026-03-20T12:16:12Z,2026-03-26,2,17,7,41.18
2026-03-20T12:16:12Z,2026-03-26,3,17,3,17.65
2026-03-20T12:20:41Z,2026-03-20,1,17,13,76.47
2026-03-20T12:20:41Z,2026-03-20,2,17,10,58.82
2026-03-20T12:20:41Z,2026-03-20,3,17,9,52.94
2026-03-20T12:20:46Z,2026-03-21,1,17,12,70.59
2026-03-20T12:20:46Z,2026-03-21,2,17,12,70.59
2026-03-20T12:20:46Z,2026-03-21,3,17,12,70.59
2026-03-20T12:20:51Z,2026-03-22,1,17,12,70.59
2026-03-20T12:20:51Z,2026-03-22,2,17,12,70.59
2026-03-20T12:20:51Z,2026-03-22,3,17,12,70.59
2026-03-20T12:20:56Z,2026-03-23,1,17,7,41.18
2026-03-20T12:20:56Z,2026-03-23,2,17,5,29.41
2026-03-20T12:20:56Z,2026-03-23,3,17,4,23.53
2026-03-20T12:21:01Z,2026-03-24,1,17,7,41.18
2026-03-20T12:21:01Z,2026-03-24,2,17,9.5,55.88
2026-03-20T12:21:01Z,2026-03-24,3,17,4,23.53
2026-03-20T12:21:06Z,2026-03-25,1,17,8,47.06
2026-03-20T12:21:06Z,2026-03-25,2,17,10,58.82
2026-03-20T12:21:06Z,2026-03-25,3,17,5,29.41
2026-03-20T12:21:12Z,2026-03-26,1,17,7,41.18
2026-03-20T12:21:12Z,2026-03-26,2,17,7,41.18
2026-03-20T12:21:12Z,2026-03-26,3,17,3,17.65
2026-03-21T10:20:46Z,2026-03-21,1,17,12,70.59
2026-03-21T10:20:46Z,2026-03-21,2,17,12,70.59
2026-03-21T10:20:46Z,2026-03-21,3,17,12,70.59
2026-03-21T12:05:47Z,2026-03-21,1,17,12,70.59
2026-03-21T12:05:47Z,2026-03-21,2,17,12,70.59
2026-03-21T12:05:47Z,2026-03-21,3,17,12,70.59
2026-03-21T16:05:53Z,2026-03-21,1,17,12,70.59
2026-03-21T16:05:53Z,2026-03-21,2,17,12,70.59
2026-03-21T16:05:53Z,2026-03-21,3,17,12,70.59
2026-03-21T16:20:50Z,2026-03-21,1,17,12,70.59
2026-03-21T16:20:50Z,2026-03-21,2,17,12,70.59
2026-03-21T16:20:50Z,2026-03-21,3,17,12,70.59
2026-03-21T16:25:47Z,2026-03-21,1,17,12,70.59
2026-03-21T16:25:47Z,2026-03-21,2,17,12,70.59
2026-03-21T16:25:47Z,2026-03-21,3,17,12,70.59
2026-03-21T17:25:47Z,2026-03-21,1,17,12,70.59
2026-03-21T17:25:47Z,2026-03-21,2,17,12,70.59
2026-03-21T17:25:47Z,2026-03-21,3,17,12,70.59
2026-03-21T17:45:59Z,2026-03-21,1,17,12,70.59
2026-03-21T17:45:59Z,2026-03-21,2,17,12,70.59
2026-03-21T17:45:59Z,2026-03-21,3,17,12,70.59
2026-03-21T19:15:50Z,2026-03-21,1,17,12,70.59
2026-03-21T19:15:50Z,2026-03-21,2,17,12,70.59
2026-03-21T19:15:50Z,2026-03-21,3,17,12,70.59
2026-03-21T20:00:26Z,2026-03-21,1,17,12,70.59
2026-03-21T20:00:26Z,2026-03-21,2,17,12,70.59
2026-03-21T20:00:26Z,2026-03-21,3,17,12,70.59
2026-03-21T20:56:28Z,2026-03-21,1,17,12,70.59
2026-03-21T20:56:28Z,2026-03-21,2,17,12,70.59
2026-03-21T20:56:28Z,2026-03-21,3,17,12,70.59
2026-03-21T22:20:50Z,2026-03-21,1,17,12,70.59
2026-03-21T22:20:50Z,2026-03-21,2,17,12,70.59
2026-03-21T22:20:50Z,2026-03-21,3,17,12,70.59
2026-03-21T22:30:54Z,2026-03-21,1,17,12,70.59
2026-03-21T22:30:54Z,2026-03-21,2,17,12,70.59
2026-03-21T22:30:54Z,2026-03-21,3,17,12,70.59
2026-03-21T23:50:49Z,2026-03-21,1,17,12,70.59
2026-03-21T23:50:49Z,2026-03-21,2,17,12,70.59
2026-03-21T23:50:49Z,2026-03-21,3,17,12,70.59
2026-03-22T00:00:52Z,2026-03-22,1,17,12,70.59
2026-03-22T00:00:52Z,2026-03-22,2,17,12,70.59
2026-03-22T00:00:52Z,2026-03-22,3,17,12,70.59
2026-03-22T00:10:46Z,2026-03-22,1,17,12,70.59
2026-03-22T00:10:46Z,2026-03-22,2,17,12,70.59
2026-03-22T00:10:46Z,2026-03-22,3,17,12,70.59
2026-03-22T10:35:53Z,2026-03-22,1,17,12,70.59
2026-03-22T10:35:53Z,2026-03-22,2,17,12,70.59
2026-03-22T10:35:53Z,2026-03-22,3,17,12,70.59
2026-03-22T11:00:48Z,2026-03-22,1,17,12,70.59
2026-03-22T11:00:48Z,2026-03-22,2,17,12,70.59
2026-03-22T11:00:48Z,2026-03-22,3,17,12,70.59
2026-03-22T11:05:52Z,2026-03-22,1,17,12,70.59
2026-03-22T11:05:52Z,2026-03-22,2,17,12,70.59
2026-03-22T11:05:52Z,2026-03-22,3,17,12,70.59
2026-03-22T11:35:48Z,2026-03-22,1,17,12,70.59
2026-03-22T11:35:48Z,2026-03-22,2,17,12,70.59
2026-03-22T11:35:48Z,2026-03-22,3,17,12,70.59
2026-03-22T12:05:42Z,2026-03-22,1,17,12,70.59
2026-03-22T12:05:42Z,2026-03-22,2,17,12,70.59
2026-03-22T12:05:42Z,2026-03-22,3,17,12,70.59
2026-03-22T12:25:58Z,2026-03-22,1,17,12,70.59
2026-03-22T12:25:58Z,2026-03-22,2,17,12,70.59
2026-03-22T12:25:58Z,2026-03-22,3,17,12,70.59
2026-03-22T13:20:51Z,2026-03-22,1,17,12,70.59
2026-03-22T13:20:51Z,2026-03-22,2,17,12,70.59
2026-03-22T13:20:51Z,2026-03-22,3,17,12,70.59
2026-03-22T15:20:47Z,2026-03-22,1,17,12,70.59
2026-03-22T15:20:47Z,2026-03-22,2,17,12,70.59
2026-03-22T15:20:47Z,2026-03-22,3,17,12,70.59
2026-03-22T16:05:47Z,2026-03-22,1,17,12,70.59
2026-03-22T16:05:47Z,2026-03-22,2,17,12,70.59
2026-03-22T16:05:47Z,2026-03-22,3,17,12,70.59
2026-03-22T17:15:50Z,2026-03-22,1,17,12,70.59
2026-03-22T17:15:50Z,2026-03-22,2,17,12,70.59
2026-03-22T17:15:50Z,2026-03-22,3,17,12,70.59
2026-03-22T17:45:46Z,2026-03-22,1,17,12,70.59
2026-03-22T17:45:46Z,2026-03-22,2,17,12,70.59
2026-03-22T17:45:46Z,2026-03-22,3,17,12,70.59
2026-03-22T18:10:51Z,2026-03-22,1,17,12,70.59
2026-03-22T18:10:51Z,2026-03-22,2,17,12,70.59
2026-03-22T18:10:51Z,2026-03-22,3,17,12,70.59
2026-03-22T18:40:49Z,2026-03-22,1,17,12,70.59
2026-03-22T18:40:49Z,2026-03-22,2,17,12,70.59
2026-03-22T18:40:49Z,2026-03-22,3,17,12,70.59
2026-03-22T18:50:48Z,2026-03-22,1,17,12,70.59
2026-03-22T18:50:48Z,2026-03-22,2,17,12,70.59
2026-03-22T18:50:48Z,2026-03-22,3,17,12,70.59
2026-03-22T19:50:53Z,2026-03-22,1,17,12,70.59
2026-03-22T19:50:53Z,2026-03-22,2,17,12,70.59
2026-03-22T19:50:53Z,2026-03-22,3,17,12,70.59
2026-03-22T20:01:05Z,2026-03-22,1,17,12,70.59
2026-03-22T20:01:05Z,2026-03-22,2,17,12,70.59
2026-03-22T20:01:05Z,2026-03-22,3,17,12,70.59
2026-03-22T20:45:56Z,2026-03-22,1,17,12,70.59
2026-03-22T20:45:56Z,2026-03-22,2,17,12,70.59
2026-03-22T20:45:56Z,2026-03-22,3,17,12,70.59
2026-03-22T21:30:58Z,2026-03-22,1,17,12,70.59
2026-03-22T21:30:58Z,2026-03-22,2,17,12,70.59
2026-03-22T21:30:58Z,2026-03-22,3,17,12,70.59
2026-03-22T22:45:54Z,2026-03-22,1,17,12,70.59
2026-03-22T22:45:54Z,2026-03-22,2,17,12,70.59
2026-03-22T22:45:54Z,2026-03-22,3,17,12,70.59
2026-03-23T00:05:46Z,2026-03-23,1,17,9,52.94
2026-03-23T00:05:46Z,2026-03-23,2,17,7,41.18
2026-03-23T00:05:46Z,2026-03-23,3,17,5,29.41
2026-03-28T09:06:42Z,2026-03-28,1,17,4,23.53
2026-03-28T09:06:42Z,2026-03-28,2,17,8,47.06
2026-03-28T09:06:42Z,2026-03-28,3,17,10,58.82
2026-03-28T09:16:01Z,2026-03-28,1,17,4,23.53
2026-03-28T09:16:01Z,2026-03-28,2,17,8,47.06
2026-03-28T09:16:01Z,2026-03-28,3,17,10,58.82
2026-03-28T09:35:59Z,2026-03-28,1,17,4,23.53
2026-03-28T09:35:59Z,2026-03-28,2,17,8,47.06
2026-03-28T09:35:59Z,2026-03-28,3,17,10,58.82
2026-03-28T09:50:56Z,2026-03-28,1,17,4,23.53
2026-03-28T09:50:56Z,2026-03-28,2,17,8,47.06
2026-03-28T09:50:56Z,2026-03-28,3,17,10,58.82
2026-03-28T09:55:52Z,2026-03-28,1,17,4,23.53
2026-03-28T09:55:52Z,2026-03-28,2,17,8,47.06
2026-03-28T09:55:52Z,2026-03-28,3,17,10,58.82
2026-03-28T10:01:02Z,2026-03-28,1,17,4,23.53
2026-03-28T10:01:02Z,2026-03-28,2,17,8,47.06
2026-03-28T10:01:02Z,2026-03-28,3,17,10,58.82
2026-03-28T10:05:53Z,2026-03-28,1,17,4,23.53
2026-03-28T10:05:53Z,2026-03-28,2,17,8,47.06
2026-03-28T10:05:53Z,2026-03-28,3,17,10,58.82
2026-03-28T10:10:51Z,2026-03-28,1,17,4,23.53
2026-03-28T10:10:51Z,2026-03-28,2,17,8,47.06
2026-03-28T10:10:51Z,2026-03-28,3,17,10,58.82
2026-03-28T10:22:30Z,2026-03-28,1,17,4,23.53
2026-03-28T10:22:30Z,2026-03-28,2,17,8,47.06
2026-03-28T10:22:30Z,2026-03-28,3,17,10,58.82
2026-03-28T10:36:00Z,2026-03-28,1,17,4,23.53
2026-03-28T10:36:00Z,2026-03-28,2,17,8,47.06
2026-03-28T10:36:00Z,2026-03-28,3,17,10,58.82
2026-03-28T11:03:35Z,2026-03-28,1,17,4,23.53
2026-03-28T11:03:35Z,2026-03-28,2,17,8,47.06
2026-03-28T11:03:35Z,2026-03-28,3,17,10,58.82
2026-03-28T11:10:50Z,2026-03-28,1,17,4,23.53
2026-03-28T11:10:50Z,2026-03-28,2,17,8,47.06
2026-03-28T11:10:50Z,2026-03-28,3,17,10,58.82
2026-03-28T11:21:40Z,2026-03-28,1,17,4,23.53
2026-03-28T11:21:40Z,2026-03-28,2,17,8,47.06
2026-03-28T11:21:40Z,2026-03-28,3,17,10,58.82
2026-03-28T11:30:54Z,2026-03-28,1,17,4,23.53
2026-03-28T11:30:54Z,2026-03-28,2,17,8,47.06
2026-03-28T11:30:54Z,2026-03-28,3,17,10,58.82
2026-03-28T11:35:59Z,2026-03-28,1,17,4,23.53
2026-03-28T11:35:59Z,2026-03-28,2,17,8,47.06
2026-03-28T11:35:59Z,2026-03-28,3,17,10,58.82
2026-03-28T11:50:50Z,2026-03-28,1,17,4,23.53
2026-03-28T11:50:50Z,2026-03-28,2,17,8,47.06
2026-03-28T11:50:50Z,2026-03-28,3,17,10,58.82
2026-03-28T11:55:45Z,2026-03-28,1,17,4,23.53
2026-03-28T11:55:45Z,2026-03-28,2,17,8,47.06
2026-03-28T11:55:45Z,2026-03-28,3,17,10,58.82
2026-03-28T12:10:54Z,2026-03-28,1,17,4,23.53
2026-03-28T12:10:54Z,2026-03-28,2,17,8,47.06
2026-03-28T12:10:54Z,2026-03-28,3,17,10,58.82
2026-03-28T12:20:55Z,2026-03-28,1,17,4,23.53
2026-03-28T12:20:55Z,2026-03-28,2,17,8,47.06
2026-03-28T12:20:55Z,2026-03-28,3,17,10,58.82
2026-03-28T12:50:55Z,2026-03-28,1,17,4,23.53
2026-03-28T12:50:55Z,2026-03-28,2,17,8,47.06
2026-03-28T12:50:55Z,2026-03-28,3,17,10,58.82
2026-03-28T12:56:22Z,2026-03-28,1,17,4,23.53
2026-03-28T12:56:22Z,2026-03-28,2,17,8,47.06
2026-03-28T12:56:22Z,2026-03-28,3,17,10,58.82
2026-03-28T13:05:49Z,2026-03-28,1,17,4,23.53
2026-03-28T13:05:49Z,2026-03-28,2,17,8,47.06
2026-03-28T13:05:49Z,2026-03-28,3,17,10,58.82
2026-03-28T13:10:56Z,2026-03-28,1,17,4,23.53
2026-03-28T13:10:56Z,2026-03-28,2,17,8,47.06
2026-03-28T13:10:56Z,2026-03-28,3,17,10,58.82
2026-03-28T13:20:53Z,2026-03-28,1,17,4,23.53
2026-03-28T13:20:53Z,2026-03-28,2,17,8,47.06
2026-03-28T13:20:53Z,2026-03-28,3,17,10,58.82
2026-03-28T13:25:53Z,2026-03-28,1,17,4,23.53
2026-03-28T13:25:53Z,2026-03-28,2,17,8,47.06
2026-03-28T13:25:53Z,2026-03-28,3,17,10,58.82
2026-03-28T13:32:39Z,2026-03-28,1,17,4,23.53
2026-03-28T13:32:39Z,2026-03-28,2,17,8,47.06
2026-03-28T13:32:39Z,2026-03-28,3,17,10,58.82
2026-03-28T13:46:20Z,2026-03-28,1,17,4,23.53
2026-03-28T13:46:20Z,2026-03-28,2,17,8,47.06
2026-03-28T13:46:20Z,2026-03-28,3,17,10,58.82
2026-03-28T13:50:53Z,2026-03-28,1,17,4,23.53
2026-03-28T13:50:53Z,2026-03-28,2,17,8,47.06
2026-03-28T13:50:53Z,2026-03-28,3,17,10,58.82
2026-03-28T13:56:16Z,2026-03-28,1,17,4,23.53
2026-03-28T13:56:16Z,2026-03-28,2,17,8,47.06
2026-03-28T13:56:16Z,2026-03-28,3,17,10,58.82
2026-03-28T14:04:14Z,2026-03-28,1,17,4,23.53
2026-03-28T14:04:14Z,2026-03-28,2,17,8,47.06
2026-03-28T14:04:14Z,2026-03-28,3,17,10,58.82
2026-03-28T14:23:46Z,2026-03-28,1,17,4,23.53
2026-03-28T14:23:46Z,2026-03-28,2,17,8,47.06
2026-03-28T14:23:46Z,2026-03-28,3,17,10,58.82
2026-03-28T14:35:51Z,2026-03-28,1,17,4,23.53
2026-03-28T14:35:51Z,2026-03-28,2,17,8,47.06
2026-03-28T14:35:51Z,2026-03-28,3,17,10,58.82
2026-03-28T14:50:55Z,2026-03-28,1,17,4,23.53
2026-03-28T14:50:55Z,2026-03-28,2,17,8,47.06
2026-03-28T14:50:55Z,2026-03-28,3,17,10,58.82
2026-03-28T14:56:30Z,2026-03-28,1,17,4,23.53
2026-03-28T14:56:30Z,2026-03-28,2,17,8,47.06
2026-03-28T14:56:30Z,2026-03-28,3,17,10,58.82
2026-03-28T15:00:51Z,2026-03-28,1,17,4,23.53
2026-03-28T15:00:51Z,2026-03-28,2,17,8,47.06
2026-03-28T15:00:51Z,2026-03-28,3,17,10,58.82
2026-03-28T15:10:53Z,2026-03-28,1,17,4,23.53
2026-03-28T15:10:53Z,2026-03-28,2,17,8,47.06
2026-03-28T15:10:53Z,2026-03-28,3,17,10,58.82
2026-03-28T15:15:56Z,2026-03-28,1,17,4,23.53
2026-03-28T15:15:56Z,2026-03-28,2,17,8,47.06
2026-03-28T15:15:56Z,2026-03-28,3,17,10,58.82
2026-03-28T15:22:07Z,2026-03-28,1,17,4,23.53
2026-03-28T15:22:07Z,2026-03-28,2,17,8,47.06
2026-03-28T15:22:07Z,2026-03-28,3,17,10,58.82
2026-03-28T15:35:57Z,2026-03-28,1,17,4,23.53
2026-03-28T15:35:57Z,2026-03-28,2,17,8,47.06
2026-03-28T15:35:57Z,2026-03-28,3,17,10,58.82
2026-03-28T15:46:31Z,2026-03-28,1,17,4,23.53
2026-03-28T15:46:31Z,2026-03-28,2,17,8,47.06
2026-03-28T15:46:31Z,2026-03-28,3,17,10,58.82
2026-03-28T15:52:16Z,2026-03-28,1,17,4,23.53
2026-03-28T15:52:16Z,2026-03-28,2,17,8,47.06
2026-03-28T15:52:16Z,2026-03-28,3,17,10,58.82
2026-03-28T16:02:27Z,2026-03-28,1,17,4,23.53
2026-03-28T16:02:27Z,2026-03-28,2,17,8,47.06
2026-03-28T16:02:27Z,2026-03-28,3,17,10,58.82
2026-03-28T16:16:02Z,2026-03-28,1,17,5,29.41
2026-03-28T16:16:02Z,2026-03-28,2,17,7,41.18
2026-03-28T16:16:02Z,2026-03-28,3,17,10,58.82
2026-03-28T16:22:16Z,2026-03-28,1,17,5,29.41
2026-03-28T16:22:16Z,2026-03-28,2,17,7,41.18
2026-03-28T16:22:16Z,2026-03-28,3,17,10,58.82
2026-03-28T16:42:17Z,2026-03-28,1,17,5,29.41
2026-03-28T16:42:17Z,2026-03-28,2,17,7,41.18
2026-03-28T16:42:17Z,2026-03-28,3,17,10,58.82
2026-03-28T17:40:57Z,2026-03-28,1,17,5,29.41
2026-03-28T17:40:57Z,2026-03-28,2,17,8.5,50.0
2026-03-28T17:40:57Z,2026-03-28,3,17,10,58.82
2026-03-28T17:55:56Z,2026-03-28,1,17,5,29.41
2026-03-28T17:55:56Z,2026-03-28,2,17,8.5,50.0
2026-03-28T17:55:56Z,2026-03-28,3,17,10,58.82
2026-03-28T18:03:24Z,2026-03-28,1,17,5,29.41
2026-03-28T18:03:24Z,2026-03-28,2,17,8.5,50.0
2026-03-28T18:03:24Z,2026-03-28,3,17,10,58.82
2026-03-28T18:10:54Z,2026-03-28,1,17,5,29.41
2026-03-28T18:10:54Z,2026-03-28,2,17,8.5,50.0
2026-03-28T18:10:54Z,2026-03-28,3,17,10,58.82
2026-03-28T18:46:00Z,2026-03-28,1,17,5,29.41
2026-03-28T18:46:00Z,2026-03-28,2,17,8.5,50.0
2026-03-28T18:46:00Z,2026-03-28,3,17,10,58.82
2026-03-28T19:10:53Z,2026-03-28,1,17,5,29.41
2026-03-28T19:10:53Z,2026-03-28,2,17,8.5,50.0
2026-03-28T19:10:53Z,2026-03-28,3,17,10,58.82
2026-03-28T19:21:33Z,2026-03-28,1,17,5,29.41
2026-03-28T19:21:33Z,2026-03-28,2,17,8.5,50.0
2026-03-28T19:21:33Z,2026-03-28,3,17,10,58.82
2026-03-28T19:32:27Z,2026-03-28,1,17,5,29.41
2026-03-28T19:32:27Z,2026-03-28,2,17,8.5,50.0
2026-03-28T19:32:27Z,2026-03-28,3,17,10,58.82
2026-03-28T19:40:57Z,2026-03-28,1,17,5,29.41
2026-03-28T19:40:57Z,2026-03-28,2,17,8.5,50.0
2026-03-28T19:40:57Z,2026-03-28,3,17,10,58.82
2026-03-28T19:46:05Z,2026-03-28,1,17,5,29.41
2026-03-28T19:46:05Z,2026-03-28,2,17,8.5,50.0
2026-03-28T19:46:05Z,2026-03-28,3,17,10,58.82
2026-03-28T19:50:56Z,2026-03-28,1,17,5,29.41
2026-03-28T19:50:56Z,2026-03-28,2,17,8.5,50.0
2026-03-28T19:50:56Z,2026-03-28,3,17,10,58.82
2026-03-28T19:55:51Z,2026-03-28,1,17,5,29.41
2026-03-28T19:55:51Z,2026-03-28,2,17,8.5,50.0
2026-03-28T19:55:51Z,2026-03-28,3,17,10,58.82
2026-03-28T20:02:28Z,2026-03-28,1,17,5,29.41
2026-03-28T20:02:28Z,2026-03-28,2,17,8.5,50.0
2026-03-28T20:02:28Z,2026-03-28,3,17,10,58.82
2026-03-28T20:13:01Z,2026-03-28,1,17,5,29.41
2026-03-28T20:13:01Z,2026-03-28,2,17,8.5,50.0
2026-03-28T20:13:01Z,2026-03-28,3,17,10,58.82
2026-03-28T20:20:53Z,2026-03-28,1,17,5,29.41
2026-03-28T20:20:53Z,2026-03-28,2,17,8.5,50.0
2026-03-28T20:20:53Z,2026-03-28,3,17,10,58.82
2026-03-28T21:00:07Z,2026-03-28,1,17,5,29.41
2026-03-28T21:00:07Z,2026-03-28,2,17,8.5,50.0
2026-03-28T21:00:07Z,2026-03-28,3,17,10,58.82
2026-03-28T21:30:54Z,2026-03-28,1,17,5,29.41
2026-03-28T21:30:54Z,2026-03-28,2,17,8.5,50.0
2026-03-28T21:30:54Z,2026-03-28,3,17,10,58.82
2026-03-28T21:40:51Z,2026-03-28,1,17,5,29.41
2026-03-28T21:40:51Z,2026-03-28,2,17,8.5,50.0
2026-03-28T21:40:51Z,2026-03-28,3,17,10,58.82
2026-03-28T21:56:57Z,2026-03-28,1,17,5,29.41
2026-03-28T21:56:57Z,2026-03-28,2,17,8.5,50.0
2026-03-28T21:56:57Z,2026-03-28,3,17,10,58.82
2026-03-28T22:10:58Z,2026-03-28,1,17,5,29.41
2026-03-28T22:10:58Z,2026-03-28,2,17,8.5,50.0
2026-03-28T22:10:58Z,2026-03-28,3,17,10,58.82
2026-03-28T22:17:22Z,2026-03-28,1,17,5,29.41
2026-03-28T22:17:22Z,2026-03-28,2,17,8.5,50.0
2026-03-28T22:17:22Z,2026-03-28,3,17,10,58.82
2026-03-28T22:25:50Z,2026-03-28,1,17,5,29.41
2026-03-28T22:25:50Z,2026-03-28,2,17,8.5,50.0
2026-03-28T22:25:50Z,2026-03-28,3,17,10,58.82
2026-03-28T22:32:57Z,2026-03-28,1,17,5,29.41
2026-03-28T22:32:57Z,2026-03-28,2,17,9,52.94
2026-03-28T22:32:57Z,2026-03-28,3,17,10,58.82
2026-03-28T22:45:56Z,2026-03-28,1,17,5,29.41
2026-03-28T22:45:56Z,2026-03-28,2,17,9,52.94
2026-03-28T22:45:56Z,2026-03-28,3,17,10,58.82
2026-03-28T22:52:20Z,2026-03-28,1,17,5,29.41
2026-03-28T22:52:20Z,2026-03-28,2,17,9,52.94
2026-03-28T22:52:20Z,2026-03-28,3,17,10,58.82
2026-03-28T23:02:41Z,2026-03-28,1,17,5,29.41
2026-03-28T23:02:41Z,2026-03-28,2,17,9,52.94
2026-03-28T23:02:41Z,2026-03-28,3,17,10,58.82
2026-03-28T23:30:57Z,2026-03-28,1,17,5,29.41
2026-03-28T23:30:57Z,2026-03-28,2,17,9,52.94
2026-03-28T23:30:57Z,2026-03-28,3,17,10,58.82
2026-03-28T23:41:20Z,2026-03-28,1,17,5,29.41
2026-03-28T23:41:20Z,2026-03-28,2,17,9,52.94
2026-03-28T23:41:20Z,2026-03-28,3,17,10,58.82
2026-03-28T23:45:59Z,2026-03-28,1,17,5,29.41
2026-03-28T23:45:59Z,2026-03-28,2,17,9,52.94
2026-03-28T23:45:59Z,2026-03-28,3,17,10,58.82
2026-03-28T23:55:57Z,2026-03-28,1,17,5,29.41
2026-03-28T23:55:57Z,2026-03-28,2,17,9,52.94
2026-03-28T23:55:57Z,2026-03-28,3,17,10,58.82
2026-03-29T00:05:58Z,2026-03-29,1,17,5,29.41
2026-03-29T00:05:58Z,2026-03-29,2,17,3,17.65
2026-03-29T00:05:58Z,2026-03-29,3,17,10,58.82
2026-03-29T00:10:50Z,2026-03-29,1,17,5,29.41
2026-03-29T00:10:50Z,2026-03-29,2,17,3,17.65
2026-03-29T00:10:50Z,2026-03-29,3,17,10,58.82
2026-03-29T00:18:39Z,2026-03-29,1,17,5,29.41
2026-03-29T00:18:39Z,2026-03-29,2,17,3,17.65
2026-03-29T00:18:39Z,2026-03-29,3,17,10,58.82
2026-03-29T00:46:55Z,2026-03-29,1,17,5,29.41
2026-03-29T00:46:55Z,2026-03-29,2,17,3,17.65
2026-03-29T00:46:55Z,2026-03-29,3,17,10,58.82
2026-03-29T09:00:58Z,2026-03-29,1,17,5,29.41
2026-03-29T09:00:58Z,2026-03-29,2,17,3,17.65
2026-03-29T09:00:58Z,2026-03-29,3,17,10,58.82
2026-03-29T09:05:52Z,2026-03-29,1,17,5,29.41
2026-03-29T09:05:52Z,2026-03-29,2,17,3,17.65
2026-03-29T09:05:52Z,2026-03-29,3,17,10,58.82
2026-03-29T09:10:55Z,2026-03-29,1,17,5,29.41
2026-03-29T09:10:55Z,2026-03-29,2,17,3,17.65
2026-03-29T09:10:55Z,2026-03-29,3,17,10,58.82
2026-03-29T09:15:51Z,2026-03-29,1,17,5,29.41
2026-03-29T09:15:51Z,2026-03-29,2,17,3,17.65
2026-03-29T09:15:51Z,2026-03-29,3,17,10,58.82
2026-03-29T09:23:21Z,2026-03-29,1,17,5,29.41
2026-03-29T09:23:21Z,2026-03-29,2,17,3,17.65
2026-03-29T09:23:21Z,2026-03-29,3,17,10,58.82
2026-03-29T09:32:19Z,2026-03-29,1,17,5,29.41
2026-03-29T09:32:19Z,2026-03-29,2,17,3,17.65
2026-03-29T09:32:19Z,2026-03-29,3,17,10,58.82
2026-03-29T09:45:49Z,2026-03-29,1,17,5,29.41
2026-03-29T09:45:49Z,2026-03-29,2,17,3,17.65
2026-03-29T09:45:49Z,2026-03-29,3,17,10,58.82
2026-03-29T09:50:55Z,2026-03-29,1,17,5,29.41
2026-03-29T09:50:55Z,2026-03-29,2,17,3,17.65
2026-03-29T09:50:55Z,2026-03-29,3,17,10,58.82
2026-03-29T09:56:12Z,2026-03-29,1,17,5,29.41
2026-03-29T09:56:12Z,2026-03-29,2,17,3,17.65
2026-03-29T09:56:12Z,2026-03-29,3,17,10,58.82
2026-03-29T10:00:54Z,2026-03-29,1,17,5,29.41
2026-03-29T10:00:54Z,2026-03-29,2,17,3,17.65
2026-03-29T10:00:54Z,2026-03-29,3,17,10,58.82
2026-03-29T10:05:52Z,2026-03-29,1,17,5,29.41
2026-03-29T10:05:52Z,2026-03-29,2,17,3,17.65
2026-03-29T10:05:52Z,2026-03-29,3,17,10,58.82
2026-03-29T10:10:56Z,2026-03-29,1,17,5,29.41
2026-03-29T10:10:56Z,2026-03-29,2,17,3,17.65
2026-03-29T10:10:56Z,2026-03-29,3,17,10,58.82
2026-03-29T10:15:55Z,2026-03-29,1,17,5,29.41
2026-03-29T10:15:55Z,2026-03-29,2,17,3,17.65
2026-03-29T10:15:55Z,2026-03-29,3,17,10,58.82
2026-03-29T10:23:53Z,2026-03-29,1,17,5,29.41
2026-03-29T10:23:53Z,2026-03-29,2,17,3,17.65
2026-03-29T10:23:53Z,2026-03-29,3,17,10,58.82
2026-03-29T10:31:00Z,2026-03-29,1,17,5,29.41
2026-03-29T10:31:00Z,2026-03-29,2,17,3,17.65
2026-03-29T10:31:00Z,2026-03-29,3,17,10,58.82
2026-03-29T10:46:00Z,2026-03-29,1,17,5,29.41
2026-03-29T10:46:00Z,2026-03-29,2,17,3,17.65
2026-03-29T10:46:00Z,2026-03-29,3,17,10,58.82
2026-03-29T10:50:52Z,2026-03-29,1,17,5,29.41
2026-03-29T10:50:52Z,2026-03-29,2,17,3,17.65
2026-03-29T10:50:52Z,2026-03-29,3,17,10,58.82
2026-03-29T11:00:49Z,2026-03-29,1,17,5,29.41
2026-03-29T11:00:49Z,2026-03-29,2,17,3,17.65
2026-03-29T11:00:49Z,2026-03-29,3,17,10,58.82
2026-03-29T11:05:53Z,2026-03-29,1,17,5,29.41
2026-03-29T11:05:53Z,2026-03-29,2,17,3,17.65
2026-03-29T11:05:53Z,2026-03-29,3,17,10,58.82
2026-03-29T11:45:54Z,2026-03-29,1,17,5,29.41
2026-03-29T11:45:54Z,2026-03-29,2,17,3,17.65
2026-03-29T11:45:54Z,2026-03-29,3,17,10,58.82
2026-03-29T11:55:51Z,2026-03-29,1,17,5,29.41
2026-03-29T11:55:51Z,2026-03-29,2,17,3,17.65
2026-03-29T11:55:51Z,2026-03-29,3,17,10,58.82
2026-03-29T12:28:37Z,2026-03-29,1,17,5,29.41
2026-03-29T12:28:37Z,2026-03-29,2,17,3,17.65
2026-03-29T12:28:37Z,2026-03-29,3,17,10,58.82
2026-03-29T12:35:55Z,2026-03-29,1,17,4,23.53
2026-03-29T12:35:55Z,2026-03-29,2,17,3,17.65
2026-03-29T12:35:55Z,2026-03-29,3,17,10,58.82
2026-03-29T12:45:58Z,2026-03-29,1,17,4,23.53
2026-03-29T12:45:58Z,2026-03-29,2,17,3,17.65
2026-03-29T12:45:58Z,2026-03-29,3,17,10,58.82
2026-03-29T12:50:57Z,2026-03-29,1,17,4,23.53
2026-03-29T12:50:57Z,2026-03-29,2,17,3,17.65
2026-03-29T12:50:57Z,2026-03-29,3,17,10,58.82
2026-03-29T13:00:54Z,2026-03-29,1,17,4,23.53
2026-03-29T13:00:54Z,2026-03-29,2,17,3,17.65
2026-03-29T13:00:54Z,2026-03-29,3,17,10,58.82
2026-03-29T13:16:17Z,2026-03-29,1,17,4,23.53
2026-03-29T13:16:17Z,2026-03-29,2,17,3,17.65
2026-03-29T13:16:17Z,2026-03-29,3,17,10,58.82
2026-03-29T13:21:52Z,2026-03-29,1,17,4,23.53
2026-03-29T13:21:52Z,2026-03-29,2,17,3,17.65
2026-03-29T13:21:52Z,2026-03-29,3,17,10,58.82
2026-03-29T13:40:49Z,2026-03-29,1,17,4,23.53
2026-03-29T13:40:49Z,2026-03-29,2,17,3,17.65
2026-03-29T13:40:49Z,2026-03-29,3,17,10,58.82
2026-03-29T13:56:41Z,2026-03-29,1,17,4,23.53
2026-03-29T13:56:41Z,2026-03-29,2,17,3,17.65
2026-03-29T13:56:41Z,2026-03-29,3,17,10,58.82
2026-03-29T14:05:26Z,2026-03-29,1,17,5,29.41
2026-03-29T14:05:26Z,2026-03-29,2,17,3,17.65
2026-03-29T14:05:26Z,2026-03-29,3,17,10,58.82
2026-03-29T14:40:57Z,2026-03-29,1,17,5,29.41
2026-03-29T14:40:57Z,2026-03-29,2,17,5,29.41
2026-03-29T14:40:57Z,2026-03-29,3,17,10,58.82
2026-03-29T14:50:55Z,2026-03-29,1,17,5,29.41
2026-03-29T14:50:55Z,2026-03-29,2,17,5,29.41
2026-03-29T14:50:55Z,2026-03-29,3,17,10,58.82
2026-03-29T15:23:27Z,2026-03-29,1,17,5,29.41
2026-03-29T15:23:27Z,2026-03-29,2,17,5,29.41
2026-03-29T15:23:27Z,2026-03-29,3,17,10,58.82
2026-03-29T15:30:58Z,2026-03-29,1,17,5,29.41
2026-03-29T15:30:58Z,2026-03-29,2,17,5,29.41
2026-03-29T15:30:58Z,2026-03-29,3,17,10,58.82
2026-03-29T15:45:52Z,2026-03-29,1,17,5,29.41
2026-03-29T15:45:52Z,2026-03-29,2,17,5,29.41
2026-03-29T15:45:52Z,2026-03-29,3,17,10,58.82
2026-03-29T15:51:06Z,2026-03-29,1,17,5,29.41
2026-03-29T15:51:06Z,2026-03-29,2,17,5,29.41
2026-03-29T15:51:06Z,2026-03-29,3,17,10,58.82
2026-03-29T16:02:39Z,2026-03-29,1,17,5,29.41
2026-03-29T16:02:39Z,2026-03-29,2,17,5,29.41
2026-03-29T16:02:39Z,2026-03-29,3,17,10,58.82
2026-03-29T16:15:59Z,2026-03-29,1,17,5,29.41
2026-03-29T16:15:59Z,2026-03-29,2,17,5,29.41
2026-03-29T16:15:59Z,2026-03-29,3,17,10,58.82
2026-03-29T16:20:55Z,2026-03-29,1,17,5,29.41
2026-03-29T16:20:55Z,2026-03-29,2,17,5,29.41
2026-03-29T16:20:55Z,2026-03-29,3,17,10,58.82
2026-03-29T16:25:52Z,2026-03-29,1,17,5,29.41
2026-03-29T16:25:52Z,2026-03-29,2,17,5,29.41
2026-03-29T16:25:52Z,2026-03-29,3,17,10,58.82
2026-03-29T16:35:50Z,2026-03-29,1,17,5,29.41
2026-03-29T16:35:50Z,2026-03-29,2,17,5,29.41
2026-03-29T16:35:50Z,2026-03-29,3,17,10,58.82
2026-03-29T16:45:54Z,2026-03-29,1,17,5,29.41
2026-03-29T16:45:54Z,2026-03-29,2,17,5,29.41
2026-03-29T16:45:54Z,2026-03-29,3,17,10,58.82
2026-03-29T16:55:58Z,2026-03-29,1,17,5,29.41
2026-03-29T16:55:58Z,2026-03-29,2,17,5,29.41
2026-03-29T16:55:58Z,2026-03-29,3,17,10,58.82
2026-03-29T17:02:22Z,2026-03-29,1,17,5,29.41
2026-03-29T17:02:22Z,2026-03-29,2,17,5,29.41
2026-03-29T17:02:22Z,2026-03-29,3,17,10,58.82
2026-03-29T17:50:54Z,2026-03-29,1,17,5,29.41
2026-03-29T17:50:54Z,2026-03-29,2,17,5,29.41
2026-03-29T17:50:54Z,2026-03-29,3,17,10,58.82
2026-03-29T18:02:31Z,2026-03-29,1,17,5,29.41
2026-03-29T18:02:31Z,2026-03-29,2,17,5,29.41
2026-03-29T18:02:31Z,2026-03-29,3,17,10,58.82
2026-03-29T18:22:37Z,2026-03-29,1,17,5,29.41
2026-03-29T18:22:37Z,2026-03-29,2,17,5,29.41
2026-03-29T18:22:37Z,2026-03-29,3,17,10,58.82
2026-03-29T18:35:50Z,2026-03-29,1,17,5,29.41
2026-03-29T18:35:50Z,2026-03-29,2,17,5,29.41
2026-03-29T18:35:50Z,2026-03-29,3,17,10,58.82
2026-03-29T18:50:56Z,2026-03-29,1,17,5,29.41
2026-03-29T18:50:56Z,2026-03-29,2,17,5,29.41
2026-03-29T18:50:56Z,2026-03-29,3,17,10,58.82
2026-03-29T18:58:33Z,2026-03-29,1,17,5,29.41
2026-03-29T18:58:33Z,2026-03-29,2,17,5,29.41
2026-03-29T18:58:33Z,2026-03-29,3,17,10,58.82
2026-03-29T19:05:49Z,2026-03-29,1,17,5,29.41
2026-03-29T19:05:49Z,2026-03-29,2,17,5,29.41
2026-03-29T19:05:49Z,2026-03-29,3,17,10,58.82
2026-03-29T19:10:57Z,2026-03-29,1,17,5,29.41
2026-03-29T19:10:57Z,2026-03-29,2,17,5,29.41
2026-03-29T19:10:57Z,2026-03-29,3,17,10,58.82
2026-03-29T19:16:00Z,2026-03-29,1,17,5,29.41
2026-03-29T19:16:00Z,2026-03-29,2,17,5,29.41
2026-03-29T19:16:00Z,2026-03-29,3,17,10,58.82
2026-03-29T19:22:32Z,2026-03-29,1,17,5,29.41
2026-03-29T19:22:32Z,2026-03-29,2,17,5,29.41
2026-03-29T19:22:32Z,2026-03-29,3,17,10,58.82
2026-03-29T19:32:15Z,2026-03-29,1,17,5,29.41
2026-03-29T19:32:15Z,2026-03-29,2,17,5,29.41
2026-03-29T19:32:15Z,2026-03-29,3,17,10,58.82
2026-03-29T19:45:56Z,2026-03-29,1,17,5,29.41
2026-03-29T19:45:56Z,2026-03-29,2,17,5,29.41
2026-03-29T19:45:56Z,2026-03-29,3,17,10,58.82
2026-03-29T19:55:52Z,2026-03-29,1,17,5,29.41
2026-03-29T19:55:52Z,2026-03-29,2,17,5,29.41
2026-03-29T19:55:52Z,2026-03-29,3,17,10,58.82
2026-03-29T20:01:33Z,2026-03-29,1,17,5,29.41
2026-03-29T20:01:33Z,2026-03-29,2,17,5,29.41
2026-03-29T20:01:33Z,2026-03-29,3,17,10,58.82
2026-03-29T20:05:58Z,2026-03-29,1,17,5,29.41
2026-03-29T20:05:58Z,2026-03-29,2,17,5,29.41
2026-03-29T20:05:58Z,2026-03-29,3,17,10,58.82
2026-03-29T20:10:56Z,2026-03-29,1,17,5,29.41
2026-03-29T20:10:56Z,2026-03-29,2,17,5,29.41
2026-03-29T20:10:56Z,2026-03-29,3,17,10,58.82
2026-03-29T20:22:50Z,2026-03-29,1,17,5,29.41
2026-03-29T20:22:50Z,2026-03-29,2,17,5,29.41
2026-03-29T20:22:50Z,2026-03-29,3,17,10,58.82
2026-03-29T20:37:16Z,2026-03-29,1,17,5,29.41
2026-03-29T20:37:16Z,2026-03-29,2,17,5,29.41
2026-03-29T20:37:16Z,2026-03-29,3,17,10,58.82
2026-03-29T21:02:24Z,2026-03-29,1,17,5,29.41
2026-03-29T21:02:24Z,2026-03-29,2,17,5,29.41
2026-03-29T21:02:24Z,2026-03-29,3,17,10,58.82
2026-03-29T22:01:50Z,2026-03-29,1,17,5,29.41
2026-03-29T22:01:50Z,2026-03-29,2,17,5,29.41
2026-03-29T22:01:50Z,2026-03-29,3,17,10,58.82
2026-03-29T22:15:58Z,2026-03-29,1,17,5,29.41
2026-03-29T22:15:58Z,2026-03-29,2,17,5,29.41
2026-03-29T22:15:58Z,2026-03-29,3,17,10,58.82
2026-03-29T22:26:18Z,2026-03-29,1,17,5,29.41
2026-03-29T22:26:18Z,2026-03-29,2,17,5,29.41
2026-03-29T22:26:18Z,2026-03-29,3,17,10,58.82
2026-03-29T22:37:31Z,2026-03-29,1,17,5,29.41
2026-03-29T22:37:31Z,2026-03-29,2,17,5,29.41
2026-03-29T22:37:31Z,2026-03-29,3,17,10,58.82
2026-03-29T22:50:53Z,2026-03-29,1,17,5,29.41
2026-03-29T22:50:53Z,2026-03-29,2,17,5,29.41
2026-03-29T22:50:53Z,2026-03-29,3,17,10,58.82
2026-03-29T23:07:08Z,2026-03-29,1,17,5,29.41
2026-03-29T23:07:08Z,2026-03-29,2,17,5,29.41
2026-03-29T23:07:08Z,2026-03-29,3,17,10,58.82
2026-03-29T23:25:50Z,2026-03-29,1,17,5,29.41
2026-03-29T23:25:50Z,2026-03-29,2,17,5,29.41
2026-03-29T23:25:50Z,2026-03-29,3,17,10,58.82
2026-03-30T00:03:51Z,2026-03-30,1,17,8,47.06
2026-03-30T00:03:51Z,2026-03-30,2,17,10,58.82
2026-03-30T00:03:51Z,2026-03-30,3,17,4,23.53
2026-03-30T00:37:17Z,2026-03-30,1,17,8,47.06
2026-03-30T00:37:17Z,2026-03-30,2,17,10,58.82
2026-03-30T00:37:17Z,2026-03-30,3,17,4,23.53
2026-03-30T00:47:48Z,2026-03-30,1,17,8,47.06
2026-03-30T00:47:48Z,2026-03-30,2,17,10,58.82
2026-03-30T00:47:48Z,2026-03-30,3,17,4,23.53
2026-04-04T09:11:20Z,2026-04-05,1,17,0,0.0
2026-04-04T09:11:20Z,2026-04-05,2,17,2,11.76
2026-04-04T09:11:20Z,2026-04-05,3,17,8,47.06
2026-04-04T09:16:23Z,2026-04-05,1,17,0,0.0
2026-04-04T09:16:23Z,2026-04-05,2,17,2,11.76
2026-04-04T09:16:23Z,2026-04-05,3,17,8,47.06
2026-04-04T09:31:24Z,2026-04-05,1,17,0,0.0
2026-04-04T09:31:24Z,2026-04-05,2,17,2,11.76
2026-04-04T09:31:24Z,2026-04-05,3,17,8,47.06
2026-04-04T09:46:27Z,2026-04-05,1,17,0,0.0
2026-04-04T09:46:27Z,2026-04-05,2,17,2,11.76
2026-04-04T09:46:27Z,2026-04-05,3,17,8,47.06
2026-04-04T10:01:23Z,2026-04-05,1,17,0,0.0
2026-04-04T10:01:23Z,2026-04-05,2,17,2,11.76
2026-04-04T10:01:23Z,2026-04-05,3,17,8,47.06
2026-04-04T10:06:22Z,2026-04-05,1,17,0,0.0
2026-04-04T10:06:22Z,2026-04-05,2,17,2,11.76
2026-04-04T10:06:22Z,2026-04-05,3,17,8,47.06
2026-04-04T10:16:28Z,2026-04-05,1,17,0,0.0
2026-04-04T10:16:28Z,2026-04-05,2,17,2,11.76
2026-04-04T10:16:28Z,2026-04-05,3,17,8,47.06
2026-04-04T10:31:26Z,2026-04-05,1,17,0,0.0
2026-04-04T10:31:26Z,2026-04-05,2,17,2,11.76
2026-04-04T10:31:26Z,2026-04-05,3,17,8,47.06
2026-04-04T10:46:20Z,2026-04-05,1,17,0,0.0
2026-04-04T10:46:20Z,2026-04-05,2,17,2,11.76
2026-04-04T10:46:20Z,2026-04-05,3,17,8,47.06
2026-04-04T11:01:24Z,2026-04-05,1,17,0,0.0
2026-04-04T11:01:24Z,2026-04-05,2,17,2,11.76
2026-04-04T11:01:24Z,2026-04-05,3,17,8,47.06
2026-04-04T11:16:20Z,2026-04-05,1,17,0,0.0
2026-04-04T11:16:20Z,2026-04-05,2,17,2,11.76
2026-04-04T11:16:20Z,2026-04-05,3,17,8,47.06
2026-04-04T11:21:20Z,2026-04-05,1,17,0,0.0
2026-04-04T11:21:20Z,2026-04-05,2,17,2,11.76
2026-04-04T11:21:20Z,2026-04-05,3,17,8,47.06
2026-04-04T11:31:22Z,2026-04-05,1,17,0,0.0
2026-04-04T11:31:22Z,2026-04-05,2,17,2,11.76
2026-04-04T11:31:22Z,2026-04-05,3,17,8,47.06
2026-04-04T11:46:17Z,2026-04-05,1,17,0,0.0
2026-04-04T11:46:17Z,2026-04-05,2,17,2,11.76
2026-04-04T11:46:17Z,2026-04-05,3,17,8,47.06
2026-04-04T11:51:31Z,2026-04-05,1,17,0,0.0
2026-04-04T11:51:31Z,2026-04-05,2,17,2,11.76
2026-04-04T11:51:31Z,2026-04-05,3,17,8,47.06
2026-04-04T11:57:59Z,2026-04-05,1,17,0,0.0
2026-04-04T11:57:59Z,2026-04-05,2,17,2,11.76
2026-04-04T11:57:59Z,2026-04-05,3,17,8,47.06
2026-04-04T12:41:19Z,2026-04-05,1,17,0,0.0
2026-04-04T12:41:19Z,2026-04-05,2,17,2,11.76
2026-04-04T12:41:19Z,2026-04-05,3,17,8,47.06
2026-04-04T12:56:28Z,2026-04-05,1,17,0,0.0
2026-04-04T12:56:28Z,2026-04-05,2,17,2,11.76
2026-04-04T12:56:28Z,2026-04-05,3,17,8,47.06
2026-04-04T13:01:24Z,2026-04-05,1,17,0,0.0
2026-04-04T13:01:24Z,2026-04-05,2,17,2,11.76
2026-04-04T13:01:24Z,2026-04-05,3,17,8,47.06
2026-04-04T13:31:39Z,2026-04-05,1,17,0,0.0
2026-04-04T13:31:39Z,2026-04-05,2,17,2,11.76
2026-04-04T13:31:39Z,2026-04-05,3,17,8,47.06
2026-04-04T13:36:21Z,2026-04-05,1,17,0,0.0
2026-04-04T13:36:21Z,2026-04-05,2,17,2,11.76
2026-04-04T13:36:21Z,2026-04-05,3,17,8,47.06
2026-04-04T13:51:31Z,2026-04-05,1,17,0,0.0
2026-04-04T13:51:31Z,2026-04-05,2,17,2,11.76
2026-04-04T13:51:31Z,2026-04-05,3,17,8,47.06
2026-04-04T13:56:52Z,2026-04-05,1,17,0,0.0
2026-04-04T13:56:52Z,2026-04-05,2,17,2,11.76
2026-04-04T13:56:52Z,2026-04-05,3,17,8,47.06
2026-04-04T14:01:25Z,2026-04-05,1,17,0,0.0
2026-04-04T14:01:25Z,2026-04-05,2,17,2,11.76
2026-04-04T14:01:25Z,2026-04-05,3,17,8,47.06
2026-04-04T14:11:25Z,2026-04-05,1,17,2,11.76
2026-04-04T14:11:25Z,2026-04-05,2,17,2,11.76
2026-04-04T14:11:25Z,2026-04-05,3,17,8,47.06
2026-04-04T14:16:21Z,2026-04-05,1,17,2,11.76
2026-04-04T14:16:21Z,2026-04-05,2,17,2,11.76
2026-04-04T14:16:21Z,2026-04-05,3,17,8,47.06
2026-04-04T14:41:21Z,2026-04-05,1,17,2,11.76
2026-04-04T14:41:21Z,2026-04-05,2,17,2,11.76
2026-04-04T14:41:21Z,2026-04-05,3,17,8,47.06
2026-04-04T14:46:24Z,2026-04-05,1,17,2,11.76
2026-04-04T14:46:24Z,2026-04-05,2,17,2,11.76
2026-04-04T14:46:24Z,2026-04-05,3,17,8,47.06
2026-04-04T14:51:21Z,2026-04-05,1,17,2,11.76
2026-04-04T14:51:21Z,2026-04-05,2,17,2,11.76
2026-04-04T14:51:21Z,2026-04-05,3,17,8,47.06
2026-04-04T15:01:29Z,2026-04-05,1,17,2,11.76
2026-04-04T15:01:29Z,2026-04-05,2,17,2,11.76
2026-04-04T15:01:29Z,2026-04-05,3,17,8,47.06
2026-04-04T15:16:22Z,2026-04-05,1,17,2,11.76
2026-04-04T15:16:22Z,2026-04-05,2,17,2,11.76
2026-04-04T15:16:22Z,2026-04-05,3,17,8,47.06
2026-04-04T15:21:23Z,2026-04-05,1,17,2,11.76
2026-04-04T15:21:23Z,2026-04-05,2,17,2,11.76
2026-04-04T15:21:23Z,2026-04-05,3,17,8,47.06
2026-04-04T15:36:28Z,2026-04-05,1,17,2,11.76
2026-04-04T15:36:28Z,2026-04-05,2,17,2,11.76
2026-04-04T15:36:28Z,2026-04-05,3,17,8,47.06
2026-04-04T15:46:22Z,2026-04-05,1,17,2,11.76
2026-04-04T15:46:22Z,2026-04-05,2,17,2,11.76
2026-04-04T15:46:22Z,2026-04-05,3,17,8,47.06
2026-04-04T15:51:18Z,2026-04-05,1,17,2,11.76
2026-04-04T15:51:18Z,2026-04-05,2,17,2,11.76
2026-04-04T15:51:18Z,2026-04-05,3,17,8,47.06
2026-04-04T15:56:22Z,2026-04-05,1,17,2,11.76
2026-04-04T15:56:22Z,2026-04-05,2,17,2,11.76
2026-04-04T15:56:22Z,2026-04-05,3,17,8,47.06
2026-04-04T16:01:25Z,2026-04-05,1,17,2,11.76
2026-04-04T16:01:25Z,2026-04-05,2,17,2,11.76
2026-04-04T16:01:25Z,2026-04-05,3,17,8,47.06
2026-04-04T16:06:23Z,2026-04-05,1,17,2,11.76
2026-04-04T16:06:23Z,2026-04-05,2,17,2,11.76
2026-04-04T16:06:23Z,2026-04-05,3,17,8,47.06
2026-04-04T16:16:28Z,2026-04-05,1,17,2,11.76
2026-04-04T16:16:28Z,2026-04-05,2,17,2,11.76
2026-04-04T16:16:28Z,2026-04-05,3,17,8,47.06
2026-04-04T16:21:27Z,2026-04-05,1,17,2,11.76
2026-04-04T16:21:27Z,2026-04-05,2,17,2,11.76
2026-04-04T16:21:27Z,2026-04-05,3,17,8,47.06
2026-04-04T16:26:21Z,2026-04-05,1,17,2,11.76
2026-04-04T16:26:21Z,2026-04-05,2,17,2,11.76
2026-04-04T16:26:21Z,2026-04-05,3,17,8,47.06
2026-04-04T16:31:25Z,2026-04-05,1,17,2,11.76
2026-04-04T16:31:25Z,2026-04-05,2,17,2,11.76
2026-04-04T16:31:25Z,2026-04-05,3,17,8,47.06
2026-04-04T16:46:24Z,2026-04-05,1,17,2,11.76
2026-04-04T16:46:24Z,2026-04-05,2,17,2,11.76
2026-04-04T16:46:24Z,2026-04-05,3,17,8,47.06
2026-04-04T16:56:21Z,2026-04-05,1,17,2,11.76
2026-04-04T16:56:21Z,2026-04-05,2,17,2,11.76
2026-04-04T16:56:21Z,2026-04-05,3,17,8,47.06
2026-04-04T17:01:27Z,2026-04-05,1,17,2,11.76
2026-04-04T17:01:27Z,2026-04-05,2,17,2,11.76
2026-04-04T17:01:27Z,2026-04-05,3,17,8,47.06
2026-04-04T17:16:31Z,2026-04-05,1,17,2,11.76
2026-04-04T17:16:31Z,2026-04-05,2,17,2,11.76
2026-04-04T17:16:31Z,2026-04-05,3,17,8,47.06
2026-04-04T17:56:30Z,2026-04-05,1,17,2,11.76
2026-04-04T17:56:30Z,2026-04-05,2,17,2,11.76
2026-04-04T17:56:30Z,2026-04-05,3,17,8,47.06
2026-04-04T18:11:22Z,2026-04-05,1,17,2,11.76
2026-04-04T18:11:22Z,2026-04-05,2,17,2,11.76
2026-04-04T18:11:22Z,2026-04-05,3,17,8,47.06
2026-04-04T18:26:21Z,2026-04-05,1,17,2,11.76
2026-04-04T18:26:21Z,2026-04-05,2,17,2,11.76
2026-04-04T18:26:21Z,2026-04-05,3,17,8,47.06
2026-04-04T18:36:51Z,2026-04-05,1,17,2,11.76
2026-04-04T18:36:51Z,2026-04-05,2,17,2,11.76
2026-04-04T18:36:51Z,2026-04-05,3,17,8,47.06
2026-04-04T18:41:30Z,2026-04-05,1,17,2,11.76
2026-04-04T18:41:30Z,2026-04-05,2,17,2,11.76
2026-04-04T18:41:30Z,2026-04-05,3,17,8,47.06
2026-04-04T19:11:36Z,2026-04-05,1,17,2,11.76
2026-04-04T19:11:36Z,2026-04-05,2,17,2,11.76
2026-04-04T19:11:36Z,2026-04-05,3,17,8,47.06
2026-04-04T19:22:08Z,2026-04-05,1,17,2,11.76
2026-04-04T19:22:08Z,2026-04-05,2,17,2,11.76
2026-04-04T19:22:08Z,2026-04-05,3,17,8,47.06
2026-04-04T19:26:29Z,2026-04-05,1,17,2,11.76
2026-04-04T19:26:29Z,2026-04-05,2,17,2,11.76
2026-04-04T19:26:29Z,2026-04-05,3,17,8,47.06
2026-04-04T19:41:24Z,2026-04-05,1,17,2,11.76
2026-04-04T19:41:24Z,2026-04-05,2,17,2,11.76
2026-04-04T19:41:24Z,2026-04-05,3,17,8,47.06
2026-04-04T20:06:20Z,2026-04-05,1,17,2,11.76
2026-04-04T20:06:20Z,2026-04-05,2,17,2,11.76
2026-04-04T20:06:20Z,2026-04-05,3,17,8,47.06
2026-04-04T20:31:26Z,2026-04-05,1,17,2,11.76
2026-04-04T20:31:26Z,2026-04-05,2,17,2,11.76
2026-04-04T20:31:26Z,2026-04-05,3,17,10,58.82
2026-04-04T20:36:35Z,2026-04-05,1,17,2,11.76
2026-04-04T20:36:35Z,2026-04-05,2,17,2,11.76
2026-04-04T20:36:35Z,2026-04-05,3,17,10,58.82
2026-04-04T21:16:27Z,2026-04-05,1,17,2,11.76
2026-04-04T21:16:27Z,2026-04-05,2,17,2,11.76
2026-04-04T21:16:27Z,2026-04-05,3,17,10,58.82
2026-04-04T21:26:22Z,2026-04-05,1,17,2,11.76
2026-04-04T21:26:22Z,2026-04-05,2,17,2,11.76
2026-04-04T21:26:22Z,2026-04-05,3,17,10,58.82
2026-04-04T21:31:47Z,2026-04-05,1,17,2,11.76
2026-04-04T21:31:47Z,2026-04-05,2,17,2,11.76
2026-04-04T21:31:47Z,2026-04-05,3,17,10,58.82
2026-04-04T21:41:23Z,2026-04-05,1,17,2,11.76
2026-04-04T21:41:23Z,2026-04-05,2,17,2,11.76
2026-04-04T21:41:23Z,2026-04-05,3,17,10,58.82
2026-04-04T21:51:22Z,2026-04-05,1,17,2,11.76
2026-04-04T21:51:22Z,2026-04-05,2,17,2,11.76
2026-04-04T21:51:22Z,2026-04-05,3,17,10,58.82
2026-04-04T22:06:26Z,2026-04-05,1,17,2,11.76
2026-04-04T22:06:26Z,2026-04-05,2,17,2,11.76
2026-04-04T22:06:26Z,2026-04-05,3,17,10,58.82
2026-04-04T22:16:22Z,2026-04-05,1,17,2,11.76
2026-04-04T22:16:22Z,2026-04-05,2,17,2,11.76
2026-04-04T22:16:22Z,2026-04-05,3,17,10,58.82
2026-04-04T22:21:21Z,2026-04-05,1,17,2,11.76
2026-04-04T22:21:21Z,2026-04-05,2,17,2,11.76
2026-04-04T22:21:21Z,2026-04-05,3,17,10,58.82
2026-04-04T22:26:24Z,2026-04-05,1,17,2,11.76
2026-04-04T22:26:24Z,2026-04-05,2,17,2,11.76
2026-04-04T22:26:24Z,2026-04-05,3,17,10,58.82
2026-04-04T22:41:21Z,2026-04-05,1,17,2,11.76
2026-04-04T22:41:21Z,2026-04-05,2,17,2,11.76
2026-04-04T22:41:21Z,2026-04-05,3,17,10,58.82
2026-04-04T22:51:52Z,2026-04-05,1,17,2,11.76
2026-04-04T22:51:52Z,2026-04-05,2,17,2,11.76
2026-04-04T22:51:52Z,2026-04-05,3,17,10,58.82
2026-04-04T23:01:26Z,2026-04-05,1,17,2,11.76
2026-04-04T23:01:26Z,2026-04-05,2,17,2,11.76
2026-04-04T23:01:26Z,2026-04-05,3,17,10,58.82
2026-04-04T23:06:24Z,2026-04-05,1,17,2,11.76
2026-04-04T23:06:24Z,2026-04-05,2,17,2,11.76
2026-04-04T23:06:24Z,2026-04-05,3,17,10,58.82
2026-04-04T23:11:20Z,2026-04-05,1,17,2,11.76
2026-04-04T23:11:20Z,2026-04-05,2,17,2,11.76
2026-04-04T23:11:20Z,2026-04-05,3,17,10,58.82
2026-04-04T23:21:27Z,2026-04-05,1,17,2,11.76
2026-04-04T23:21:27Z,2026-04-05,2,17,2,11.76
2026-04-04T23:21:27Z,2026-04-05,3,17,10,58.82
2026-04-04T23:31:38Z,2026-04-05,1,17,2,11.76
2026-04-04T23:31:38Z,2026-04-05,2,17,2,11.76
2026-04-04T23:31:38Z,2026-04-05,3,17,10,58.82
2026-04-04T23:41:24Z,2026-04-05,1,17,2,11.76
2026-04-04T23:41:24Z,2026-04-05,2,17,2,11.76
2026-04-04T23:41:24Z,2026-04-05,3,17,10,58.82
2026-04-04T23:46:25Z,2026-04-05,1,17,2,11.76
2026-04-04T23:46:25Z,2026-04-05,2,17,2,11.76
2026-04-04T23:46:25Z,2026-04-05,3,17,10,58.82
2026-04-05T00:22:52Z,2026-04-05,1,17,2,11.76
2026-04-05T00:22:52Z,2026-04-05,2,17,2,11.76
2026-04-05T00:22:52Z,2026-04-05,3,17,10,58.82
2026-04-05T00:44:08Z,2026-04-05,1,17,2,11.76
2026-04-05T00:44:08Z,2026-04-05,2,17,2,11.76
2026-04-05T00:44:08Z,2026-04-05,3,17,10,58.82
2026-04-05T00:50:59Z,2026-04-05,1,17,2,11.76
2026-04-05T00:50:59Z,2026-04-05,2,17,2,11.76
2026-04-05T00:50:59Z,2026-04-05,3,17,10,58.82
2026-04-05T00:55:51Z,2026-04-05,1,17,2,11.76
2026-04-05T00:55:51Z,2026-04-05,2,17,2,11.76
2026-04-05T00:55:51Z,2026-04-05,3,17,10,58.82
2026-04-05T09:15:51Z,2026-04-05,1,17,2,11.76
2026-04-05T09:15:51Z,2026-04-05,2,17,2,11.76
2026-04-05T09:15:51Z,2026-04-05,3,17,10,58.82
2026-04-05T09:30:54Z,2026-04-05,1,17,2,11.76
2026-04-05T09:30:54Z,2026-04-05,2,17,2,11.76
2026-04-05T09:30:54Z,2026-04-05,3,17,10,58.82
2026-04-05T09:40:51Z,2026-04-05,1,17,2,11.76
2026-04-05T09:40:51Z,2026-04-05,2,17,2,11.76
2026-04-05T09:40:51Z,2026-04-05,3,17,10,58.82
2026-04-05T09:50:48Z,2026-04-05,1,17,2,11.76
2026-04-05T09:50:48Z,2026-04-05,2,17,2,11.76
2026-04-05T09:50:48Z,2026-04-05,3,17,10,58.82
2026-04-05T10:05:50Z,2026-04-05,1,17,2,11.76
2026-04-05T10:05:50Z,2026-04-05,2,17,2,11.76
2026-04-05T10:05:50Z,2026-04-05,3,17,10,58.82
2026-04-05T10:45:55Z,2026-04-05,1,17,2,11.76
2026-04-05T10:45:55Z,2026-04-05,2,17,2,11.76
2026-04-05T10:45:55Z,2026-04-05,3,17,10,58.82
2026-04-05T10:50:50Z,2026-04-05,1,17,2,11.76
2026-04-05T10:50:50Z,2026-04-05,2,17,2,11.76
2026-04-05T10:50:50Z,2026-04-05,3,17,10,58.82
2026-04-05T11:20:52Z,2026-04-05,1,17,2,11.76
2026-04-05T11:20:52Z,2026-04-05,2,17,2,11.76
2026-04-05T11:20:52Z,2026-04-05,3,17,10,58.82
2026-04-05T11:35:47Z,2026-04-05,1,17,2,11.76
2026-04-05T11:35:47Z,2026-04-05,2,17,2,11.76
2026-04-05T11:35:47Z,2026-04-05,3,17,10,58.82
2026-04-05T11:40:50Z,2026-04-05,1,17,2,11.76
2026-04-05T11:40:50Z,2026-04-05,2,17,2,11.76
2026-04-05T11:40:50Z,2026-04-05,3,17,10,58.82
2026-04-05T12:10:51Z,2026-04-05,1,17,2,11.76
2026-04-05T12:10:51Z,2026-04-05,2,17,2,11.76
2026-04-05T12:10:51Z,2026-04-05,3,17,10,58.82
2026-04-05T12:25:57Z,2026-04-05,1,17,2,11.76
2026-04-05T12:25:57Z,2026-04-05,2,17,2,11.76
2026-04-05T12:25:57Z,2026-04-05,3,17,10,58.82
2026-04-05T12:30:58Z,2026-04-05,1,17,2,11.76
2026-04-05T12:30:58Z,2026-04-05,2,17,2,11.76
2026-04-05T12:30:58Z,2026-04-05,3,17,10,58.82
2026-04-05T12:45:50Z,2026-04-05,1,17,2,11.76
2026-04-05T12:45:50Z,2026-04-05,2,17,2,11.76
2026-04-05T12:45:50Z,2026-04-05,3,17,10,58.82
2026-04-05T12:55:57Z,2026-04-05,1,17,2,11.76
2026-04-05T12:55:57Z,2026-04-05,2,17,2,11.76
2026-04-05T12:55:57Z,2026-04-05,3,17,10,58.82
2026-04-05T13:00:53Z,2026-04-05,1,17,2,11.76
2026-04-05T13:00:53Z,2026-04-05,2,17,2,11.76
2026-04-05T13:00:53Z,2026-04-05,3,17,10,58.82
2026-04-05T13:05:49Z,2026-04-05,1,17,2,11.76
2026-04-05T13:05:49Z,2026-04-05,2,17,2,11.76
2026-04-05T13:05:49Z,2026-04-05,3,17,10,58.82
2026-04-05T13:15:53Z,2026-04-05,1,17,2,11.76
2026-04-05T13:15:53Z,2026-04-05,2,17,2,11.76
2026-04-05T13:15:53Z,2026-04-05,3,17,10,58.82
2026-04-05T13:30:54Z,2026-04-05,1,17,2,11.76
2026-04-05T13:30:54Z,2026-04-05,2,17,2,11.76
2026-04-05T13:30:54Z,2026-04-05,3,17,10,58.82
2026-04-05T13:35:53Z,2026-04-05,1,17,2,11.76
2026-04-05T13:35:53Z,2026-04-05,2,17,2,11.76
2026-04-05T13:35:53Z,2026-04-05,3,17,10,58.82
2026-04-05T13:45:53Z,2026-04-05,1,17,2,11.76
2026-04-05T13:45:53Z,2026-04-05,2,17,2,11.76
2026-04-05T13:45:53Z,2026-04-05,3,17,10,58.82
2026-04-05T13:55:52Z,2026-04-05,1,17,2,11.76
2026-04-05T13:55:52Z,2026-04-05,2,17,2,11.76
2026-04-05T13:55:52Z,2026-04-05,3,17,10,58.82
2026-04-05T14:00:54Z,2026-04-05,1,17,2,11.76
2026-04-05T14:00:54Z,2026-04-05,2,17,2,11.76
2026-04-05T14:00:54Z,2026-04-05,3,17,10,58.82
2026-04-05T14:45:49Z,2026-04-05,1,17,2,11.76
2026-04-05T14:45:49Z,2026-04-05,2,17,2,11.76
2026-04-05T14:45:49Z,2026-04-05,3,17,10,58.82
2026-04-05T15:01:00Z,2026-04-05,1,17,2,11.76
2026-04-05T15:01:00Z,2026-04-05,2,17,2,11.76
2026-04-05T15:01:00Z,2026-04-05,3,17,10,58.82
2026-04-05T15:10:56Z,2026-04-05,1,17,2,11.76
2026-04-05T15:10:56Z,2026-04-05,2,17,2,11.76
2026-04-05T15:10:56Z,2026-04-05,3,17,10,58.82
2026-04-05T15:15:51Z,2026-04-05,1,17,2,11.76
2026-04-05T15:15:51Z,2026-04-05,2,17,2,11.76
2026-04-05T15:15:51Z,2026-04-05,3,17,10,58.82
2026-04-05T15:40:53Z,2026-04-05,1,17,2,11.76
2026-04-05T15:40:53Z,2026-04-05,2,17,2,11.76
2026-04-05T15:40:53Z,2026-04-05,3,17,10,58.82
2026-04-05T15:45:50Z,2026-04-05,1,17,2,11.76
2026-04-05T15:45:50Z,2026-04-05,2,17,2,11.76
2026-04-05T15:45:50Z,2026-04-05,3,17,10,58.82
2026-04-05T15:55:54Z,2026-04-05,1,17,2,11.76
2026-04-05T15:55:54Z,2026-04-05,2,17,2,11.76
2026-04-05T15:55:54Z,2026-04-05,3,17,10,58.82
2026-04-05T16:00:53Z,2026-04-05,1,17,2,11.76
2026-04-05T16:00:53Z,2026-04-05,2,17,2,11.76
2026-04-05T16:00:53Z,2026-04-05,3,17,10,58.82
2026-04-05T16:15:55Z,2026-04-05,1,17,2,11.76
2026-04-05T16:15:55Z,2026-04-05,2,17,2,11.76
2026-04-05T16:15:55Z,2026-04-05,3,17,10,58.82
2026-04-05T16:31:02Z,2026-04-05,1,17,2,11.76
2026-04-05T16:31:02Z,2026-04-05,2,17,2,11.76
2026-04-05T16:31:02Z,2026-04-05,3,17,10,58.82
2026-04-05T16:50:50Z,2026-04-05,1,17,2,11.76
2026-04-05T16:50:50Z,2026-04-05,2,17,2,11.76
2026-04-05T16:50:50Z,2026-04-05,3,17,10,58.82
2026-04-05T16:55:50Z,2026-04-05,1,17,2,11.76
2026-04-05T16:55:50Z,2026-04-05,2,17,2,11.76
2026-04-05T16:55:50Z,2026-04-05,3,17,10,58.82
2026-04-05T17:10:53Z,2026-04-05,1,17,2,11.76
2026-04-05T17:10:53Z,2026-04-05,2,17,2,11.76
2026-04-05T17:10:53Z,2026-04-05,3,17,10,58.82
2026-04-05T17:36:22Z,2026-04-05,1,17,2,11.76
2026-04-05T17:36:22Z,2026-04-05,2,17,2,11.76
2026-04-05T17:36:22Z,2026-04-05,3,17,10,58.82
2026-04-05T17:40:51Z,2026-04-05,1,17,2,11.76
2026-04-05T17:40:51Z,2026-04-05,2,17,2,11.76
2026-04-05T17:40:51Z,2026-04-05,3,17,10,58.82
2026-04-05T17:46:00Z,2026-04-05,1,17,2,11.76
2026-04-05T17:46:00Z,2026-04-05,2,17,2,11.76
2026-04-05T17:46:00Z,2026-04-05,3,17,10,58.82
2026-04-05T17:50:50Z,2026-04-05,1,17,2,11.76
2026-04-05T17:50:50Z,2026-04-05,2,17,2,11.76
2026-04-05T17:50:50Z,2026-04-05,3,17,10,58.82
2026-04-05T18:03:35Z,2026-04-05,1,17,2,11.76
2026-04-05T18:03:35Z,2026-04-05,2,17,2,11.76
2026-04-05T18:03:35Z,2026-04-05,3,17,10,58.82
2026-04-05T18:11:00Z,2026-04-05,1,17,2,11.76
2026-04-05T18:11:00Z,2026-04-05,2,17,2,11.76
2026-04-05T18:11:00Z,2026-04-05,3,17,10,58.82
2026-04-05T18:20:50Z,2026-04-05,1,17,2,11.76
2026-04-05T18:20:50Z,2026-04-05,2,17,2,11.76
2026-04-05T18:20:50Z,2026-04-05,3,17,10,58.82
2026-04-05T18:40:50Z,2026-04-05,1,17,2,11.76
2026-04-05T18:40:50Z,2026-04-05,2,17,2,11.76
2026-04-05T18:40:50Z,2026-04-05,3,17,10,58.82
2026-04-05T18:45:52Z,2026-04-05,1,17,2,11.76
2026-04-05T18:45:52Z,2026-04-05,2,17,2,11.76
2026-04-05T18:45:52Z,2026-04-05,3,17,10,58.82
2026-04-05T18:50:56Z,2026-04-05,1,17,2,11.76
2026-04-05T18:50:56Z,2026-04-05,2,17,2,11.76
2026-04-05T18:50:56Z,2026-04-05,3,17,10,58.82
2026-04-05T18:55:52Z,2026-04-05,1,17,2,11.76
2026-04-05T18:55:52Z,2026-04-05,2,17,2,11.76
2026-04-05T18:55:52Z,2026-04-05,3,17,10,58.82
2026-04-05T19:05:48Z,2026-04-05,1,17,2,11.76
2026-04-05T19:05:48Z,2026-04-05,2,17,2,11.76
2026-04-05T19:05:48Z,2026-04-05,3,17,10,58.82
2026-04-05T19:10:56Z,2026-04-05,1,17,2,11.76
2026-04-05T19:10:56Z,2026-04-05,2,17,2,11.76
2026-04-05T19:10:56Z,2026-04-05,3,17,10,58.82
2026-04-05T19:56:00Z,2026-04-05,1,17,2,11.76
2026-04-05T19:56:00Z,2026-04-05,2,17,2,11.76
2026-04-05T19:56:00Z,2026-04-05,3,17,10,58.82
2026-04-05T20:00:50Z,2026-04-05,1,17,2,11.76
2026-04-05T20:00:50Z,2026-04-05,2,17,2,11.76
2026-04-05T20:00:50Z,2026-04-05,3,17,10,58.82
2026-04-05T20:05:52Z,2026-04-05,1,17,2,11.76
2026-04-05T20:05:52Z,2026-04-05,2,17,2,11.76
2026-04-05T20:05:52Z,2026-04-05,3,17,10,58.82
2026-04-05T20:15:49Z,2026-04-05,1,17,2,11.76
2026-04-05T20:15:49Z,2026-04-05,2,17,2,11.76
2026-04-05T20:15:49Z,2026-04-05,3,17,10,58.82
2026-04-05T20:20:56Z,2026-04-05,1,17,2,11.76
2026-04-05T20:20:56Z,2026-04-05,2,17,2,11.76
2026-04-05T20:20:56Z,2026-04-05,3,17,10,58.82
2026-04-05T20:30:52Z,2026-04-05,1,17,2,11.76
2026-04-05T20:30:52Z,2026-04-05,2,17,2,11.76
2026-04-05T20:30:52Z,2026-04-05,3,17,10,58.82
2026-04-05T20:35:50Z,2026-04-05,1,17,2,11.76
2026-04-05T20:35:50Z,2026-04-05,2,17,2,11.76
2026-04-05T20:35:50Z,2026-04-05,3,17,10,58.82
2026-04-05T20:40:56Z,2026-04-05,1,17,2,11.76
2026-04-05T20:40:56Z,2026-04-05,2,17,2,11.76
2026-04-05T20:40:56Z,2026-04-05,3,17,10,58.82
2026-04-05T20:45:59Z,2026-04-05,1,17,2,11.76
2026-04-05T20:45:59Z,2026-04-05,2,17,2,11.76
2026-04-05T20:45:59Z,2026-04-05,3,17,10,58.82
2026-04-05T21:00:55Z,2026-04-05,1,17,2,11.76
2026-04-05T21:00:55Z,2026-04-05,2,17,2,11.76
2026-04-05T21:00:55Z,2026-04-05,3,17,10,58.82
2026-04-05T21:10:50Z,2026-04-05,1,17,2,11.76
2026-04-05T21:10:50Z,2026-04-05,2,17,2,11.76
2026-04-05T21:10:50Z,2026-04-05,3,17,10,58.82
2026-04-05T21:15:53Z,2026-04-05,1,17,2,11.76
2026-04-05T21:15:53Z,2026-04-05,2,17,2,11.76
2026-04-05T21:15:53Z,2026-04-05,3,17,10,58.82
2026-04-05T21:20:54Z,2026-04-05,1,17,2,11.76
2026-04-05T21:20:54Z,2026-04-05,2,17,2,11.76
2026-04-05T21:20:54Z,2026-04-05,3,17,10,58.82
2026-04-05T21:30:48Z,2026-04-05,1,17,2,11.76
2026-04-05T21:30:48Z,2026-04-05,2,17,2,11.76
2026-04-05T21:30:48Z,2026-04-05,3,17,10,58.82
2026-04-05T22:00:05Z,2026-04-05,1,17,2,11.76
2026-04-05T22:00:05Z,2026-04-05,2,17,2,11.76
2026-04-05T22:00:05Z,2026-04-05,3,17,10,58.82
2026-04-05T22:10:55Z,2026-04-05,1,17,2,11.76
2026-04-05T22:10:55Z,2026-04-05,2,17,2,11.76
2026-04-05T22:10:55Z,2026-04-05,3,17,10,58.82
2026-04-05T22:15:48Z,2026-04-05,1,17,2,11.76
2026-04-05T22:15:48Z,2026-04-05,2,17,2,11.76
2026-04-05T22:15:48Z,2026-04-05,3,17,10,58.82
2026-04-05T22:21:47Z,2026-04-05,1,17,2,11.76
2026-04-05T22:21:47Z,2026-04-05,2,17,2,11.76
2026-04-05T22:21:47Z,2026-04-05,3,17,10,58.82
2026-04-05T22:25:55Z,2026-04-05,1,17,2,11.76
2026-04-05T22:25:55Z,2026-04-05,2,17,2,11.76
2026-04-05T22:25:55Z,2026-04-05,3,17,10,58.82
2026-04-05T23:00:58Z,2026-04-05,1,17,2,11.76
2026-04-05T23:00:58Z,2026-04-05,2,17,2,11.76
2026-04-05T23:00:58Z,2026-04-05,3,17,10,58.82
2026-04-05T23:05:54Z,2026-04-05,1,17,2,11.76
2026-04-05T23:05:54Z,2026-04-05,2,17,2,11.76
2026-04-05T23:05:54Z,2026-04-05,3,17,10,58.82
2026-04-05T23:15:53Z,2026-04-05,1,17,2,11.76
2026-04-05T23:15:53Z,2026-04-05,2,17,2,11.76
2026-04-05T23:15:53Z,2026-04-05,3,17,10,58.82
2026-04-05T23:35:57Z,2026-04-05,1,17,2,11.76
2026-04-05T23:35:57Z,2026-04-05,2,17,2,11.76
2026-04-05T23:35:57Z,2026-04-05,3,17,10,58.82
2026-04-06T00:15:51Z,2026-04-06,1,17,12,70.59
2026-04-06T00:15:51Z,2026-04-06,2,17,10,58.82
2026-04-06T00:15:51Z,2026-04-06,3,17,4,23.53
2026-04-06T00:20:51Z,2026-04-06,1,17,12,70.59
2026-04-06T00:20:51Z,2026-04-06,2,17,10,58.82
2026-04-06T00:20:51Z,2026-04-06,3,17,4,23.53
2026-04-06T00:30:51Z,2026-04-06,1,17,12,70.59
2026-04-06T00:30:51Z,2026-04-06,2,17,10,58.82
2026-04-06T00:30:51Z,2026-04-06,3,17,4,23.53
2026-04-06T00:40:56Z,2026-04-06,1,17,12,70.59
2026-04-06T00:40:56Z,2026-04-06,2,17,10,58.82
2026-04-06T00:40:56Z,2026-04-06,3,17,4,23.53
2026-04-06T00:55:48Z,2026-04-06,1,17,12,70.59
2026-04-06T00:55:48Z,2026-04-06,2,17,10,58.82
2026-04-06T00:55:48Z,2026-04-06,3,17,4,23.53
2026-04-11T09:00:58Z,2026-04-11,1,17,10,58.82
2026-04-11T09:00:58Z,2026-04-11,2,17,12,70.59
2026-04-11T09:00:58Z,2026-04-11,3,17,12,70.59
2026-04-11T09:05:50Z,2026-04-11,1,17,10,58.82
2026-04-11T09:05:50Z,2026-04-11,2,17,12,70.59
2026-04-11T09:05:50Z,2026-04-11,3,17,12,70.59
2026-04-11T09:25:57Z,2026-04-11,1,17,10,58.82
2026-04-11T09:25:57Z,2026-04-11,2,17,12,70.59
2026-04-11T09:25:57Z,2026-04-11,3,17,12,70.59
2026-04-11T09:30:58Z,2026-04-11,1,17,10,58.82
2026-04-11T09:30:58Z,2026-04-11,2,17,12,70.59
2026-04-11T09:30:58Z,2026-04-11,3,17,12,70.59
2026-04-11T09:35:50Z,2026-04-11,1,17,10,58.82
2026-04-11T09:35:50Z,2026-04-11,2,17,12,70.59
2026-04-11T09:35:50Z,2026-04-11,3,17,12,70.59
2026-04-11T10:00:51Z,2026-04-11,1,17,10,58.82
2026-04-11T10:00:51Z,2026-04-11,2,17,12,70.59
2026-04-11T10:00:51Z,2026-04-11,3,17,12,70.59
2026-04-11T10:10:46Z,2026-04-11,1,17,10,58.82
2026-04-11T10:10:46Z,2026-04-11,2,17,12,70.59
2026-04-11T10:10:46Z,2026-04-11,3,17,12,70.59
2026-04-11T10:30:54Z,2026-04-11,1,17,10,58.82
2026-04-11T10:30:54Z,2026-04-11,2,17,12,70.59
2026-04-11T10:30:54Z,2026-04-11,3,17,12,70.59
2026-04-11T10:40:51Z,2026-04-11,1,17,10,58.82
2026-04-11T10:40:51Z,2026-04-11,2,17,12,70.59
2026-04-11T10:40:51Z,2026-04-11,3,17,12,70.59
2026-04-11T10:50:49Z,2026-04-11,1,17,10,58.82
2026-04-11T10:50:49Z,2026-04-11,2,17,12,70.59
2026-04-11T10:50:49Z,2026-04-11,3,17,12,70.59
2026-04-11T11:10:50Z,2026-04-11,1,17,10,58.82
2026-04-11T11:10:50Z,2026-04-11,2,17,12,70.59
2026-04-11T11:10:50Z,2026-04-11,3,17,12,70.59
2026-04-11T11:35:54Z,2026-04-11,1,17,10,58.82
2026-04-11T11:35:54Z,2026-04-11,2,17,12,70.59
2026-04-11T11:35:54Z,2026-04-11,3,17,12,70.59
2026-04-11T11:46:35Z,2026-04-11,1,17,10,58.82
2026-04-11T11:46:35Z,2026-04-11,2,17,12,70.59
2026-04-11T11:46:35Z,2026-04-11,3,17,12,70.59
2026-04-11T11:51:01Z,2026-04-11,1,17,10,58.82
2026-04-11T11:51:01Z,2026-04-11,2,17,12,70.59
2026-04-11T11:51:01Z,2026-04-11,3,17,12,70.59
2026-04-11T12:26:00Z,2026-04-11,1,17,10,58.82
2026-04-11T12:26:00Z,2026-04-11,2,17,12,70.59
2026-04-11T12:26:00Z,2026-04-11,3,17,12,70.59
2026-04-11T12:30:52Z,2026-04-11,1,17,10,58.82
2026-04-11T12:30:52Z,2026-04-11,2,17,12,70.59
2026-04-11T12:30:52Z,2026-04-11,3,17,12,70.59
2026-04-11T13:00:53Z,2026-04-11,1,17,10,58.82
2026-04-11T13:00:53Z,2026-04-11,2,17,12,70.59
2026-04-11T13:00:53Z,2026-04-11,3,17,12,70.59
2026-04-11T13:25:49Z,2026-04-11,1,17,10,58.82
2026-04-11T13:25:49Z,2026-04-11,2,17,12,70.59
2026-04-11T13:25:49Z,2026-04-11,3,17,12,70.59
2026-04-11T13:40:50Z,2026-04-11,1,17,10,58.82
2026-04-11T13:40:50Z,2026-04-11,2,17,12,70.59
2026-04-11T13:40:50Z,2026-04-11,3,17,12,70.59
2026-04-11T14:15:55Z,2026-04-11,1,17,10,58.82
2026-04-11T14:15:55Z,2026-04-11,2,17,12,70.59
2026-04-11T14:15:55Z,2026-04-11,3,17,12,70.59
2026-04-11T14:25:56Z,2026-04-11,1,17,10,58.82
2026-04-11T14:25:56Z,2026-04-11,2,17,12,70.59
2026-04-11T14:25:56Z,2026-04-11,3,17,12,70.59
2026-04-11T14:30:56Z,2026-04-11,1,17,10,58.82
2026-04-11T14:30:56Z,2026-04-11,2,17,12,70.59
2026-04-11T14:30:56Z,2026-04-11,3,17,12,70.59
2026-04-11T14:35:49Z,2026-04-11,1,17,10,58.82
2026-04-11T14:35:49Z,2026-04-11,2,17,12,70.59
2026-04-11T14:35:49Z,2026-04-11,3,17,12,70.59
2026-04-11T14:45:53Z,2026-04-11,1,17,10,58.82
2026-04-11T14:45:53Z,2026-04-11,2,17,12,70.59
2026-04-11T14:45:53Z,2026-04-11,3,17,12,70.59
2026-04-11T14:50:50Z,2026-04-11,1,17,10,58.82
2026-04-11T14:50:50Z,2026-04-11,2,17,12,70.59
2026-04-11T14:50:50Z,2026-04-11,3,17,12,70.59
2026-04-11T14:55:52Z,2026-04-11,1,17,10,58.82
2026-04-11T14:55:52Z,2026-04-11,2,17,12,70.59
2026-04-11T14:55:52Z,2026-04-11,3,17,12,70.59
2026-04-11T15:20:50Z,2026-04-11,1,17,10,58.82
2026-04-11T15:20:50Z,2026-04-11,2,17,12,70.59
2026-04-11T15:20:50Z,2026-04-11,3,17,12,70.59
2026-04-11T16:05:53Z,2026-04-11,1,17,10,58.82
2026-04-11T16:05:53Z,2026-04-11,2,17,12,70.59
2026-04-11T16:05:53Z,2026-04-11,3,17,12,70.59
2026-04-11T16:10:56Z,2026-04-11,1,17,10,58.82
2026-04-11T16:10:56Z,2026-04-11,2,17,12,70.59
2026-04-11T16:10:56Z,2026-04-11,3,17,12,70.59
2026-04-11T16:30:54Z,2026-04-11,1,17,10,58.82
2026-04-11T16:30:54Z,2026-04-11,2,17,12,70.59
2026-04-11T16:30:54Z,2026-04-11,3,17,12,70.59
2026-04-11T16:50:53Z,2026-04-11,1,17,10,58.82
2026-04-11T16:50:53Z,2026-04-11,2,17,12,70.59
2026-04-11T16:50:53Z,2026-04-11,3,17,12,70.59
2026-04-11T17:00:56Z,2026-04-11,1,17,10,58.82
2026-04-11T17:00:56Z,2026-04-11,2,17,12,70.59
2026-04-11T17:00:56Z,2026-04-11,3,17,12,70.59
2026-04-11T17:05:52Z,2026-04-11,1,17,10,58.82
2026-04-11T17:05:52Z,2026-04-11,2,17,12,70.59
2026-04-11T17:05:52Z,2026-04-11,3,17,12,70.59
2026-04-11T17:15:54Z,2026-04-11,1,17,10,58.82
2026-04-11T17:15:54Z,2026-04-11,2,17,12,70.59
2026-04-11T17:15:54Z,2026-04-11,3,17,12,70.59
2026-04-11T17:25:49Z,2026-04-11,1,17,10,58.82
2026-04-11T17:25:49Z,2026-04-11,2,17,12,70.59
2026-04-11T17:25:49Z,2026-04-11,3,17,12,70.59
2026-04-11T17:30:50Z,2026-04-11,1,17,10,58.82
2026-04-11T17:30:50Z,2026-04-11,2,17,12,70.59
2026-04-11T17:30:50Z,2026-04-11,3,17,12,70.59
2026-04-11T17:55:53Z,2026-04-11,1,17,10,58.82
2026-04-11T17:55:53Z,2026-04-11,2,17,12,70.59
2026-04-11T17:55:53Z,2026-04-11,3,17,12,70.59
2026-04-11T18:00:56Z,2026-04-11,1,17,10,58.82
2026-04-11T18:00:56Z,2026-04-11,2,17,12,70.59
2026-04-11T18:00:56Z,2026-04-11,3,17,12,70.59
2026-04-11T18:05:50Z,2026-04-11,1,17,10,58.82
2026-04-11T18:05:50Z,2026-04-11,2,17,12,70.59
2026-04-11T18:05:50Z,2026-04-11,3,17,12,70.59
2026-04-11T18:40:53Z,2026-04-11,1,17,10,58.82
2026-04-11T18:40:53Z,2026-04-11,2,17,12,70.59
2026-04-11T18:40:53Z,2026-04-11,3,17,12,70.59
2026-04-11T19:00:54Z,2026-04-11,1,17,10,58.82
2026-04-11T19:00:54Z,2026-04-11,2,17,12,70.59
2026-04-11T19:00:54Z,2026-04-11,3,17,12,70.59
2026-04-11T19:25:49Z,2026-04-11,1,17,10,58.82
2026-04-11T19:25:49Z,2026-04-11,2,17,12,70.59
2026-04-11T19:25:49Z,2026-04-11,3,17,12,70.59
2026-04-11T19:30:52Z,2026-04-11,1,17,10,58.82
2026-04-11T19:30:52Z,2026-04-11,2,17,12,70.59
2026-04-11T19:30:52Z,2026-04-11,3,17,12,70.59
2026-04-11T20:25:53Z,2026-04-11,1,17,10,58.82
2026-04-11T20:25:53Z,2026-04-11,2,17,12,70.59
2026-04-11T20:25:53Z,2026-04-11,3,17,12,70.59
2026-04-11T20:30:53Z,2026-04-11,1,17,10,58.82
2026-04-11T20:30:53Z,2026-04-11,2,17,12,70.59
2026-04-11T20:30:53Z,2026-04-11,3,17,12,70.59
2026-04-11T20:35:50Z,2026-04-11,1,17,10,58.82
2026-04-11T20:35:50Z,2026-04-11,2,17,12,70.59
2026-04-11T20:35:50Z,2026-04-11,3,17,12,70.59
2026-04-11T20:40:55Z,2026-04-11,1,17,10,58.82
2026-04-11T20:40:55Z,2026-04-11,2,17,12,70.59
2026-04-11T20:40:55Z,2026-04-11,3,17,12,70.59
2026-04-11T20:45:50Z,2026-04-11,1,17,10,58.82
2026-04-11T20:45:50Z,2026-04-11,2,17,12,70.59
2026-04-11T20:45:50Z,2026-04-11,3,17,12,70.59
2026-04-11T21:00:57Z,2026-04-11,1,17,10,58.82
2026-04-11T21:00:57Z,2026-04-11,2,17,12,70.59
2026-04-11T21:00:57Z,2026-04-11,3,17,12,70.59
2026-04-11T21:05:50Z,2026-04-11,1,17,10,58.82
2026-04-11T21:05:50Z,2026-04-11,2,17,12,70.59
2026-04-11T21:05:50Z,2026-04-11,3,17,12,70.59
2026-04-11T21:16:01Z,2026-04-11,1,17,10,58.82
2026-04-11T21:16:01Z,2026-04-11,2,17,12,70.59
2026-04-11T21:16:01Z,2026-04-11,3,17,12,70.59
2026-04-11T22:15:51Z,2026-04-11,1,17,10,58.82
2026-04-11T22:15:51Z,2026-04-11,2,17,12,70.59
2026-04-11T22:15:51Z,2026-04-11,3,17,12,70.59
2026-04-11T22:25:57Z,2026-04-11,1,17,10,58.82
2026-04-11T22:25:57Z,2026-04-11,2,17,12,70.59
2026-04-11T22:25:57Z,2026-04-11,3,17,12,70.59
2026-04-11T22:30:57Z,2026-04-11,1,17,10,58.82
2026-04-11T22:30:57Z,2026-04-11,2,17,12,70.59
2026-04-11T22:30:57Z,2026-04-11,3,17,12,70.59
2026-04-11T22:35:57Z,2026-04-11,1,17,10,58.82
2026-04-11T22:35:57Z,2026-04-11,2,17,12,70.59
2026-04-11T22:35:57Z,2026-04-11,3,17,12,70.59
2026-04-11T22:50:51Z,2026-04-11,1,17,10,58.82
2026-04-11T22:50:51Z,2026-04-11,2,17,12,70.59
2026-04-11T22:50:51Z,2026-04-11,3,17,12,70.59
2026-04-11T22:55:46Z,2026-04-11,1,17,10,58.82
2026-04-11T22:55:46Z,2026-04-11,2,17,12,70.59
2026-04-11T22:55:46Z,2026-04-11,3,17,12,70.59
2026-04-11T23:00:54Z,2026-04-11,1,17,10,58.82
2026-04-11T23:00:54Z,2026-04-11,2,17,12,70.59
2026-04-11T23:00:54Z,2026-04-11,3,17,12,70.59
2026-04-11T23:05:52Z,2026-04-11,1,17,10,58.82
2026-04-11T23:05:52Z,2026-04-11,2,17,12,70.59
2026-04-11T23:05:52Z,2026-04-11,3,17,12,70.59
2026-04-11T23:15:53Z,2026-04-11,1,17,10,58.82
2026-04-11T23:15:53Z,2026-04-11,2,17,12,70.59
2026-04-11T23:15:53Z,2026-04-11,3,17,12,70.59
2026-04-11T23:25:53Z,2026-04-11,1,17,10,58.82
2026-04-11T23:25:53Z,2026-04-11,2,17,12,70.59
2026-04-11T23:25:53Z,2026-04-11,3,17,12,70.59
2026-04-11T23:30:53Z,2026-04-11,1,17,10,58.82
2026-04-11T23:30:53Z,2026-04-11,2,17,12,70.59
2026-04-11T23:30:53Z,2026-04-11,3,17,12,70.59
2026-04-11T23:45:49Z,2026-04-11,1,17,10,58.82
2026-04-11T23:45:49Z,2026-04-11,2,17,12,70.59
2026-04-11T23:45:49Z,2026-04-11,3,17,12,70.59
2026-04-11T23:50:57Z,2026-04-11,1,17,10,58.82
2026-04-11T23:50:57Z,2026-04-11,2,17,12,70.59
2026-04-11T23:50:57Z,2026-04-11,3,17,12,70.59
2026-04-12T00:06:01Z,2026-04-12,1,17,12,70.59
2026-04-12T00:06:01Z,2026-04-12,2,17,10,58.82
2026-04-12T00:06:01Z,2026-04-12,3,17,8,47.06
2026-04-12T00:25:52Z,2026-04-12,1,17,12,70.59
2026-04-12T00:25:52Z,2026-04-12,2,17,10,58.82
2026-04-12T00:25:52Z,2026-04-12,3,17,8,47.06
2026-04-12T09:15:49Z,2026-04-12,1,17,12,70.59
2026-04-12T09:15:49Z,2026-04-12,2,17,10,58.82
2026-04-12T09:15:49Z,2026-04-12,3,17,8,47.06
2026-04-12T09:30:54Z,2026-04-12,1,17,12,70.59
2026-04-12T09:30:54Z,2026-04-12,2,17,10,58.82
2026-04-12T09:30:54Z,2026-04-12,3,17,8,47.06
2026-04-12T09:40:51Z,2026-04-12,1,17,12,70.59
2026-04-12T09:40:51Z,2026-04-12,2,17,10,58.82
2026-04-12T09:40:51Z,2026-04-12,3,17,8,47.06
2026-04-12T09:45:50Z,2026-04-12,1,17,12,70.59
2026-04-12T09:45:50Z,2026-04-12,2,17,10,58.82
2026-04-12T09:45:50Z,2026-04-12,3,17,8,47.06
2026-04-12T10:01:02Z,2026-04-12,1,17,12,70.59
2026-04-12T10:01:02Z,2026-04-12,2,17,10,58.82
2026-04-12T10:01:02Z,2026-04-12,3,17,8,47.06
2026-04-12T10:05:51Z,2026-04-12,1,17,12,70.59
2026-04-12T10:05:51Z,2026-04-12,2,17,10,58.82
2026-04-12T10:05:51Z,2026-04-12,3,17,8,47.06
2026-04-12T10:10:53Z,2026-04-12,1,17,12,70.59
2026-04-12T10:10:53Z,2026-04-12,2,17,10,58.82
2026-04-12T10:10:53Z,2026-04-12,3,17,8,47.06
2026-04-12T10:25:50Z,2026-04-12,1,17,12,70.59
2026-04-12T10:25:50Z,2026-04-12,2,17,10,58.82
2026-04-12T10:25:50Z,2026-04-12,3,17,8,47.06
2026-04-12T10:30:54Z,2026-04-12,1,17,12,70.59
2026-04-12T10:30:54Z,2026-04-12,2,17,10,58.82
2026-04-12T10:30:54Z,2026-04-12,3,17,8,47.06
2026-04-12T10:45:53Z,2026-04-12,1,17,12,70.59
2026-04-12T10:45:53Z,2026-04-12,2,17,10,58.82
2026-04-12T10:45:53Z,2026-04-12,3,17,8,47.06
2026-04-12T10:50:59Z,2026-04-12,1,17,12,70.59
2026-04-12T10:50:59Z,2026-04-12,2,17,10,58.82
2026-04-12T10:50:59Z,2026-04-12,3,17,8,47.06
2026-04-12T10:55:49Z,2026-04-12,1,17,12,70.59
2026-04-12T10:55:49Z,2026-04-12,2,17,10,58.82
2026-04-12T10:55:49Z,2026-04-12,3,17,8,47.06
2026-04-12T11:00:54Z,2026-04-12,1,17,12,70.59
2026-04-12T11:00:54Z,2026-04-12,2,17,10,58.82
2026-04-12T11:00:54Z,2026-04-12,3,17,8,47.06
2026-04-12T11:05:50Z,2026-04-12,1,17,12,70.59
2026-04-12T11:05:50Z,2026-04-12,2,17,10,58.82
2026-04-12T11:05:50Z,2026-04-12,3,17,8,47.06
2026-04-12T11:15:48Z,2026-04-12,1,17,12,70.59
2026-04-12T11:15:48Z,2026-04-12,2,17,10,58.82
2026-04-12T11:15:48Z,2026-04-12,3,17,8,47.06
2026-04-12T11:25:51Z,2026-04-12,1,17,12,70.59
2026-04-12T11:25:51Z,2026-04-12,2,17,10,58.82
2026-04-12T11:25:51Z,2026-04-12,3,17,8,47.06
2026-04-12T11:40:51Z,2026-04-12,1,17,12,70.59
2026-04-12T11:40:51Z,2026-04-12,2,17,10,58.82
2026-04-12T11:40:51Z,2026-04-12,3,17,8,47.06
2026-04-12T11:45:51Z,2026-04-12,1,17,12,70.59
2026-04-12T11:45:51Z,2026-04-12,2,17,10,58.82
2026-04-12T11:45:51Z,2026-04-12,3,17,8,47.06
2026-04-12T12:20:54Z,2026-04-12,1,17,12,70.59
2026-04-12T12:20:54Z,2026-04-12,2,17,10,58.82
2026-04-12T12:20:54Z,2026-04-12,3,17,8,47.06
2026-04-12T12:35:51Z,2026-04-12,1,17,12,70.59
2026-04-12T12:35:51Z,2026-04-12,2,17,10,58.82
2026-04-12T12:35:51Z,2026-04-12,3,17,8,47.06
2026-04-12T12:40:52Z,2026-04-12,1,17,12,70.59
2026-04-12T12:40:52Z,2026-04-12,2,17,10,58.82
2026-04-12T12:40:52Z,2026-04-12,3,17,8,47.06
2026-04-12T13:05:45Z,2026-04-12,1,17,12,70.59
2026-04-12T13:05:45Z,2026-04-12,2,17,10,58.82
2026-04-12T13:05:45Z,2026-04-12,3,17,8,47.06
2026-04-12T13:10:51Z,2026-04-12,1,17,12,70.59
2026-04-12T13:10:51Z,2026-04-12,2,17,10,58.82
2026-04-12T13:10:51Z,2026-04-12,3,17,8,47.06
2026-04-12T13:15:56Z,2026-04-12,1,17,12,70.59
2026-04-12T13:15:56Z,2026-04-12,2,17,10,58.82
2026-04-12T13:15:56Z,2026-04-12,3,17,8,47.06
2026-04-12T13:25:52Z,2026-04-12,1,17,12,70.59
2026-04-12T13:25:52Z,2026-04-12,2,17,10,58.82
2026-04-12T13:25:52Z,2026-04-12,3,17,8,47.06
2026-04-12T13:45:54Z,2026-04-12,1,17,12,70.59
2026-04-12T13:45:54Z,2026-04-12,2,17,10,58.82
2026-04-12T13:45:54Z,2026-04-12,3,17,8,47.06
2026-04-12T13:50:51Z,2026-04-12,1,17,12,70.59
2026-04-12T13:50:51Z,2026-04-12,2,17,10,58.82
2026-04-12T13:50:51Z,2026-04-12,3,17,8,47.06
2026-04-12T14:10:49Z,2026-04-12,1,17,12,70.59
2026-04-12T14:10:49Z,2026-04-12,2,17,10,58.82
2026-04-12T14:10:49Z,2026-04-12,3,17,8,47.06
2026-04-12T14:20:53Z,2026-04-12,1,17,12,70.59
2026-04-12T14:20:53Z,2026-04-12,2,17,10,58.82
2026-04-12T14:20:53Z,2026-04-12,3,17,8,47.06
2026-04-12T14:25:49Z,2026-04-12,1,17,12,70.59
2026-04-12T14:25:49Z,2026-04-12,2,17,10,58.82
2026-04-12T14:25:49Z,2026-04-12,3,17,8,47.06
2026-04-12T14:35:51Z,2026-04-12,1,17,12,70.59
2026-04-12T14:35:51Z,2026-04-12,2,17,10,58.82
2026-04-12T14:35:51Z,2026-04-12,3,17,8,47.06
2026-04-12T15:00:57Z,2026-04-12,1,17,12,70.59
2026-04-12T15:00:57Z,2026-04-12,2,17,10,58.82
2026-04-12T15:00:57Z,2026-04-12,3,17,8,47.06
2026-04-12T15:05:51Z,2026-04-12,1,17,12,70.59
2026-04-12T15:05:51Z,2026-04-12,2,17,10,58.82
2026-04-12T15:05:51Z,2026-04-12,3,17,8,47.06
2026-04-12T15:15:50Z,2026-04-12,1,17,12,70.59
2026-04-12T15:15:50Z,2026-04-12,2,17,10,58.82
2026-04-12T15:15:50Z,2026-04-12,3,17,8,47.06
2026-04-12T15:20:52Z,2026-04-12,1,17,12,70.59
2026-04-12T15:20:52Z,2026-04-12,2,17,10,58.82
2026-04-12T15:20:52Z,2026-04-12,3,17,8,47.06
2026-04-12T15:25:51Z,2026-04-12,1,17,12,70.59
2026-04-12T15:25:51Z,2026-04-12,2,17,10,58.82
2026-04-12T15:25:51Z,2026-04-12,3,17,8,47.06
2026-04-12T15:36:00Z,2026-04-12,1,17,12,70.59
2026-04-12T15:36:00Z,2026-04-12,2,17,10,58.82
2026-04-12T15:36:00Z,2026-04-12,3,17,8,47.06
2026-04-12T15:51:02Z,2026-04-12,1,17,12,70.59
2026-04-12T15:51:02Z,2026-04-12,2,17,10,58.82
2026-04-12T15:51:02Z,2026-04-12,3,17,8,47.06
2026-04-12T15:55:54Z,2026-04-12,1,17,12,70.59
2026-04-12T15:55:54Z,2026-04-12,2,17,10,58.82
2026-04-12T15:55:54Z,2026-04-12,3,17,8,47.06
2026-04-12T16:03:41Z,2026-04-12,1,17,12,70.59
2026-04-12T16:03:41Z,2026-04-12,2,17,10,58.82
2026-04-12T16:03:41Z,2026-04-12,3,17,8,47.06
2026-04-12T16:15:47Z,2026-04-12,1,17,12,70.59
2026-04-12T16:15:47Z,2026-04-12,2,17,10,58.82
2026-04-12T16:15:47Z,2026-04-12,3,17,8,47.06
2026-04-12T16:25:52Z,2026-04-12,1,17,12,70.59
2026-04-12T16:25:52Z,2026-04-12,2,17,10,58.82
2026-04-12T16:25:52Z,2026-04-12,3,17,8,47.06
2026-04-12T17:16:00Z,2026-04-12,1,17,12,70.59
2026-04-12T17:16:00Z,2026-04-12,2,17,10,58.82
2026-04-12T17:16:00Z,2026-04-12,3,17,8,47.06
2026-04-12T17:55:53Z,2026-04-12,1,17,12,70.59
2026-04-12T17:55:53Z,2026-04-12,2,17,10,58.82
2026-04-12T17:55:53Z,2026-04-12,3,17,8,47.06
2026-04-12T18:01:01Z,2026-04-12,1,17,12,70.59
2026-04-12T18:01:01Z,2026-04-12,2,17,10,58.82
2026-04-12T18:01:01Z,2026-04-12,3,17,8,47.06
2026-04-12T18:10:53Z,2026-04-12,1,17,12,70.59
2026-04-12T18:10:53Z,2026-04-12,2,17,10,58.82
2026-04-12T18:10:53Z,2026-04-12,3,17,8,47.06
2026-04-12T18:15:48Z,2026-04-12,1,17,12,70.59
2026-04-12T18:15:48Z,2026-04-12,2,17,10,58.82
2026-04-12T18:15:48Z,2026-04-12,3,17,8,47.06
2026-04-12T18:35:50Z,2026-04-12,1,17,12,70.59
2026-04-12T18:35:50Z,2026-04-12,2,17,10,58.82
2026-04-12T18:35:50Z,2026-04-12,3,17,8,47.06
2026-04-12T18:40:51Z,2026-04-12,1,17,12,70.59
2026-04-12T18:40:51Z,2026-04-12,2,17,10,58.82
2026-04-12T18:40:51Z,2026-04-12,3,17,8,47.06
2026-04-12T18:45:52Z,2026-04-12,1,17,12,70.59
2026-04-12T18:45:52Z,2026-04-12,2,17,10,58.82
2026-04-12T18:45:52Z,2026-04-12,3,17,8,47.06
2026-04-12T19:05:51Z,2026-04-12,1,17,12,70.59
2026-04-12T19:05:51Z,2026-04-12,2,17,10,58.82
2026-04-12T19:05:51Z,2026-04-12,3,17,8,47.06
2026-04-12T19:15:57Z,2026-04-12,1,17,12,70.59
2026-04-12T19:15:57Z,2026-04-12,2,17,10,58.82
2026-04-12T19:15:57Z,2026-04-12,3,17,8,47.06
2026-04-12T19:35:49Z,2026-04-12,1,17,12,70.59
2026-04-12T19:35:49Z,2026-04-12,2,17,10,58.82
2026-04-12T19:35:49Z,2026-04-12,3,17,8,47.06
2026-04-12T19:45:53Z,2026-04-12,1,17,12,70.59
2026-04-12T19:45:53Z,2026-04-12,2,17,10,58.82
2026-04-12T19:45:53Z,2026-04-12,3,17,8,47.06
2026-04-12T19:50:52Z,2026-04-12,1,17,12,70.59
2026-04-12T19:50:52Z,2026-04-12,2,17,10,58.82
2026-04-12T19:50:52Z,2026-04-12,3,17,8,47.06
2026-04-12T20:15:52Z,2026-04-12,1,17,12,70.59
2026-04-12T20:15:52Z,2026-04-12,2,17,10,58.82
2026-04-12T20:15:52Z,2026-04-12,3,17,8,47.06
2026-04-12T20:20:54Z,2026-04-12,1,17,12,70.59
2026-04-12T20:20:54Z,2026-04-12,2,17,10,58.82
2026-04-12T20:20:54Z,2026-04-12,3,17,8,47.06
2026-04-12T20:25:55Z,2026-04-12,1,17,12,70.59
2026-04-12T20:25:55Z,2026-04-12,2,17,10,58.82
2026-04-12T20:25:55Z,2026-04-12,3,17,8,47.06
2026-04-12T20:41:00Z,2026-04-12,1,17,12,70.59
2026-04-12T20:41:00Z,2026-04-12,2,17,10,58.82
2026-04-12T20:41:00Z,2026-04-12,3,17,8,47.06
2026-04-12T20:50:55Z,2026-04-12,1,17,12,70.59
2026-04-12T20:50:55Z,2026-04-12,2,17,10,58.82
2026-04-12T20:50:55Z,2026-04-12,3,17,8,47.06
2026-04-12T21:10:56Z,2026-04-12,1,17,12,70.59
2026-04-12T21:10:56Z,2026-04-12,2,17,10,58.82
2026-04-12T21:10:56Z,2026-04-12,3,17,8,47.06
2026-04-12T21:25:56Z,2026-04-12,1,17,12,70.59
2026-04-12T21:25:56Z,2026-04-12,2,17,10,58.82
2026-04-12T21:25:56Z,2026-04-12,3,17,8,47.06
2026-04-12T21:40:57Z,2026-04-12,1,17,12,70.59
2026-04-12T21:40:57Z,2026-04-12,2,17,10,58.82
2026-04-12T21:40:57Z,2026-04-12,3,17,8,47.06
2026-04-12T21:51:35Z,2026-04-12,1,17,12,70.59
2026-04-12T21:51:35Z,2026-04-12,2,17,10,58.82
2026-04-12T21:51:35Z,2026-04-12,3,17,8,47.06
2026-04-12T21:55:57Z,2026-04-12,1,17,12,70.59
2026-04-12T21:55:57Z,2026-04-12,2,17,10,58.82
2026-04-12T21:55:57Z,2026-04-12,3,17,8,47.06
2026-04-12T22:40:59Z,2026-04-12,1,17,12,70.59
2026-04-12T22:40:59Z,2026-04-12,2,17,10,58.82
2026-04-12T22:40:59Z,2026-04-12,3,17,8,47.06
2026-04-12T23:00:59Z,2026-04-12,1,17,12,70.59
2026-04-12T23:00:59Z,2026-04-12,2,17,10,58.82
2026-04-12T23:00:59Z,2026-04-12,3,17,8,47.06
2026-04-12T23:10:59Z,2026-04-12,1,17,12,70.59
2026-04-12T23:10:59Z,2026-04-12,2,17,10,58.82
2026-04-12T23:10:59Z,2026-04-12,3,17,8,47.06
2026-04-12T23:15:50Z,2026-04-12,1,17,12,70.59
2026-04-12T23:15:50Z,2026-04-12,2,17,10,58.82
2026-04-12T23:15:50Z,2026-04-12,3,17,8,47.06
2026-04-12T23:35:53Z,2026-04-12,1,17,12,70.59
2026-04-12T23:35:53Z,2026-04-12,2,17,10,58.82
2026-04-12T23:35:53Z,2026-04-12,3,17,8,47.06
2026-04-13T00:05:53Z,2026-04-13,1,17,12,70.59
2026-04-13T00:05:53Z,2026-04-13,2,17,8,47.06
2026-04-13T00:05:53Z,2026-04-13,3,17,4,23.53
2026-04-13T00:10:53Z,2026-04-13,1,17,12,70.59
2026-04-13T00:10:53Z,2026-04-13,2,17,8,47.06
2026-04-13T00:10:53Z,2026-04-13,3,17,4,23.53
2026-04-13T00:15:50Z,2026-04-13,1,17,12,70.59
2026-04-13T00:15:50Z,2026-04-13,2,17,8,47.06
2026-04-13T00:15:50Z,2026-04-13,3,17,4,23.53
2026-04-13T00:25:48Z,2026-04-13,1,17,12,70.59
2026-04-13T00:25:48Z,2026-04-13,2,17,8,47.06
2026-04-13T00:25:48Z,2026-04-13,3,17,4,23.53
2026-04-13T00:31:04Z,2026-04-13,1,17,12,70.59
2026-04-13T00:31:04Z,2026-04-13,2,17,8,47.06
2026-04-13T00:31:04Z,2026-04-13,3,17,4,23.53
2026-04-13T00:35:57Z,2026-04-13,1,17,12,70.59
2026-04-13T00:35:57Z,2026-04-13,2,17,8,47.06
2026-04-13T00:35:57Z,2026-04-13,3,17,4,23.53
2026-04-18T09:15:53Z,2026-04-18,1,17,6,35.29
2026-04-18T09:15:53Z,2026-04-18,2,17,10,58.82
2026-04-18T09:15:53Z,2026-04-18,3,17,8,47.06
2026-04-18T09:20:51Z,2026-04-18,1,17,6,35.29
2026-04-18T09:20:51Z,2026-04-18,2,17,10,58.82
2026-04-18T09:20:51Z,2026-04-18,3,17,8,47.06
2026-04-18T09:25:50Z,2026-04-18,1,17,6,35.29
2026-04-18T09:25:50Z,2026-04-18,2,17,10,58.82
2026-04-18T09:25:50Z,2026-04-18,3,17,8,47.06
2026-04-18T09:35:51Z,2026-04-18,1,17,6,35.29
2026-04-18T09:35:51Z,2026-04-18,2,17,10,58.82
2026-04-18T09:35:51Z,2026-04-18,3,17,8,47.06
2026-04-18T09:50:51Z,2026-04-18,1,17,6,35.29
2026-04-18T09:50:51Z,2026-04-18,2,17,10,58.82
2026-04-18T09:50:51Z,2026-04-18,3,17,8,47.06
2026-04-18T10:00:58Z,2026-04-18,1,17,6,35.29
2026-04-18T10:00:58Z,2026-04-18,2,17,10,58.82
2026-04-18T10:00:58Z,2026-04-18,3,17,8,47.06
2026-04-18T10:05:57Z,2026-04-18,1,17,6,35.29
2026-04-18T10:05:57Z,2026-04-18,2,17,10,58.82
2026-04-18T10:05:57Z,2026-04-18,3,17,8,47.06
2026-04-18T10:45:48Z,2026-04-18,1,17,6,35.29
2026-04-18T10:45:48Z,2026-04-18,2,17,10,58.82
2026-04-18T10:45:48Z,2026-04-18,3,17,8,47.06
2026-04-18T10:55:47Z,2026-04-18,1,17,6,35.29
2026-04-18T10:55:47Z,2026-04-18,2,17,10,58.82
2026-04-18T10:55:47Z,2026-04-18,3,17,8,47.06
2026-04-18T11:00:59Z,2026-04-18,1,17,6,35.29
2026-04-18T11:00:59Z,2026-04-18,2,17,10,58.82
2026-04-18T11:00:59Z,2026-04-18,3,17,8,47.06
2026-04-18T11:10:52Z,2026-04-18,1,17,6,35.29
2026-04-18T11:10:52Z,2026-04-18,2,17,10,58.82
2026-04-18T11:10:52Z,2026-04-18,3,17,8,47.06
2026-04-18T11:15:50Z,2026-04-18,1,17,6,35.29
2026-04-18T11:15:50Z,2026-04-18,2,17,10,58.82
2026-04-18T11:15:50Z,2026-04-18,3,17,8,47.06
2026-04-18T11:20:50Z,2026-04-18,1,17,6,35.29
2026-04-18T11:20:50Z,2026-04-18,2,17,10,58.82
2026-04-18T11:20:50Z,2026-04-18,3,17,8,47.06
2026-04-18T11:25:49Z,2026-04-18,1,17,6,35.29
2026-04-18T11:25:49Z,2026-04-18,2,17,10,58.82
2026-04-18T11:25:49Z,2026-04-18,3,17,8,47.06
2026-04-18T11:35:54Z,2026-04-18,1,17,6,35.29
2026-04-18T11:35:54Z,2026-04-18,2,17,10,58.82
2026-04-18T11:35:54Z,2026-04-18,3,17,8,47.06
2026-04-18T11:45:50Z,2026-04-18,1,17,6,35.29
2026-04-18T11:45:50Z,2026-04-18,2,17,10,58.82
2026-04-18T11:45:50Z,2026-04-18,3,17,8,47.06
2026-04-18T11:50:50Z,2026-04-18,1,17,6,35.29
2026-04-18T11:50:50Z,2026-04-18,2,17,10,58.82
2026-04-18T11:50:50Z,2026-04-18,3,17,8,47.06
2026-04-18T11:55:56Z,2026-04-18,1,17,6,35.29
2026-04-18T11:55:56Z,2026-04-18,2,17,10,58.82
2026-04-18T11:55:56Z,2026-04-18,3,17,8,47.06
2026-04-18T12:15:50Z,2026-04-18,1,17,6,35.29
2026-04-18T12:15:50Z,2026-04-18,2,17,10,58.82
2026-04-18T12:15:50Z,2026-04-18,3,17,8,47.06
2026-04-18T12:25:56Z,2026-04-18,1,17,6,35.29
2026-04-18T12:25:56Z,2026-04-18,2,17,10,58.82
2026-04-18T12:25:56Z,2026-04-18,3,17,9,52.94
2026-04-18T12:30:51Z,2026-04-18,1,17,6,35.29
2026-04-18T12:30:51Z,2026-04-18,2,17,10,58.82
2026-04-18T12:30:51Z,2026-04-18,3,17,9,52.94
2026-04-18T12:35:53Z,2026-04-18,1,17,6,35.29
2026-04-18T12:35:53Z,2026-04-18,2,17,10,58.82
2026-04-18T12:35:53Z,2026-04-18,3,17,9,52.94
2026-04-18T12:40:53Z,2026-04-18,1,17,6,35.29
2026-04-18T12:40:53Z,2026-04-18,2,17,10,58.82
2026-04-18T12:40:53Z,2026-04-18,3,17,9,52.94
2026-04-18T13:00:58Z,2026-04-18,1,17,7.5,44.12
2026-04-18T13:00:58Z,2026-04-18,2,17,11.5,67.65
2026-04-18T13:00:58Z,2026-04-18,3,17,9,52.94
2026-04-18T13:05:48Z,2026-04-18,1,17,6,35.29
2026-04-18T13:05:48Z,2026-04-18,2,17,11.5,67.65
2026-04-18T13:05:48Z,2026-04-18,3,17,9,52.94
2026-04-18T13:15:54Z,2026-04-18,1,17,6,35.29
2026-04-18T13:15:54Z,2026-04-18,2,17,11.5,67.65
2026-04-18T13:15:54Z,2026-04-18,3,17,9,52.94
2026-04-18T13:20:50Z,2026-04-18,1,17,6,35.29
2026-04-18T13:20:50Z,2026-04-18,2,17,11.5,67.65
2026-04-18T13:20:50Z,2026-04-18,3,17,9,52.94
2026-04-18T13:25:49Z,2026-04-18,1,17,6,35.29
2026-04-18T13:25:49Z,2026-04-18,2,17,11.5,67.65
2026-04-18T13:25:49Z,2026-04-18,3,17,9,52.94
2026-04-18T13:40:58Z,2026-04-18,1,17,6,35.29
2026-04-18T13:40:58Z,2026-04-18,2,17,11.5,67.65
2026-04-18T13:40:58Z,2026-04-18,3,17,9,52.94
2026-04-18T13:45:53Z,2026-04-18,1,17,6,35.29
2026-04-18T13:45:53Z,2026-04-18,2,17,11.5,67.65
2026-04-18T13:45:53Z,2026-04-18,3,17,9,52.94
2026-04-18T13:55:51Z,2026-04-18,1,17,6,35.29
2026-04-18T13:55:51Z,2026-04-18,2,17,11.5,67.65
2026-04-18T13:55:51Z,2026-04-18,3,17,9,52.94
2026-04-18T14:10:50Z,2026-04-18,1,17,6,35.29
2026-04-18T14:10:50Z,2026-04-18,2,17,11.5,67.65
2026-04-18T14:10:50Z,2026-04-18,3,17,9,52.94
2026-04-18T14:25:52Z,2026-04-18,1,17,6,35.29
2026-04-18T14:25:52Z,2026-04-18,2,17,11.5,67.65
2026-04-18T14:25:52Z,2026-04-18,3,17,9,52.94
2026-04-18T14:40:50Z,2026-04-18,1,17,6,35.29
2026-04-18T14:40:50Z,2026-04-18,2,17,11.5,67.65
2026-04-18T14:40:50Z,2026-04-18,3,17,9,52.94
2026-04-18T14:45:55Z,2026-04-18,1,17,6,35.29
2026-04-18T14:45:55Z,2026-04-18,2,17,11.5,67.65
2026-04-18T14:45:55Z,2026-04-18,3,17,9,52.94
2026-04-18T15:00:54Z,2026-04-18,1,17,6,35.29
2026-04-18T15:00:54Z,2026-04-18,2,17,11.5,67.65
2026-04-18T15:00:54Z,2026-04-18,3,17,9,52.94
2026-04-18T15:05:57Z,2026-04-18,1,17,6,35.29
2026-04-18T15:05:57Z,2026-04-18,2,17,11.5,67.65
2026-04-18T15:05:57Z,2026-04-18,3,17,9,52.94
2026-04-18T15:25:50Z,2026-04-18,1,17,6,35.29
2026-04-18T15:25:50Z,2026-04-18,2,17,11.5,67.65
2026-04-18T15:25:50Z,2026-04-18,3,17,9,52.94
2026-04-18T15:30:51Z,2026-04-18,1,17,6,35.29
2026-04-18T15:30:51Z,2026-04-18,2,17,11.5,67.65
2026-04-18T15:30:51Z,2026-04-18,3,17,9,52.94
2026-04-18T15:35:49Z,2026-04-18,1,17,6,35.29
2026-04-18T15:35:49Z,2026-04-18,2,17,11.5,67.65
2026-04-18T15:35:49Z,2026-04-18,3,17,9,52.94
2026-04-18T15:45:53Z,2026-04-18,1,17,6,35.29
2026-04-18T15:45:53Z,2026-04-18,2,17,11.5,67.65
2026-04-18T15:45:53Z,2026-04-18,3,17,9,52.94
2026-04-18T15:55:48Z,2026-04-18,1,17,6,35.29
2026-04-18T15:55:48Z,2026-04-18,2,17,11.5,67.65
2026-04-18T15:55:48Z,2026-04-18,3,17,9,52.94
2026-04-18T16:20:57Z,2026-04-18,1,17,6,35.29
2026-04-18T16:20:57Z,2026-04-18,2,17,11.5,67.65
2026-04-18T16:20:57Z,2026-04-18,3,17,9,52.94
2026-04-18T16:40:50Z,2026-04-18,1,17,6,35.29
2026-04-18T16:40:50Z,2026-04-18,2,17,11.5,67.65
2026-04-18T16:40:50Z,2026-04-18,3,17,9,52.94
2026-04-18T16:45:48Z,2026-04-18,1,17,6,35.29
2026-04-18T16:45:48Z,2026-04-18,2,17,11.5,67.65
2026-04-18T16:45:48Z,2026-04-18,3,17,9,52.94
2026-04-18T16:50:51Z,2026-04-18,1,17,6,35.29
2026-04-18T16:50:51Z,2026-04-18,2,17,11.5,67.65
2026-04-18T16:50:51Z,2026-04-18,3,17,9,52.94
2026-04-18T16:55:54Z,2026-04-18,1,17,6,35.29
2026-04-18T16:55:54Z,2026-04-18,2,17,11.5,67.65
2026-04-18T16:55:54Z,2026-04-18,3,17,9,52.94
2026-04-18T17:11:01Z,2026-04-18,1,17,6,35.29
2026-04-18T17:11:01Z,2026-04-18,2,17,11.5,67.65
2026-04-18T17:11:01Z,2026-04-18,3,17,9,52.94
2026-04-18T17:15:49Z,2026-04-18,1,17,6,35.29
2026-04-18T17:15:49Z,2026-04-18,2,17,11.5,67.65
2026-04-18T17:15:49Z,2026-04-18,3,17,9,52.94
2026-04-18T17:20:50Z,2026-04-18,1,17,6,35.29
2026-04-18T17:20:50Z,2026-04-18,2,17,11.5,67.65
2026-04-18T17:20:50Z,2026-04-18,3,17,9,52.94
2026-04-18T17:30:56Z,2026-04-18,1,17,6,35.29
2026-04-18T17:30:56Z,2026-04-18,2,17,11.5,67.65
2026-04-18T17:30:56Z,2026-04-18,3,17,9,52.94
2026-04-18T17:40:51Z,2026-04-18,1,17,6,35.29
2026-04-18T17:40:51Z,2026-04-18,2,17,11.5,67.65
2026-04-18T17:40:51Z,2026-04-18,3,17,9,52.94
2026-04-18T17:45:53Z,2026-04-18,1,17,6,35.29
2026-04-18T17:45:53Z,2026-04-18,2,17,11.5,67.65
2026-04-18T17:45:53Z,2026-04-18,3,17,9,52.94
2026-04-18T18:20:52Z,2026-04-18,1,17,6,35.29
2026-04-18T18:20:52Z,2026-04-18,2,17,11.5,67.65
2026-04-18T18:20:52Z,2026-04-18,3,17,9,52.94
2026-04-18T18:40:52Z,2026-04-18,1,17,6,35.29
2026-04-18T18:40:52Z,2026-04-18,2,17,11.5,67.65
2026-04-18T18:40:52Z,2026-04-18,3,17,9,52.94
2026-04-18T18:50:50Z,2026-04-18,1,17,6,35.29
2026-04-18T18:50:50Z,2026-04-18,2,17,11.5,67.65
2026-04-18T18:50:50Z,2026-04-18,3,17,9,52.94
2026-04-18T18:55:52Z,2026-04-18,1,17,6,35.29
2026-04-18T18:55:52Z,2026-04-18,2,17,11.5,67.65
2026-04-18T18:55:52Z,2026-04-18,3,17,9,52.94
2026-04-18T19:05:53Z,2026-04-18,1,17,6,35.29
2026-04-18T19:05:53Z,2026-04-18,2,17,11.5,67.65
2026-04-18T19:05:53Z,2026-04-18,3,17,9,52.94
2026-04-18T19:45:53Z,2026-04-18,1,17,6,35.29
2026-04-18T19:45:53Z,2026-04-18,2,17,11.5,67.65
2026-04-18T19:45:53Z,2026-04-18,3,17,9,52.94
2026-04-18T19:50:51Z,2026-04-18,1,17,6,35.29
2026-04-18T19:50:51Z,2026-04-18,2,17,11.5,67.65
2026-04-18T19:50:51Z,2026-04-18,3,17,9,52.94
2026-04-18T19:55:50Z,2026-04-18,1,17,6,35.29
2026-04-18T19:55:50Z,2026-04-18,2,17,11.5,67.65
2026-04-18T19:55:50Z,2026-04-18,3,17,9,52.94
2026-04-18T20:00:54Z,2026-04-18,1,17,6,35.29
2026-04-18T20:00:54Z,2026-04-18,2,17,11.5,67.65
2026-04-18T20:00:54Z,2026-04-18,3,17,9,52.94
2026-04-18T20:05:51Z,2026-04-18,1,17,7.5,44.12
2026-04-18T20:05:51Z,2026-04-18,2,17,11.5,67.65
2026-04-18T20:05:51Z,2026-04-18,3,17,9,52.94
2026-04-18T20:10:53Z,2026-04-18,1,17,7.5,44.12
2026-04-18T20:10:53Z,2026-04-18,2,17,11.5,67.65
2026-04-18T20:10:53Z,2026-04-18,3,17,9,52.94
2026-04-18T20:30:59Z,2026-04-18,1,17,7.5,44.12
2026-04-18T20:30:59Z,2026-04-18,2,17,11.5,67.65
2026-04-18T20:30:59Z,2026-04-18,3,17,9,52.94
2026-04-18T20:50:46Z,2026-04-18,1,17,7.5,44.12
2026-04-18T20:50:46Z,2026-04-18,2,17,11.5,67.65
2026-04-18T20:50:46Z,2026-04-18,3,17,9,52.94
2026-04-18T21:01:04Z,2026-04-18,1,17,7.5,44.12
2026-04-18T21:01:04Z,2026-04-18,2,17,11.5,67.65
2026-04-18T21:01:04Z,2026-04-18,3,17,9,52.94
2026-04-18T21:10:50Z,2026-04-18,1,17,7.5,44.12
2026-04-18T21:10:50Z,2026-04-18,2,17,11.5,67.65
2026-04-18T21:10:50Z,2026-04-18,3,17,9,52.94
2026-04-18T21:15:50Z,2026-04-18,1,17,7.5,44.12
2026-04-18T21:15:50Z,2026-04-18,2,17,11.5,67.65
2026-04-18T21:15:50Z,2026-04-18,3,17,9,52.94
2026-04-18T21:20:49Z,2026-04-18,1,17,7.5,44.12
2026-04-18T21:20:49Z,2026-04-18,2,17,11.5,67.65
2026-04-18T21:20:49Z,2026-04-18,3,17,9,52.94
2026-04-18T21:25:48Z,2026-04-18,1,17,7.5,44.12
2026-04-18T21:25:48Z,2026-04-18,2,17,11.5,67.65
2026-04-18T21:25:48Z,2026-04-18,3,17,9,52.94
2026-04-18T21:40:53Z,2026-04-18,1,17,7.5,44.12
2026-04-18T21:40:53Z,2026-04-18,2,17,11.5,67.65
2026-04-18T21:40:53Z,2026-04-18,3,17,9,52.94
2026-04-18T21:45:55Z,2026-04-18,1,17,7.5,44.12
2026-04-18T21:45:55Z,2026-04-18,2,17,11.5,67.65
2026-04-18T21:45:55Z,2026-04-18,3,17,9,52.94
2026-04-18T21:50:54Z,2026-04-18,1,17,7.5,44.12
2026-04-18T21:50:54Z,2026-04-18,2,17,11.5,67.65
2026-04-18T21:50:54Z,2026-04-18,3,17,9,52.94
2026-04-18T22:05:55Z,2026-04-18,1,17,7.5,44.12
2026-04-18T22:05:55Z,2026-04-18,2,17,11.5,67.65
2026-04-18T22:05:55Z,2026-04-18,3,17,9,52.94
2026-04-18T22:11:00Z,2026-04-18,1,17,7.5,44.12
2026-04-18T22:11:00Z,2026-04-18,2,17,11.5,67.65
2026-04-18T22:11:00Z,2026-04-18,3,17,9,52.94
2026-04-18T22:27:34Z,2026-04-18,1,17,7.5,44.12
2026-04-18T22:27:34Z,2026-04-18,2,17,11.5,67.65
2026-04-18T22:27:34Z,2026-04-18,3,17,9,52.94
2026-04-18T22:46:01Z,2026-04-18,1,17,7.5,44.12
2026-04-18T22:46:01Z,2026-04-18,2,17,11.5,67.65
2026-04-18T22:46:01Z,2026-04-18,3,17,9,52.94
2026-04-18T22:50:49Z,2026-04-18,1,17,7.5,44.12
2026-04-18T22:50:49Z,2026-04-18,2,17,11.5,67.65
2026-04-18T22:50:49Z,2026-04-18,3,17,9,52.94
2026-04-18T22:55:53Z,2026-04-18,1,17,7.5,44.12
2026-04-18T22:55:53Z,2026-04-18,2,17,11.5,67.65
2026-04-18T22:55:53Z,2026-04-18,3,17,9,52.94
2026-04-18T23:05:49Z,2026-04-18,1,17,7.5,44.12
2026-04-18T23:05:49Z,2026-04-18,2,17,11.5,67.65
2026-04-18T23:05:49Z,2026-04-18,3,17,9,52.94
2026-04-18T23:10:50Z,2026-04-18,1,17,7.5,44.12
2026-04-18T23:10:50Z,2026-04-18,2,17,11.5,67.65
2026-04-18T23:10:50Z,2026-04-18,3,17,9,52.94
2026-04-18T23:15:56Z,2026-04-18,1,17,7.5,44.12
2026-04-18T23:15:56Z,2026-04-18,2,17,11.5,67.65
2026-04-18T23:15:56Z,2026-04-18,3,17,9,52.94
2026-04-18T23:20:50Z,2026-04-18,1,17,7.5,44.12
2026-04-18T23:20:50Z,2026-04-18,2,17,11.5,67.65
2026-04-18T23:20:50Z,2026-04-18,3,17,9,52.94
2026-04-18T23:30:56Z,2026-04-18,1,17,7.5,44.12
2026-04-18T23:30:56Z,2026-04-18,2,17,11.5,67.65
2026-04-18T23:30:56Z,2026-04-18,3,17,9,52.94
2026-04-18T23:35:51Z,2026-04-18,1,17,7.5,44.12
2026-04-18T23:35:51Z,2026-04-18,2,17,11.5,67.65
2026-04-18T23:35:51Z,2026-04-18,3,17,9,52.94
2026-04-18T23:45:53Z,2026-04-18,1,17,7.5,44.12
2026-04-18T23:45:53Z,2026-04-18,2,17,11.5,67.65
2026-04-18T23:45:53Z,2026-04-18,3,17,9,52.94
2026-04-18T23:50:49Z,2026-04-18,1,17,7.5,44.12
2026-04-18T23:50:49Z,2026-04-18,2,17,11.5,67.65
2026-04-18T23:50:49Z,2026-04-18,3,17,9,52.94
2026-04-19T00:20:56Z,2026-04-19,1,17,4,23.53
2026-04-19T00:20:56Z,2026-04-19,2,17,4,23.53
2026-04-19T00:20:56Z,2026-04-19,3,17,12,70.59
2026-04-19T00:25:49Z,2026-04-19,1,17,4,23.53
2026-04-19T00:25:49Z,2026-04-19,2,17,4,23.53
2026-04-19T00:25:49Z,2026-04-19,3,17,12,70.59
2026-04-19T00:35:52Z,2026-04-19,1,17,4,23.53
2026-04-19T00:35:52Z,2026-04-19,2,17,4,23.53
2026-04-19T00:35:52Z,2026-04-19,3,17,12,70.59
2026-04-19T00:45:55Z,2026-04-19,1,17,4,23.53
2026-04-19T00:45:55Z,2026-04-19,2,17,4,23.53
2026-04-19T00:45:55Z,2026-04-19,3,17,12,70.59
2026-04-19T00:50:50Z,2026-04-19,1,17,4,23.53
2026-04-19T00:50:50Z,2026-04-19,2,17,4,23.53
2026-04-19T00:50:50Z,2026-04-19,3,17,12,70.59
2026-04-19T00:55:59Z,2026-04-19,1,17,4,23.53
2026-04-19T00:55:59Z,2026-04-19,2,17,4,23.53
2026-04-19T00:55:59Z,2026-04-19,3,17,12,70.59
2026-04-19T09:00:57Z,2026-04-19,1,17,4,23.53
2026-04-19T09:00:57Z,2026-04-19,2,17,4,23.53
2026-04-19T09:00:57Z,2026-04-19,3,17,12,70.59
2026-04-19T09:10:49Z,2026-04-19,1,17,4,23.53
2026-04-19T09:10:49Z,2026-04-19,2,17,4,23.53
2026-04-19T09:10:49Z,2026-04-19,3,17,12,70.59
2026-04-19T09:29:26Z,2026-04-19,1,17,4,23.53
2026-04-19T09:29:26Z,2026-04-19,2,17,4,23.53
2026-04-19T09:29:26Z,2026-04-19,3,17,12,70.59
2026-04-19T09:35:51Z,2026-04-19,1,17,4,23.53
2026-04-19T09:35:51Z,2026-04-19,2,17,4,23.53
2026-04-19T09:35:51Z,2026-04-19,3,17,12,70.59
2026-04-19T09:40:55Z,2026-04-19,1,17,4,23.53
2026-04-19T09:40:55Z,2026-04-19,2,17,4,23.53
2026-04-19T09:40:55Z,2026-04-19,3,17,12,70.59
2026-04-19T09:50:53Z,2026-04-19,1,17,4,23.53
2026-04-19T09:50:53Z,2026-04-19,2,17,4,23.53
2026-04-19T09:50:53Z,2026-04-19,3,17,12,70.59
2026-04-19T09:55:49Z,2026-04-19,1,17,4,23.53
2026-04-19T09:55:49Z,2026-04-19,2,17,4,23.53
2026-04-19T09:55:49Z,2026-04-19,3,17,12,70.59
2026-04-19T10:05:48Z,2026-04-19,1,17,4,23.53
2026-04-19T10:05:48Z,2026-04-19,2,17,4,23.53
2026-04-19T10:05:48Z,2026-04-19,3,17,12,70.59
2026-04-19T10:15:52Z,2026-04-19,1,17,4,23.53
2026-04-19T10:15:52Z,2026-04-19,2,17,4,23.53
2026-04-19T10:15:52Z,2026-04-19,3,17,12,70.59
2026-04-19T10:25:50Z,2026-04-19,1,17,4,23.53
2026-04-19T10:25:50Z,2026-04-19,2,17,4,23.53
2026-04-19T10:25:50Z,2026-04-19,3,17,12,70.59
2026-04-19T10:30:56Z,2026-04-19,1,17,4,23.53
2026-04-19T10:30:56Z,2026-04-19,2,17,4,23.53
2026-04-19T10:30:56Z,2026-04-19,3,17,12,70.59
2026-04-19T10:50:51Z,2026-04-19,1,17,4,23.53
2026-04-19T10:50:51Z,2026-04-19,2,17,4,23.53
2026-04-19T10:50:51Z,2026-04-19,3,17,12,70.59
2026-04-19T10:55:49Z,2026-04-19,1,17,4,23.53
2026-04-19T10:55:49Z,2026-04-19,2,17,4,23.53
2026-04-19T10:55:49Z,2026-04-19,3,17,12,70.59
2026-04-19T10:59:54Z,2026-04-19,1,17,4,23.53
2026-04-19T10:59:54Z,2026-04-19,2,17,4,23.53
2026-04-19T10:59:54Z,2026-04-19,3,17,12,70.59
2026-04-19T11:15:48Z,2026-04-19,1,17,4,23.53
2026-04-19T11:15:48Z,2026-04-19,2,17,4,23.53
2026-04-19T11:15:48Z,2026-04-19,3,17,12,70.59
2026-04-19T11:20:50Z,2026-04-19,1,17,4,23.53
2026-04-19T11:20:50Z,2026-04-19,2,17,4,23.53
2026-04-19T11:20:50Z,2026-04-19,3,17,12,70.59
2026-04-19T11:25:49Z,2026-04-19,1,17,4,23.53
2026-04-19T11:25:49Z,2026-04-19,2,17,4,23.53
2026-04-19T11:25:49Z,2026-04-19,3,17,12,70.59
2026-04-19T11:40:48Z,2026-04-19,1,17,4,23.53
2026-04-19T11:40:48Z,2026-04-19,2,17,4,23.53
2026-04-19T11:40:48Z,2026-04-19,3,17,12,70.59
2026-04-19T11:50:47Z,2026-04-19,1,17,4,23.53
2026-04-19T11:50:47Z,2026-04-19,2,17,4,23.53
2026-04-19T11:50:47Z,2026-04-19,3,17,12,70.59
2026-04-19T12:20:54Z,2026-04-19,1,17,4,23.53
2026-04-19T12:20:54Z,2026-04-19,2,17,4,23.53
2026-04-19T12:20:54Z,2026-04-19,3,17,12,70.59
2026-04-19T12:40:51Z,2026-04-19,1,17,4,23.53
2026-04-19T12:40:51Z,2026-04-19,2,17,4,23.53
2026-04-19T12:40:51Z,2026-04-19,3,17,12,70.59
2026-04-19T12:55:53Z,2026-04-19,1,17,4,23.53
2026-04-19T12:55:53Z,2026-04-19,2,17,4,23.53
2026-04-19T12:55:53Z,2026-04-19,3,17,12,70.59
2026-04-19T13:26:00Z,2026-04-19,1,17,4,23.53
2026-04-19T13:26:00Z,2026-04-19,2,17,4,23.53
2026-04-19T13:26:00Z,2026-04-19,3,17,12,70.59
2026-04-19T13:30:53Z,2026-04-19,1,17,4,23.53
2026-04-19T13:30:53Z,2026-04-19,2,17,4,23.53
2026-04-19T13:30:53Z,2026-04-19,3,17,12,70.59
2026-04-19T14:05:58Z,2026-04-19,1,17,4,23.53
2026-04-19T14:05:58Z,2026-04-19,2,17,4,23.53
2026-04-19T14:05:58Z,2026-04-19,3,17,12,70.59
2026-04-19T14:15:48Z,2026-04-19,1,17,4,23.53
2026-04-19T14:15:48Z,2026-04-19,2,17,4,23.53
2026-04-19T14:15:48Z,2026-04-19,3,17,12,70.59
2026-04-19T14:25:50Z,2026-04-19,1,17,4,23.53
2026-04-19T14:25:50Z,2026-04-19,2,17,4,23.53
2026-04-19T14:25:50Z,2026-04-19,3,17,12,70.59
2026-04-19T14:30:56Z,2026-04-19,1,17,4,23.53
2026-04-19T14:30:56Z,2026-04-19,2,17,4,23.53
2026-04-19T14:30:56Z,2026-04-19,3,17,12,70.59
2026-04-19T14:40:51Z,2026-04-19,1,17,4,23.53
2026-04-19T14:40:51Z,2026-04-19,2,17,4,23.53
2026-04-19T14:40:51Z,2026-04-19,3,17,12,70.59
2026-04-19T14:50:49Z,2026-04-19,1,17,4,23.53
2026-04-19T14:50:49Z,2026-04-19,2,17,4,23.53
2026-04-19T14:50:49Z,2026-04-19,3,17,12,70.59
2026-04-19T14:55:50Z,2026-04-19,1,17,4,23.53
2026-04-19T14:55:50Z,2026-04-19,2,17,4,23.53
2026-04-19T14:55:50Z,2026-04-19,3,17,12,70.59
2026-04-19T15:00:58Z,2026-04-19,1,17,4,23.53
2026-04-19T15:00:58Z,2026-04-19,2,17,4,23.53
2026-04-19T15:00:58Z,2026-04-19,3,17,12,70.59
2026-04-19T15:05:48Z,2026-04-19,1,17,4,23.53
2026-04-19T15:05:48Z,2026-04-19,2,17,4,23.53
2026-04-19T15:05:48Z,2026-04-19,3,17,12,70.59
2026-04-19T15:30:58Z,2026-04-19,1,17,4,23.53
2026-04-19T15:30:58Z,2026-04-19,2,17,4,23.53
2026-04-19T15:30:58Z,2026-04-19,3,17,12,70.59
2026-04-19T15:45:54Z,2026-04-19,1,17,4,23.53
2026-04-19T15:45:54Z,2026-04-19,2,17,4,23.53
2026-04-19T15:45:54Z,2026-04-19,3,17,12,70.59
2026-04-19T15:50:54Z,2026-04-19,1,17,4,23.53
2026-04-19T15:50:54Z,2026-04-19,2,17,4,23.53
2026-04-19T15:50:54Z,2026-04-19,3,17,12,70.59
2026-04-19T16:01:00Z,2026-04-19,1,17,4,23.53
2026-04-19T16:01:00Z,2026-04-19,2,17,4,23.53
2026-04-19T16:01:00Z,2026-04-19,3,17,12,70.59
2026-04-19T16:25:52Z,2026-04-19,1,17,4,23.53
2026-04-19T16:25:52Z,2026-04-19,2,17,4,23.53
2026-04-19T16:25:52Z,2026-04-19,3,17,12,70.59
2026-04-19T16:45:52Z,2026-04-19,1,17,4,23.53
2026-04-19T16:45:52Z,2026-04-19,2,17,4,23.53
2026-04-19T16:45:52Z,2026-04-19,3,17,12,70.59
2026-04-19T16:55:50Z,2026-04-19,1,17,4,23.53
2026-04-19T16:55:50Z,2026-04-19,2,17,4,23.53
2026-04-19T16:55:50Z,2026-04-19,3,17,12,70.59
2026-04-19T17:01:06Z,2026-04-19,1,17,4,23.53
2026-04-19T17:01:06Z,2026-04-19,2,17,4,23.53
2026-04-19T17:01:06Z,2026-04-19,3,17,12,70.59
2026-04-19T17:05:54Z,2026-04-19,1,17,4,23.53
2026-04-19T17:05:54Z,2026-04-19,2,17,4,23.53
2026-04-19T17:05:54Z,2026-04-19,3,17,12,70.59
2026-04-19T17:15:49Z,2026-04-19,1,17,4,23.53
2026-04-19T17:15:49Z,2026-04-19,2,17,4,23.53
2026-04-19T17:15:49Z,2026-04-19,3,17,12,70.59
2026-04-19T17:25:55Z,2026-04-19,1,17,4,23.53
2026-04-19T17:25:55Z,2026-04-19,2,17,4,23.53
2026-04-19T17:25:55Z,2026-04-19,3,17,12,70.59
2026-04-19T17:50:52Z,2026-04-19,1,17,4,23.53
2026-04-19T17:50:52Z,2026-04-19,2,17,4,23.53
2026-04-19T17:50:52Z,2026-04-19,3,17,12,70.59
2026-04-19T18:05:58Z,2026-04-19,1,17,4,23.53
2026-04-19T18:05:58Z,2026-04-19,2,17,4,23.53
2026-04-19T18:05:58Z,2026-04-19,3,17,12,70.59
2026-04-19T18:30:56Z,2026-04-19,1,17,4,23.53
2026-04-19T18:30:56Z,2026-04-19,2,17,4,23.53
2026-04-19T18:30:56Z,2026-04-19,3,17,12,70.59
2026-04-19T19:05:53Z,2026-04-19,1,17,4,23.53
2026-04-19T19:05:53Z,2026-04-19,2,17,4,23.53
2026-04-19T19:05:53Z,2026-04-19,3,17,12,70.59
2026-04-19T19:10:56Z,2026-04-19,1,17,4,23.53
2026-04-19T19:10:56Z,2026-04-19,2,17,4,23.53
2026-04-19T19:10:56Z,2026-04-19,3,17,12,70.59
2026-04-19T19:20:50Z,2026-04-19,1,17,4,23.53
2026-04-19T19:20:50Z,2026-04-19,2,17,4,23.53
2026-04-19T19:20:50Z,2026-04-19,3,17,12,70.59
2026-04-19T19:30:51Z,2026-04-19,1,17,4,23.53
2026-04-19T19:30:51Z,2026-04-19,2,17,4,23.53
2026-04-19T19:30:51Z,2026-04-19,3,17,12,70.59
2026-04-19T19:35:48Z,2026-04-19,1,17,4,23.53
2026-04-19T19:35:48Z,2026-04-19,2,17,4,23.53
2026-04-19T19:35:48Z,2026-04-19,3,17,12,70.59
2026-04-19T19:50:53Z,2026-04-19,1,17,4,23.53
2026-04-19T19:50:53Z,2026-04-19,2,17,4,23.53
2026-04-19T19:50:53Z,2026-04-19,3,17,12,70.59
2026-04-19T19:55:49Z,2026-04-19,1,17,4,23.53
2026-04-19T19:55:49Z,2026-04-19,2,17,4,23.53
2026-04-19T19:55:49Z,2026-04-19,3,17,12,70.59
2026-04-19T20:05:50Z,2026-04-19,1,17,4,23.53
2026-04-19T20:05:50Z,2026-04-19,2,17,4,23.53
2026-04-19T20:05:50Z,2026-04-19,3,17,12,70.59
2026-04-19T20:20:53Z,2026-04-19,1,17,4,23.53
2026-04-19T20:20:53Z,2026-04-19,2,17,4,23.53
2026-04-19T20:20:53Z,2026-04-19,3,17,12,70.59
2026-04-19T20:26:02Z,2026-04-19,1,17,4,23.53
2026-04-19T20:26:02Z,2026-04-19,2,17,4,23.53
2026-04-19T20:26:02Z,2026-04-19,3,17,12,70.59
2026-04-19T20:50:57Z,2026-04-19,1,17,4,23.53
2026-04-19T20:50:57Z,2026-04-19,2,17,4,23.53
2026-04-19T20:50:57Z,2026-04-19,3,17,12,70.59
2026-04-19T21:10:51Z,2026-04-19,1,17,4,23.53
2026-04-19T21:10:51Z,2026-04-19,2,17,4,23.53
2026-04-19T21:10:51Z,2026-04-19,3,17,12,70.59
2026-04-19T21:20:52Z,2026-04-19,1,17,4,23.53
2026-04-19T21:20:52Z,2026-04-19,2,17,4,23.53
2026-04-19T21:20:52Z,2026-04-19,3,17,12,70.59
2026-04-19T21:25:48Z,2026-04-19,1,17,4,23.53
2026-04-19T21:25:48Z,2026-04-19,2,17,4,23.53
2026-04-19T21:25:48Z,2026-04-19,3,17,12,70.59
2026-04-19T21:35:51Z,2026-04-19,1,17,4,23.53
2026-04-19T21:35:51Z,2026-04-19,2,17,4,23.53
2026-04-19T21:35:51Z,2026-04-19,3,17,12,70.59
2026-04-19T21:40:55Z,2026-04-19,1,17,4,23.53
2026-04-19T21:40:55Z,2026-04-19,2,17,4,23.53
2026-04-19T21:40:55Z,2026-04-19,3,17,12,70.59
2026-04-19T21:50:50Z,2026-04-19,1,17,4,23.53
2026-04-19T21:50:50Z,2026-04-19,2,17,4,23.53
2026-04-19T21:50:50Z,2026-04-19,3,17,12,70.59
2026-04-19T21:55:47Z,2026-04-19,1,17,4,23.53
2026-04-19T21:55:47Z,2026-04-19,2,17,4,23.53
2026-04-19T21:55:47Z,2026-04-19,3,17,12,70.59
2026-04-19T22:15:58Z,2026-04-19,1,17,4,23.53
2026-04-19T22:15:58Z,2026-04-19,2,17,4,23.53
2026-04-19T22:15:58Z,2026-04-19,3,17,12,70.59
2026-04-19T22:25:53Z,2026-04-19,1,17,4,23.53
2026-04-19T22:25:53Z,2026-04-19,2,17,4,23.53
2026-04-19T22:25:53Z,2026-04-19,3,17,12,70.59
2026-04-19T22:35:48Z,2026-04-19,1,17,4,23.53
2026-04-19T22:35:48Z,2026-04-19,2,17,4,23.53
2026-04-19T22:35:48Z,2026-04-19,3,17,12,70.59
2026-04-19T22:40:54Z,2026-04-19,1,17,4,23.53
2026-04-19T22:40:54Z,2026-04-19,2,17,4,23.53
2026-04-19T22:40:54Z,2026-04-19,3,17,12,70.59
2026-04-19T22:45:56Z,2026-04-19,1,17,4,23.53
2026-04-19T22:45:56Z,2026-04-19,2,17,4,23.53
2026-04-19T22:45:56Z,2026-04-19,3,17,12,70.59
2026-04-19T23:06:02Z,2026-04-19,1,17,4,23.53
2026-04-19T23:06:02Z,2026-04-19,2,17,4,23.53
2026-04-19T23:06:02Z,2026-04-19,3,17,12,70.59
2026-04-19T23:10:54Z,2026-04-19,1,17,4,23.53
2026-04-19T23:10:54Z,2026-04-19,2,17,4,23.53
2026-04-19T23:10:54Z,2026-04-19,3,17,12,70.59
2026-04-19T23:20:54Z,2026-04-19,1,17,4,23.53
2026-04-19T23:20:54Z,2026-04-19,2,17,4,23.53
2026-04-19T23:20:54Z,2026-04-19,3,17,12,70.59
2026-04-19T23:35:54Z,2026-04-19,1,17,4,23.53
2026-04-19T23:35:54Z,2026-04-19,2,17,4,23.53
2026-04-19T23:35:54Z,2026-04-19,3,17,12,70.59
2026-04-19T23:50:49Z,2026-04-19,1,17,4,23.53
2026-04-19T23:50:49Z,2026-04-19,2,17,4,23.53
2026-04-19T23:50:49Z,2026-04-19,3,17,12,70.59
2026-04-20T00:05:57Z,2026-04-20,1,17,6,35.29
2026-04-20T00:05:57Z,2026-04-20,2,17,9,52.94
2026-04-20T00:05:57Z,2026-04-20,3,17,3,17.65
2026-04-20T00:20:54Z,2026-04-20,1,17,6,35.29
2026-04-20T00:20:54Z,2026-04-20,2,17,9,52.94
2026-04-20T00:20:54Z,2026-04-20,3,17,3,17.65
2026-04-20T00:31:13Z,2026-04-20,1,17,6,35.29
2026-04-20T00:31:13Z,2026-04-20,2,17,9,52.94
2026-04-20T00:31:13Z,2026-04-20,3,17,3,17.65
2026-04-20T00:45:50Z,2026-04-20,1,17,6,35.29
2026-04-20T00:45:50Z,2026-04-20,2,17,9,52.94
2026-04-20T00:45:50Z,2026-04-20,3,17,3,17.65
2026-04-20T00:50:56Z,2026-04-20,1,17,6,35.29
2026-04-20T00:50:56Z,2026-04-20,2,17,9,52.94
2026-04-20T00:50:56Z,2026-04-20,3,17,3,17.65
2026-04-25T09:00:59Z,2026-04-25,1,17,4,23.53
2026-04-25T09:00:59Z,2026-04-25,2,17,9,52.94
2026-04-25T09:00:59Z,2026-04-25,3,17,8,47.06
2026-04-25T09:15:50Z,2026-04-25,1,17,4,23.53
2026-04-25T09:15:50Z,2026-04-25,2,17,9,52.94
2026-04-25T09:15:50Z,2026-04-25,3,17,8,47.06
2026-04-25T09:20:48Z,2026-04-25,1,17,4,23.53
2026-04-25T09:20:48Z,2026-04-25,2,17,9,52.94
2026-04-25T09:20:48Z,2026-04-25,3,17,8,47.06
2026-04-25T09:25:53Z,2026-04-25,1,17,4,23.53
2026-04-25T09:25:53Z,2026-04-25,2,17,9,52.94
2026-04-25T09:25:53Z,2026-04-25,3,17,8,47.06
2026-04-25T09:35:49Z,2026-04-25,1,17,4,23.53
2026-04-25T09:35:49Z,2026-04-25,2,17,9,52.94
2026-04-25T09:35:49Z,2026-04-25,3,17,8,47.06
2026-04-25T09:41:08Z,2026-04-25,1,17,4,23.53
2026-04-25T09:41:08Z,2026-04-25,2,17,9,52.94
2026-04-25T09:41:08Z,2026-04-25,3,17,8,47.06
2026-04-25T10:11:07Z,2026-04-25,1,17,4,23.53
2026-04-25T10:11:07Z,2026-04-25,2,17,9,52.94
2026-04-25T10:11:07Z,2026-04-25,3,17,8,47.06
2026-04-25T10:15:50Z,2026-04-25,1,17,4,23.53
2026-04-25T10:15:50Z,2026-04-25,2,17,9,52.94
2026-04-25T10:15:50Z,2026-04-25,3,17,8,47.06
2026-04-25T10:35:46Z,2026-04-25,1,17,4,23.53
2026-04-25T10:35:46Z,2026-04-25,2,17,9,52.94
2026-04-25T10:35:46Z,2026-04-25,3,17,8,47.06
2026-04-25T10:46:12Z,2026-04-25,1,17,4,23.53
2026-04-25T10:46:12Z,2026-04-25,2,17,9,52.94
2026-04-25T10:46:12Z,2026-04-25,3,17,8,47.06
2026-04-25T10:55:48Z,2026-04-25,1,17,4,23.53
2026-04-25T10:55:48Z,2026-04-25,2,17,9,52.94
2026-04-25T10:55:48Z,2026-04-25,3,17,8,47.06
2026-04-25T11:10:48Z,2026-04-25,1,17,4,23.53
2026-04-25T11:10:48Z,2026-04-25,2,17,9,52.94
2026-04-25T11:10:48Z,2026-04-25,3,17,8,47.06
2026-04-25T11:40:52Z,2026-04-25,1,17,4,23.53
2026-04-25T11:40:52Z,2026-04-25,2,17,9,52.94
2026-04-25T11:40:52Z,2026-04-25,3,17,8,47.06
2026-04-25T11:55:53Z,2026-04-25,1,17,4,23.53
2026-04-25T11:55:53Z,2026-04-25,2,17,9,52.94
2026-04-25T11:55:53Z,2026-04-25,3,17,8,47.06
2026-04-25T12:00:48Z,2026-04-25,1,17,4,23.53
2026-04-25T12:00:48Z,2026-04-25,2,17,9,52.94
2026-04-25T12:00:48Z,2026-04-25,3,17,8,47.06
2026-04-25T12:16:00Z,2026-04-25,1,17,4,23.53
2026-04-25T12:16:00Z,2026-04-25,2,17,9,52.94
2026-04-25T12:16:00Z,2026-04-25,3,17,8,47.06
2026-04-25T12:21:20Z,2026-04-25,1,17,4,23.53
2026-04-25T12:21:20Z,2026-04-25,2,17,9,52.94
2026-04-25T12:21:20Z,2026-04-25,3,17,8,47.06
2026-04-25T12:25:51Z,2026-04-25,1,17,4,23.53
2026-04-25T12:25:51Z,2026-04-25,2,17,9,52.94
2026-04-25T12:25:51Z,2026-04-25,3,17,8,47.06
2026-04-25T12:35:50Z,2026-04-25,1,17,4,23.53
2026-04-25T12:35:50Z,2026-04-25,2,17,9,52.94
2026-04-25T12:35:50Z,2026-04-25,3,17,8,47.06
2026-04-25T12:45:50Z,2026-04-25,1,17,4,23.53
2026-04-25T12:45:50Z,2026-04-25,2,17,9,52.94
2026-04-25T12:45:50Z,2026-04-25,3,17,8,47.06
2026-04-25T13:20:54Z,2026-04-25,1,17,4,23.53
2026-04-25T13:20:54Z,2026-04-25,2,17,9,52.94
2026-04-25T13:20:54Z,2026-04-25,3,17,8,47.06
2026-04-25T13:35:53Z,2026-04-25,1,17,4,23.53
2026-04-25T13:35:53Z,2026-04-25,2,17,9,52.94
2026-04-25T13:35:53Z,2026-04-25,3,17,8,47.06
2026-04-25T13:40:56Z,2026-04-25,1,17,4,23.53
2026-04-25T13:40:56Z,2026-04-25,2,17,9,52.94
2026-04-25T13:40:56Z,2026-04-25,3,17,8,47.06
2026-04-25T13:45:51Z,2026-04-25,1,17,4,23.53
2026-04-25T13:45:51Z,2026-04-25,2,17,9,52.94
2026-04-25T13:45:51Z,2026-04-25,3,17,8,47.06
2026-04-25T13:50:52Z,2026-04-25,1,17,4,23.53
2026-04-25T13:50:52Z,2026-04-25,2,17,9,52.94
2026-04-25T13:50:52Z,2026-04-25,3,17,8,47.06
2026-04-25T14:01:02Z,2026-04-25,1,17,4,23.53
2026-04-25T14:01:02Z,2026-04-25,2,17,9,52.94
2026-04-25T14:01:02Z,2026-04-25,3,17,8,47.06
2026-04-25T14:20:52Z,2026-04-25,1,17,4,23.53
2026-04-25T14:20:52Z,2026-04-25,2,17,9,52.94
2026-04-25T14:20:52Z,2026-04-25,3,17,8,47.06
2026-04-25T14:30:55Z,2026-04-25,1,17,4,23.53
2026-04-25T14:30:55Z,2026-04-25,2,17,9,52.94
2026-04-25T14:30:55Z,2026-04-25,3,17,8,47.06
2026-04-25T14:35:56Z,2026-04-25,1,17,4,23.53
2026-04-25T14:35:56Z,2026-04-25,2,17,9,52.94
2026-04-25T14:35:56Z,2026-04-25,3,17,8,47.06
2026-04-25T14:45:50Z,2026-04-25,1,17,4,23.53
2026-04-25T14:45:50Z,2026-04-25,2,17,9,52.94
2026-04-25T14:45:50Z,2026-04-25,3,17,8,47.06
2026-04-25T14:55:49Z,2026-04-25,1,17,4,23.53
2026-04-25T14:55:49Z,2026-04-25,2,17,9,52.94
2026-04-25T14:55:49Z,2026-04-25,3,17,8,47.06
2026-04-25T15:00:57Z,2026-04-25,1,17,4,23.53
2026-04-25T15:00:57Z,2026-04-25,2,17,9,52.94
2026-04-25T15:00:57Z,2026-04-25,3,17,8,47.06
2026-04-25T15:05:49Z,2026-04-25,1,17,4,23.53
2026-04-25T15:05:49Z,2026-04-25,2,17,9,52.94
2026-04-25T15:05:49Z,2026-04-25,3,17,8,47.06
2026-04-25T15:20:57Z,2026-04-25,1,17,4,23.53
2026-04-25T15:20:57Z,2026-04-25,2,17,9,52.94
2026-04-25T15:20:57Z,2026-04-25,3,17,8,47.06
2026-04-25T15:26:01Z,2026-04-25,1,17,4,23.53
2026-04-25T15:26:01Z,2026-04-25,2,17,9,52.94
2026-04-25T15:26:01Z,2026-04-25,3,17,8,47.06
2026-04-25T15:30:53Z,2026-04-25,1,17,4,23.53
2026-04-25T15:30:53Z,2026-04-25,2,17,9,52.94
2026-04-25T15:30:53Z,2026-04-25,3,17,8,47.06
2026-04-25T15:50:55Z,2026-04-25,1,17,4,23.53
2026-04-25T15:50:55Z,2026-04-25,2,17,9,52.94
2026-04-25T15:50:55Z,2026-04-25,3,17,8,47.06
2026-04-25T16:25:50Z,2026-04-25,1,17,4,23.53
2026-04-25T16:25:50Z,2026-04-25,2,17,9,52.94
2026-04-25T16:25:50Z,2026-04-25,3,17,8,47.06
2026-04-25T16:30:53Z,2026-04-25,1,17,4,23.53
2026-04-25T16:30:53Z,2026-04-25,2,17,9,52.94
2026-04-25T16:30:53Z,2026-04-25,3,17,8,47.06
2026-04-25T16:35:54Z,2026-04-25,1,17,4,23.53
2026-04-25T16:35:54Z,2026-04-25,2,17,9,52.94
2026-04-25T16:35:54Z,2026-04-25,3,17,8,47.06
2026-04-25T16:50:56Z,2026-04-25,1,17,4,23.53
2026-04-25T16:50:56Z,2026-04-25,2,17,9,52.94
2026-04-25T16:50:56Z,2026-04-25,3,17,8,47.06
2026-04-25T17:10:46Z,2026-04-25,1,17,4,23.53
2026-04-25T17:10:46Z,2026-04-25,2,17,9,52.94
2026-04-25T17:10:46Z,2026-04-25,3,17,8,47.06
2026-04-25T17:20:52Z,2026-04-25,1,17,4,23.53
2026-04-25T17:20:52Z,2026-04-25,2,17,9,52.94
2026-04-25T17:20:52Z,2026-04-25,3,17,8,47.06
2026-04-25T17:25:53Z,2026-04-25,1,17,4,23.53
2026-04-25T17:25:53Z,2026-04-25,2,17,9,52.94
2026-04-25T17:25:53Z,2026-04-25,3,17,8,47.06
2026-04-25T17:30:53Z,2026-04-25,1,17,4,23.53
2026-04-25T17:30:53Z,2026-04-25,2,17,9,52.94
2026-04-25T17:30:53Z,2026-04-25,3,17,8,47.06
2026-04-25T17:45:50Z,2026-04-25,1,17,4,23.53
2026-04-25T17:45:50Z,2026-04-25,2,17,9,52.94
2026-04-25T17:45:50Z,2026-04-25,3,17,8,47.06
2026-04-25T18:15:53Z,2026-04-25,1,17,4,23.53
2026-04-25T18:15:53Z,2026-04-25,2,17,9,52.94
2026-04-25T18:15:53Z,2026-04-25,3,17,8,47.06
2026-04-25T18:20:50Z,2026-04-25,1,17,4,23.53
2026-04-25T18:20:50Z,2026-04-25,2,17,9,52.94
2026-04-25T18:20:50Z,2026-04-25,3,17,8,47.06
2026-04-25T18:45:53Z,2026-04-25,1,17,4,23.53
2026-04-25T18:45:53Z,2026-04-25,2,17,9,52.94
2026-04-25T18:45:53Z,2026-04-25,3,17,8,47.06
2026-04-25T19:10:49Z,2026-04-25,1,17,4,23.53
2026-04-25T19:10:49Z,2026-04-25,2,17,9,52.94
2026-04-25T19:10:49Z,2026-04-25,3,17,8,47.06
2026-04-25T19:20:55Z,2026-04-25,1,17,4,23.53
2026-04-25T19:20:55Z,2026-04-25,2,17,9,52.94
2026-04-25T19:20:55Z,2026-04-25,3,17,8,47.06
2026-04-25T19:25:56Z,2026-04-25,1,17,4,23.53
2026-04-25T19:25:56Z,2026-04-25,2,17,9,52.94
2026-04-25T19:25:56Z,2026-04-25,3,17,8,47.06
2026-04-25T19:35:51Z,2026-04-25,1,17,4,23.53
2026-04-25T19:35:51Z,2026-04-25,2,17,9,52.94
2026-04-25T19:35:51Z,2026-04-25,3,17,8,47.06
2026-04-25T19:40:57Z,2026-04-25,1,17,4,23.53
2026-04-25T19:40:57Z,2026-04-25,2,17,9,52.94
2026-04-25T19:40:57Z,2026-04-25,3,17,8,47.06
2026-04-25T20:05:55Z,2026-04-25,1,17,4,23.53
2026-04-25T20:05:55Z,2026-04-25,2,17,9,52.94
2026-04-25T20:05:55Z,2026-04-25,3,17,8,47.06
2026-04-25T20:10:54Z,2026-04-25,1,17,4,23.53
2026-04-25T20:10:54Z,2026-04-25,2,17,9,52.94
2026-04-25T20:10:54Z,2026-04-25,3,17,8,47.06
2026-04-25T20:20:53Z,2026-04-25,1,17,4,23.53
2026-04-25T20:20:53Z,2026-04-25,2,17,9,52.94
2026-04-25T20:20:53Z,2026-04-25,3,17,8,47.06
2026-04-25T20:26:14Z,2026-04-25,1,17,4,23.53
2026-04-25T20:26:14Z,2026-04-25,2,17,9,52.94
2026-04-25T20:26:14Z,2026-04-25,3,17,8,47.06
2026-04-25T20:30:52Z,2026-04-25,1,17,4,23.53
2026-04-25T20:30:52Z,2026-04-25,2,17,9,52.94
2026-04-25T20:30:52Z,2026-04-25,3,17,8,47.06
2026-04-25T20:35:48Z,2026-04-25,1,17,4,23.53
2026-04-25T20:35:48Z,2026-04-25,2,17,9,52.94
2026-04-25T20:35:48Z,2026-04-25,3,17,8,47.06
2026-04-25T20:40:50Z,2026-04-25,1,17,4,23.53
2026-04-25T20:40:50Z,2026-04-25,2,17,9,52.94
2026-04-25T20:40:50Z,2026-04-25,3,17,8,47.06
2026-04-25T20:50:53Z,2026-04-25,1,17,4,23.53
2026-04-25T20:50:53Z,2026-04-25,2,17,9,52.94
2026-04-25T20:50:53Z,2026-04-25,3,17,8,47.06
2026-04-25T21:01:38Z,2026-04-25,1,17,4,23.53
2026-04-25T21:01:38Z,2026-04-25,2,17,9,52.94
2026-04-25T21:01:38Z,2026-04-25,3,17,8,47.06
2026-04-25T21:05:52Z,2026-04-25,1,17,4,23.53
2026-04-25T21:05:52Z,2026-04-25,2,17,9,52.94
2026-04-25T21:05:52Z,2026-04-25,3,17,8,47.06
2026-04-25T21:15:58Z,2026-04-25,1,17,4,23.53
2026-04-25T21:15:58Z,2026-04-25,2,17,9,52.94
2026-04-25T21:15:58Z,2026-04-25,3,17,8,47.06
2026-04-25T21:25:58Z,2026-04-25,1,17,4,23.53
2026-04-25T21:25:58Z,2026-04-25,2,17,9,52.94
2026-04-25T21:25:58Z,2026-04-25,3,17,8,47.06
2026-04-25T21:35:52Z,2026-04-25,1,17,4,23.53
2026-04-25T21:35:52Z,2026-04-25,2,17,9,52.94
2026-04-25T21:35:52Z,2026-04-25,3,17,8,47.06
2026-04-25T21:45:54Z,2026-04-25,1,17,4,23.53
2026-04-25T21:45:54Z,2026-04-25,2,17,9,52.94
2026-04-25T21:45:54Z,2026-04-25,3,17,8,47.06
2026-04-25T21:50:50Z,2026-04-25,1,17,4,23.53
2026-04-25T21:50:50Z,2026-04-25,2,17,9,52.94
2026-04-25T21:50:50Z,2026-04-25,3,17,8,47.06
2026-04-25T22:10:56Z,2026-04-25,1,17,4,23.53
2026-04-25T22:10:56Z,2026-04-25,2,17,9,52.94
2026-04-25T22:10:56Z,2026-04-25,3,17,8,47.06
2026-04-25T22:40:59Z,2026-04-25,1,17,4,23.53
2026-04-25T22:40:59Z,2026-04-25,2,17,9,52.94
2026-04-25T22:40:59Z,2026-04-25,3,17,8,47.06
2026-04-25T22:50:52Z,2026-04-25,1,17,4,23.53
2026-04-25T22:50:52Z,2026-04-25,2,17,9,52.94
2026-04-25T22:50:52Z,2026-04-25,3,17,8,47.06
2026-04-25T23:00:54Z,2026-04-25,1,17,4,23.53
2026-04-25T23:00:54Z,2026-04-25,2,17,9,52.94
2026-04-25T23:00:54Z,2026-04-25,3,17,8,47.06
2026-04-25T23:11:12Z,2026-04-25,1,17,4,23.53
2026-04-25T23:11:12Z,2026-04-25,2,17,9,52.94
2026-04-25T23:11:12Z,2026-04-25,3,17,8,47.06
2026-04-25T23:15:50Z,2026-04-25,1,17,4,23.53
2026-04-25T23:15:50Z,2026-04-25,2,17,9,52.94
2026-04-25T23:15:50Z,2026-04-25,3,17,8,47.06
2026-04-25T23:21:10Z,2026-04-25,1,17,4,23.53
2026-04-25T23:21:10Z,2026-04-25,2,17,9,52.94
2026-04-25T23:21:10Z,2026-04-25,3,17,8,47.06
2026-04-25T23:50:25Z,2026-04-25,1,17,4,23.53
2026-04-25T23:50:25Z,2026-04-25,2,17,9,52.94
2026-04-25T23:50:25Z,2026-04-25,3,17,8,47.06
2026-04-26T00:05:53Z,2026-04-26,1,17,4,23.53
2026-04-26T00:05:53Z,2026-04-26,2,17,4,23.53
2026-04-26T00:05:53Z,2026-04-26,3,17,12,70.59
2026-04-26T00:15:54Z,2026-04-26,1,17,4,23.53
2026-04-26T00:15:54Z,2026-04-26,2,17,4,23.53
2026-04-26T00:15:54Z,2026-04-26,3,17,12,70.59
2026-04-26T00:20:50Z,2026-04-26,1,17,4,23.53
2026-04-26T00:20:50Z,2026-04-26,2,17,4,23.53
2026-04-26T00:20:50Z,2026-04-26,3,17,12,70.59
2026-04-26T00:25:48Z,2026-04-26,1,17,4,23.53
2026-04-26T00:25:48Z,2026-04-26,2,17,4,23.53
2026-04-26T00:25:48Z,2026-04-26,3,17,12,70.59
2026-04-26T09:10:49Z,2026-04-26,1,17,4,23.53
2026-04-26T09:10:49Z,2026-04-26,2,17,4,23.53
2026-04-26T09:10:49Z,2026-04-26,3,17,12,70.59
2026-04-26T09:15:57Z,2026-04-26,1,17,4,23.53
2026-04-26T09:15:57Z,2026-04-26,2,17,4,23.53
2026-04-26T09:15:57Z,2026-04-26,3,17,12,70.59
2026-04-26T09:20:51Z,2026-04-26,1,17,4,23.53
2026-04-26T09:20:51Z,2026-04-26,2,17,4,23.53
2026-04-26T09:20:51Z,2026-04-26,3,17,12,70.59
2026-04-26T09:25:53Z,2026-04-26,1,17,4,23.53
2026-04-26T09:25:53Z,2026-04-26,2,17,4,23.53
2026-04-26T09:25:53Z,2026-04-26,3,17,12,70.59
2026-04-26T09:35:56Z,2026-04-26,1,17,4,23.53
2026-04-26T09:35:56Z,2026-04-26,2,17,4,23.53
2026-04-26T09:35:56Z,2026-04-26,3,17,12,70.59
2026-04-26T09:50:54Z,2026-04-26,1,17,4,23.53
2026-04-26T09:50:54Z,2026-04-26,2,17,4,23.53
2026-04-26T09:50:54Z,2026-04-26,3,17,12,70.59
2026-04-26T10:05:49Z,2026-04-26,1,17,4,23.53
2026-04-26T10:05:49Z,2026-04-26,2,17,4,23.53
2026-04-26T10:05:49Z,2026-04-26,3,17,12,70.59
2026-04-26T10:25:50Z,2026-04-26,1,17,4,23.53
2026-04-26T10:25:50Z,2026-04-26,2,17,4,23.53
2026-04-26T10:25:50Z,2026-04-26,3,17,12,70.59
2026-04-26T10:30:56Z,2026-04-26,1,17,4,23.53
2026-04-26T10:30:56Z,2026-04-26,2,17,4,23.53
2026-04-26T10:30:56Z,2026-04-26,3,17,12,70.59
2026-04-26T10:35:50Z,2026-04-26,1,17,4,23.53
2026-04-26T10:35:50Z,2026-04-26,2,17,4,23.53
2026-04-26T10:35:50Z,2026-04-26,3,17,12,70.59
2026-04-26T11:00:59Z,2026-04-26,1,17,4,23.53
2026-04-26T11:00:59Z,2026-04-26,2,17,4,23.53
2026-04-26T11:00:59Z,2026-04-26,3,17,12,70.59
2026-04-26T11:10:50Z,2026-04-26,1,17,4,23.53
2026-04-26T11:10:50Z,2026-04-26,2,17,4,23.53
2026-04-26T11:10:50Z,2026-04-26,3,17,12,70.59
2026-04-26T11:15:52Z,2026-04-26,1,17,4,23.53
2026-04-26T11:15:52Z,2026-04-26,2,17,4,23.53
2026-04-26T11:15:52Z,2026-04-26,3,17,12,70.59
2026-04-26T11:55:53Z,2026-04-26,1,17,4,23.53
2026-04-26T11:55:53Z,2026-04-26,2,17,4,23.53
2026-04-26T11:55:53Z,2026-04-26,3,17,12,70.59
2026-04-26T12:00:59Z,2026-04-26,1,17,4,23.53
2026-04-26T12:00:59Z,2026-04-26,2,17,4,23.53
2026-04-26T12:00:59Z,2026-04-26,3,17,12,70.59
2026-04-26T12:10:57Z,2026-04-26,1,17,4,23.53
2026-04-26T12:10:57Z,2026-04-26,2,17,4,23.53
2026-04-26T12:10:57Z,2026-04-26,3,17,12,70.59
2026-04-26T12:15:49Z,2026-04-26,1,17,4,23.53
2026-04-26T12:15:49Z,2026-04-26,2,17,4,23.53
2026-04-26T12:15:49Z,2026-04-26,3,17,12,70.59
2026-04-26T12:30:48Z,2026-04-26,1,17,4,23.53
2026-04-26T12:30:48Z,2026-04-26,2,17,4,23.53
2026-04-26T12:30:48Z,2026-04-26,3,17,12,70.59
2026-04-26T12:35:56Z,2026-04-26,1,17,4,23.53
2026-04-26T12:35:56Z,2026-04-26,2,17,4,23.53
2026-04-26T12:35:56Z,2026-04-26,3,17,12,70.59
2026-04-26T12:40:52Z,2026-04-26,1,17,4,23.53
2026-04-26T12:40:52Z,2026-04-26,2,17,4,23.53
2026-04-26T12:40:52Z,2026-04-26,3,17,12,70.59
2026-04-26T12:45:52Z,2026-04-26,1,17,4,23.53
2026-04-26T12:45:52Z,2026-04-26,2,17,4,23.53
2026-04-26T12:45:52Z,2026-04-26,3,17,12,70.59
2026-04-26T12:51:04Z,2026-04-26,1,17,4,23.53
2026-04-26T12:51:04Z,2026-04-26,2,17,4,23.53
2026-04-26T12:51:04Z,2026-04-26,3,17,12,70.59
2026-04-26T12:55:59Z,2026-04-26,1,17,4,23.53
2026-04-26T12:55:59Z,2026-04-26,2,17,4,23.53
2026-04-26T12:55:59Z,2026-04-26,3,17,12,70.59
2026-04-26T13:01:03Z,2026-04-26,1,17,4,23.53
2026-04-26T13:01:03Z,2026-04-26,2,17,4,23.53
2026-04-26T13:01:03Z,2026-04-26,3,17,12,70.59
2026-04-26T13:10:56Z,2026-04-26,1,17,4,23.53
2026-04-26T13:10:56Z,2026-04-26,2,17,4,23.53
2026-04-26T13:10:56Z,2026-04-26,3,17,12,70.59
2026-04-26T13:20:51Z,2026-04-26,1,17,4,23.53
2026-04-26T13:20:51Z,2026-04-26,2,17,4,23.53
2026-04-26T13:20:51Z,2026-04-26,3,17,12,70.59
2026-04-26T13:40:49Z,2026-04-26,1,17,4,23.53
2026-04-26T13:40:49Z,2026-04-26,2,17,4,23.53
2026-04-26T13:40:49Z,2026-04-26,3,17,12,70.59
2026-04-26T13:50:29Z,2026-04-26,1,17,6,35.29
2026-04-26T13:50:29Z,2026-04-26,2,17,4,23.53
2026-04-26T13:50:29Z,2026-04-26,3,17,12,70.59
2026-04-26T13:55:49Z,2026-04-26,1,17,6,35.29
2026-04-26T13:55:49Z,2026-04-26,2,17,4,23.53
2026-04-26T13:55:49Z,2026-04-26,3,17,12,70.59
2026-04-26T14:01:12Z,2026-04-26,1,17,6,35.29
2026-04-26T14:01:12Z,2026-04-26,2,17,4,23.53
2026-04-26T14:01:12Z,2026-04-26,3,17,12,70.59
2026-04-26T14:20:52Z,2026-04-26,1,17,6,35.29
2026-04-26T14:20:52Z,2026-04-26,2,17,4,23.53
2026-04-26T14:20:52Z,2026-04-26,3,17,12,70.59
2026-04-26T14:30:58Z,2026-04-26,1,17,6,35.29
2026-04-26T14:30:58Z,2026-04-26,2,17,4,23.53
2026-04-26T14:30:58Z,2026-04-26,3,17,12,70.59
2026-04-26T14:40:55Z,2026-04-26,1,17,6,35.29
2026-04-26T14:40:55Z,2026-04-26,2,17,4,23.53
2026-04-26T14:40:55Z,2026-04-26,3,17,12,70.59
2026-04-26T14:50:49Z,2026-04-26,1,17,6,35.29
2026-04-26T14:50:49Z,2026-04-26,2,17,4,23.53
2026-04-26T14:50:49Z,2026-04-26,3,17,12,70.59
2026-04-26T14:55:52Z,2026-04-26,1,17,6,35.29
2026-04-26T14:55:52Z,2026-04-26,2,17,4,23.53
2026-04-26T14:55:52Z,2026-04-26,3,17,12,70.59
2026-04-26T15:05:51Z,2026-04-26,1,17,6,35.29
2026-04-26T15:05:51Z,2026-04-26,2,17,4,23.53
2026-04-26T15:05:51Z,2026-04-26,3,17,12,70.59
2026-04-26T15:10:52Z,2026-04-26,1,17,6,35.29
2026-04-26T15:10:52Z,2026-04-26,2,17,4,23.53
2026-04-26T15:10:52Z,2026-04-26,3,17,12,70.59
2026-04-26T15:25:42Z,2026-04-26,1,17,6,35.29
2026-04-26T15:25:42Z,2026-04-26,2,17,4,23.53
2026-04-26T15:25:42Z,2026-04-26,3,17,12,70.59
2026-04-26T15:30:56Z,2026-04-26,1,17,6,35.29
2026-04-26T15:30:56Z,2026-04-26,2,17,4,23.53
2026-04-26T15:30:56Z,2026-04-26,3,17,12,70.59
2026-04-26T15:40:52Z,2026-04-26,1,17,6,35.29
2026-04-26T15:40:52Z,2026-04-26,2,17,4,23.53
2026-04-26T15:40:52Z,2026-04-26,3,17,12,70.59
2026-04-26T15:45:51Z,2026-04-26,1,17,6,35.29
2026-04-26T15:45:51Z,2026-04-26,2,17,4,23.53
2026-04-26T15:45:51Z,2026-04-26,3,17,12,70.59
2026-04-26T16:05:33Z,2026-04-26,1,17,6,35.29
2026-04-26T16:05:33Z,2026-04-26,2,17,4,23.53
2026-04-26T16:05:33Z,2026-04-26,3,17,12,70.59
2026-04-26T16:15:54Z,2026-04-26,1,17,6,35.29
2026-04-26T16:15:54Z,2026-04-26,2,17,4,23.53
2026-04-26T16:15:54Z,2026-04-26,3,17,12,70.59
2026-04-26T16:25:49Z,2026-04-26,1,17,6,35.29
2026-04-26T16:25:49Z,2026-04-26,2,17,4,23.53
2026-04-26T16:25:49Z,2026-04-26,3,17,12,70.59
2026-04-26T16:50:53Z,2026-04-26,1,17,6,35.29
2026-04-26T16:50:53Z,2026-04-26,2,17,4,23.53
2026-04-26T16:50:53Z,2026-04-26,3,17,12,70.59
2026-04-26T17:00:54Z,2026-04-26,1,17,6,35.29
2026-04-26T17:00:54Z,2026-04-26,2,17,4,23.53
2026-04-26T17:00:54Z,2026-04-26,3,17,12,70.59
2026-04-26T17:15:47Z,2026-04-26,1,17,6,35.29
2026-04-26T17:15:47Z,2026-04-26,2,17,4,23.53
2026-04-26T17:15:47Z,2026-04-26,3,17,12,70.59
2026-04-26T17:20:50Z,2026-04-26,1,17,6,35.29
2026-04-26T17:20:50Z,2026-04-26,2,17,4,23.53
2026-04-26T17:20:50Z,2026-04-26,3,17,12,70.59
2026-04-26T17:40:55Z,2026-04-26,1,17,6,35.29
2026-04-26T17:40:55Z,2026-04-26,2,17,4,23.53
2026-04-26T17:40:55Z,2026-04-26,3,17,12,70.59
2026-04-26T17:45:51Z,2026-04-26,1,17,6,35.29
2026-04-26T17:45:51Z,2026-04-26,2,17,4,23.53
2026-04-26T17:45:51Z,2026-04-26,3,17,12,70.59
2026-04-26T17:50:53Z,2026-04-26,1,17,6,35.29
2026-04-26T17:50:53Z,2026-04-26,2,17,4,23.53
2026-04-26T17:50:53Z,2026-04-26,3,17,12,70.59
2026-04-26T17:55:48Z,2026-04-26,1,17,6,35.29
2026-04-26T17:55:48Z,2026-04-26,2,17,4,23.53
2026-04-26T17:55:48Z,2026-04-26,3,17,12,70.59
2026-04-26T18:05:55Z,2026-04-26,1,17,6,35.29
2026-04-26T18:05:55Z,2026-04-26,2,17,4,23.53
2026-04-26T18:05:55Z,2026-04-26,3,17,12,70.59
2026-04-26T18:15:57Z,2026-04-26,1,17,6,35.29
2026-04-26T18:15:57Z,2026-04-26,2,17,4,23.53
2026-04-26T18:15:57Z,2026-04-26,3,17,12,70.59
2026-04-26T18:25:59Z,2026-04-26,1,17,6,35.29
2026-04-26T18:25:59Z,2026-04-26,2,17,4,23.53
2026-04-26T18:25:59Z,2026-04-26,3,17,12,70.59
2026-04-26T18:35:53Z,2026-04-26,1,17,6,35.29
2026-04-26T18:35:53Z,2026-04-26,2,17,4,23.53
2026-04-26T18:35:53Z,2026-04-26,3,17,12,70.59
2026-04-26T18:45:57Z,2026-04-26,1,17,6,35.29
2026-04-26T18:45:57Z,2026-04-26,2,17,4,23.53
2026-04-26T18:45:57Z,2026-04-26,3,17,12,70.59
2026-04-26T18:51:00Z,2026-04-26,1,17,6,35.29
2026-04-26T18:51:00Z,2026-04-26,2,17,5,29.41
2026-04-26T18:51:00Z,2026-04-26,3,17,12,70.59
2026-04-26T19:00:58Z,2026-04-26,1,17,6,35.29
2026-04-26T19:00:58Z,2026-04-26,2,17,5,29.41
2026-04-26T19:00:58Z,2026-04-26,3,17,12,70.59
2026-04-26T19:05:47Z,2026-04-26,1,17,6,35.29
2026-04-26T19:05:47Z,2026-04-26,2,17,5,29.41
2026-04-26T19:05:47Z,2026-04-26,3,17,12,70.59
2026-04-26T19:36:00Z,2026-04-26,1,17,6,35.29
2026-04-26T19:36:00Z,2026-04-26,2,17,5,29.41
2026-04-26T19:36:00Z,2026-04-26,3,17,12,70.59
2026-04-26T19:45:57Z,2026-04-26,1,17,6,35.29
2026-04-26T19:45:57Z,2026-04-26,2,17,5,29.41
2026-04-26T19:45:57Z,2026-04-26,3,17,12,70.59
2026-04-26T19:50:55Z,2026-04-26,1,17,6,35.29
2026-04-26T19:50:55Z,2026-04-26,2,17,5,29.41
2026-04-26T19:50:55Z,2026-04-26,3,17,12,70.59
2026-04-26T19:55:50Z,2026-04-26,1,17,6,35.29
2026-04-26T19:55:50Z,2026-04-26,2,17,5,29.41
2026-04-26T19:55:50Z,2026-04-26,3,17,12,70.59
2026-04-26T20:20:57Z,2026-04-26,1,17,6,35.29
2026-04-26T20:20:57Z,2026-04-26,2,17,6,35.29
2026-04-26T20:20:57Z,2026-04-26,3,17,12,70.59
2026-04-26T20:25:53Z,2026-04-26,1,17,6,35.29
2026-04-26T20:25:53Z,2026-04-26,2,17,6,35.29
2026-04-26T20:25:53Z,2026-04-26,3,17,12,70.59
2026-04-26T20:30:57Z,2026-04-26,1,17,6,35.29
2026-04-26T20:30:57Z,2026-04-26,2,17,6,35.29
2026-04-26T20:30:57Z,2026-04-26,3,17,12,70.59
2026-04-26T20:40:59Z,2026-04-26,1,17,6,35.29
2026-04-26T20:40:59Z,2026-04-26,2,17,6,35.29
2026-04-26T20:40:59Z,2026-04-26,3,17,12,70.59
2026-04-26T20:55:47Z,2026-04-26,1,17,6,35.29
2026-04-26T20:55:47Z,2026-04-26,2,17,6,35.29
2026-04-26T20:55:47Z,2026-04-26,3,17,12,70.59
2026-04-26T21:01:10Z,2026-04-26,1,17,6,35.29
2026-04-26T21:01:10Z,2026-04-26,2,17,6,35.29
2026-04-26T21:01:10Z,2026-04-26,3,17,12,70.59
2026-04-26T21:31:02Z,2026-04-26,1,17,6,35.29
2026-04-26T21:31:02Z,2026-04-26,2,17,6,35.29
2026-04-26T21:31:02Z,2026-04-26,3,17,12,70.59
2026-04-26T21:35:52Z,2026-04-26,1,17,6,35.29
2026-04-26T21:35:52Z,2026-04-26,2,17,6,35.29
2026-04-26T21:35:52Z,2026-04-26,3,17,12,70.59
2026-04-26T21:50:51Z,2026-04-26,1,17,6,35.29
2026-04-26T21:50:51Z,2026-04-26,2,17,6,35.29
2026-04-26T21:50:51Z,2026-04-26,3,17,12,70.59
2026-04-26T21:55:51Z,2026-04-26,1,17,6,35.29
2026-04-26T21:55:51Z,2026-04-26,2,17,6,35.29
2026-04-26T21:55:51Z,2026-04-26,3,17,12,70.59
2026-04-26T22:00:57Z,2026-04-26,1,17,6,35.29
2026-04-26T22:00:57Z,2026-04-26,2,17,6,35.29
2026-04-26T22:00:57Z,2026-04-26,3,17,12,70.59
2026-04-26T22:05:54Z,2026-04-26,1,17,6,35.29
2026-04-26T22:05:54Z,2026-04-26,2,17,6,35.29
2026-04-26T22:05:54Z,2026-04-26,3,17,12,70.59
2026-04-26T22:10:52Z,2026-04-26,1,17,6,35.29
2026-04-26T22:10:52Z,2026-04-26,2,17,6,35.29
2026-04-26T22:10:52Z,2026-04-26,3,17,12,70.59
2026-04-26T22:15:57Z,2026-04-26,1,17,6,35.29
2026-04-26T22:15:57Z,2026-04-26,2,17,6,35.29
2026-04-26T22:15:57Z,2026-04-26,3,17,12,70.59
2026-04-26T22:40:54Z,2026-04-26,1,17,6,35.29
2026-04-26T22:40:54Z,2026-04-26,2,17,6,35.29
2026-04-26T22:40:54Z,2026-04-26,3,17,12,70.59
2026-04-26T22:45:55Z,2026-04-26,1,17,6,35.29
2026-04-26T22:45:55Z,2026-04-26,2,17,6,35.29
2026-04-26T22:45:55Z,2026-04-26,3,17,12,70.59
2026-04-26T22:50:57Z,2026-04-26,1,17,6,35.29
2026-04-26T22:50:57Z,2026-04-26,2,17,6,35.29
2026-04-26T22:50:57Z,2026-04-26,3,17,12,70.59
2026-04-26T23:10:53Z,2026-04-26,1,17,6,35.29
2026-04-26T23:10:53Z,2026-04-26,2,17,6,35.29
2026-04-26T23:10:53Z,2026-04-26,3,17,12,70.59
2026-04-26T23:30:57Z,2026-04-26,1,17,6,35.29
2026-04-26T23:30:57Z,2026-04-26,2,17,6,35.29
2026-04-26T23:30:57Z,2026-04-26,3,17,12,70.59
2026-04-26T23:40:54Z,2026-04-26,1,17,6,35.29
2026-04-26T23:40:54Z,2026-04-26,2,17,6,35.29
2026-04-26T23:40:54Z,2026-04-26,3,17,12,70.59
2026-04-26T23:45:57Z,2026-04-26,1,17,6,35.29
2026-04-26T23:45:57Z,2026-04-26,2,17,6,35.29
2026-04-26T23:45:57Z,2026-04-26,3,17,12,70.59
2026-04-27T00:01:01Z,2026-04-27,1,17,11,64.71
2026-04-27T00:01:01Z,2026-04-27,2,17,9,52.94
2026-04-27T00:01:01Z,2026-04-27,3,17,6,35.29
2026-04-27T00:10:52Z,2026-04-27,1,17,11,64.71
2026-04-27T00:10:52Z,2026-04-27,2,17,9,52.94
2026-04-27T00:10:52Z,2026-04-27,3,17,6,35.29
2026-04-27T00:21:01Z,2026-04-27,1,17,11,64.71
2026-04-27T00:21:01Z,2026-04-27,2,17,9,52.94
2026-04-27T00:21:01Z,2026-04-27,3,17,6,35.29
2026-04-27T00:25:53Z,2026-04-27,1,17,11,64.71
2026-04-27T00:25:53Z,2026-04-27,2,17,9,52.94
2026-04-27T00:25:53Z,2026-04-27,3,17,6,35.29
2026-04-27T00:40:54Z,2026-04-27,1,17,11,64.71
2026-04-27T00:40:54Z,2026-04-27,2,17,9,52.94
2026-04-27T00:40:54Z,2026-04-27,3,17,6,35.29
2026-04-27T00:45:51Z,2026-04-27,1,17,11,64.71
2026-04-27T00:45:51Z,2026-04-27,2,17,9,52.94
2026-04-27T00:45:51Z,2026-04-27,3,17,6,35.29
2026-04-27T00:55:47Z,2026-04-27,1,17,11,64.71
2026-04-27T00:55:47Z,2026-04-27,2,17,9,52.94
2026-04-27T00:55:47Z,2026-04-27,3,17,6,35.29
2026-05-02T09:31:27Z,2026-05-03,1,17,4,23.53
2026-05-02T09:31:27Z,2026-05-03,2,17,4,23.53
2026-05-02T09:31:27Z,2026-05-03,3,17,12,70.59
2026-05-02T09:41:29Z,2026-05-03,1,17,4,23.53
2026-05-02T09:41:29Z,2026-05-03,2,17,4,23.53
2026-05-02T09:41:29Z,2026-05-03,3,17,12,70.59
2026-05-02T09:51:27Z,2026-05-03,1,17,4,23.53
2026-05-02T09:51:27Z,2026-05-03,2,17,4,23.53
2026-05-02T09:51:27Z,2026-05-03,3,17,12,70.59
2026-05-02T09:56:18Z,2026-05-03,1,17,4,23.53
2026-05-02T09:56:18Z,2026-05-03,2,17,4,23.53
2026-05-02T09:56:18Z,2026-05-03,3,17,12,70.59
2026-05-02T10:06:30Z,2026-05-03,1,17,4,23.53
2026-05-02T10:06:30Z,2026-05-03,2,17,4,23.53
2026-05-02T10:06:30Z,2026-05-03,3,17,12,70.59
2026-05-02T10:11:26Z,2026-05-03,1,17,4,23.53
2026-05-02T10:11:26Z,2026-05-03,2,17,4,23.53
2026-05-02T10:11:26Z,2026-05-03,3,17,12,70.59
2026-05-02T10:31:28Z,2026-05-03,1,17,4,23.53
2026-05-02T10:31:28Z,2026-05-03,2,17,4,23.53
2026-05-02T10:31:28Z,2026-05-03,3,17,12,70.59
2026-05-02T10:46:29Z,2026-05-03,1,17,4,23.53
2026-05-02T10:46:29Z,2026-05-03,2,17,4,23.53
2026-05-02T10:46:29Z,2026-05-03,3,17,12,70.59
2026-05-02T11:01:31Z,2026-05-03,1,17,4,23.53
2026-05-02T11:01:31Z,2026-05-03,2,17,4,23.53
2026-05-02T11:01:31Z,2026-05-03,3,17,12,70.59
2026-05-02T11:31:21Z,2026-05-03,1,17,4,23.53
2026-05-02T11:31:21Z,2026-05-03,2,17,4,23.53
2026-05-02T11:31:21Z,2026-05-03,3,17,12,70.59
2026-05-02T11:36:24Z,2026-05-03,1,17,4,23.53
2026-05-02T11:36:24Z,2026-05-03,2,17,4,23.53
2026-05-02T11:36:24Z,2026-05-03,3,17,12,70.59
2026-05-02T11:56:23Z,2026-05-03,1,17,4,23.53
2026-05-02T11:56:23Z,2026-05-03,2,17,4,23.53
2026-05-02T11:56:23Z,2026-05-03,3,17,12,70.59
2026-05-02T12:01:26Z,2026-05-03,1,17,4,23.53
2026-05-02T12:01:26Z,2026-05-03,2,17,4,23.53
2026-05-02T12:01:26Z,2026-05-03,3,17,12,70.59
2026-05-02T12:06:22Z,2026-05-03,1,17,4,23.53
2026-05-02T12:06:22Z,2026-05-03,2,17,4,23.53
2026-05-02T12:06:22Z,2026-05-03,3,17,12,70.59
2026-05-02T12:16:21Z,2026-05-03,1,17,4,23.53
2026-05-02T12:16:21Z,2026-05-03,2,17,4,23.53
2026-05-02T12:16:21Z,2026-05-03,3,17,12,70.59
2026-05-02T12:26:39Z,2026-05-03,1,17,4,23.53
2026-05-02T12:26:39Z,2026-05-03,2,17,4,23.53
2026-05-02T12:26:39Z,2026-05-03,3,17,12,70.59
2026-05-02T12:31:34Z,2026-05-03,1,17,4,23.53
2026-05-02T12:31:34Z,2026-05-03,2,17,4,23.53
2026-05-02T12:31:34Z,2026-05-03,3,17,12,70.59
2026-05-02T12:36:24Z,2026-05-03,1,17,4,23.53
2026-05-02T12:36:24Z,2026-05-03,2,17,4,23.53
2026-05-02T12:36:24Z,2026-05-03,3,17,12,70.59
2026-05-02T12:51:22Z,2026-05-03,1,17,4,23.53
2026-05-02T12:51:22Z,2026-05-03,2,17,4,23.53
2026-05-02T12:51:22Z,2026-05-03,3,17,12,70.59
2026-05-02T13:01:34Z,2026-05-03,1,17,4,23.53
2026-05-02T13:01:34Z,2026-05-03,2,17,4,23.53
2026-05-02T13:01:34Z,2026-05-03,3,17,12,70.59
2026-05-02T13:06:27Z,2026-05-03,1,17,4,23.53
2026-05-02T13:06:27Z,2026-05-03,2,17,4,23.53
2026-05-02T13:06:27Z,2026-05-03,3,17,12,70.59
2026-05-02T13:21:22Z,2026-05-03,1,17,4,23.53
2026-05-02T13:21:22Z,2026-05-03,2,17,4,23.53
2026-05-02T13:21:22Z,2026-05-03,3,17,12,70.59
2026-05-02T13:26:36Z,2026-05-03,1,17,4,23.53
2026-05-02T13:26:36Z,2026-05-03,2,17,4,23.53
2026-05-02T13:26:36Z,2026-05-03,3,17,12,70.59
2026-05-02T13:31:23Z,2026-05-03,1,17,4,23.53
2026-05-02T13:31:23Z,2026-05-03,2,17,4,23.53
2026-05-02T13:31:23Z,2026-05-03,3,17,12,70.59
2026-05-02T13:36:21Z,2026-05-03,1,17,4,23.53
2026-05-02T13:36:21Z,2026-05-03,2,17,4,23.53
2026-05-02T13:36:21Z,2026-05-03,3,17,12,70.59
2026-05-02T13:46:24Z,2026-05-03,1,17,4,23.53
2026-05-02T13:46:24Z,2026-05-03,2,17,4,23.53
2026-05-02T13:46:24Z,2026-05-03,3,17,12,70.59
2026-05-02T13:51:19Z,2026-05-03,1,17,4,23.53
2026-05-02T13:51:19Z,2026-05-03,2,17,4,23.53
2026-05-02T13:51:19Z,2026-05-03,3,17,12,70.59
2026-05-02T14:06:22Z,2026-05-03,1,17,4,23.53
2026-05-02T14:06:22Z,2026-05-03,2,17,4,23.53
2026-05-02T14:06:22Z,2026-05-03,3,17,12,70.59
2026-05-02T14:21:27Z,2026-05-03,1,17,4,23.53
2026-05-02T14:21:27Z,2026-05-03,2,17,4,23.53
2026-05-02T14:21:27Z,2026-05-03,3,17,12,70.59
2026-05-02T14:26:44Z,2026-05-03,1,17,4,23.53
2026-05-02T14:26:44Z,2026-05-03,2,17,4,23.53
2026-05-02T14:26:44Z,2026-05-03,3,17,12,70.59
2026-05-02T14:41:27Z,2026-05-03,1,17,4,23.53
2026-05-02T14:41:27Z,2026-05-03,2,17,4,23.53
2026-05-02T14:41:27Z,2026-05-03,3,17,12,70.59
2026-05-02T15:01:33Z,2026-05-03,1,17,4,23.53
2026-05-02T15:01:33Z,2026-05-03,2,17,4,23.53
2026-05-02T15:01:33Z,2026-05-03,3,17,12,70.59
2026-05-02T15:16:33Z,2026-05-03,1,17,4,23.53
2026-05-02T15:16:33Z,2026-05-03,2,17,4,23.53
2026-05-02T15:16:33Z,2026-05-03,3,17,12,70.59
2026-05-02T16:00:19Z,2026-05-03,1,17,4,23.53
2026-05-02T16:00:19Z,2026-05-03,2,17,4,23.53
2026-05-02T16:00:19Z,2026-05-03,3,17,12,70.59
2026-05-02T16:06:26Z,2026-05-03,1,17,4,23.53
2026-05-02T16:06:26Z,2026-05-03,2,17,4,23.53
2026-05-02T16:06:26Z,2026-05-03,3,17,12,70.59
2026-05-02T16:26:28Z,2026-05-03,1,17,4,23.53
2026-05-02T16:26:28Z,2026-05-03,2,17,4,23.53
2026-05-02T16:26:28Z,2026-05-03,3,17,12,70.59
2026-05-02T16:51:32Z,2026-05-03,1,17,4,23.53
2026-05-02T16:51:32Z,2026-05-03,2,17,4,23.53
2026-05-02T16:51:32Z,2026-05-03,3,17,12,70.59
2026-05-02T17:00:51Z,2026-05-03,1,17,4,23.53
2026-05-02T17:00:51Z,2026-05-03,2,17,4,23.53
2026-05-02T17:00:51Z,2026-05-03,3,17,12,70.59
2026-05-02T17:11:22Z,2026-05-03,1,17,4,23.53
2026-05-02T17:11:22Z,2026-05-03,2,17,4,23.53
2026-05-02T17:11:22Z,2026-05-03,3,17,12,70.59
2026-05-02T17:21:27Z,2026-05-03,1,17,4,23.53
2026-05-02T17:21:27Z,2026-05-03,2,17,4,23.53
2026-05-02T17:21:27Z,2026-05-03,3,17,12,70.59
2026-05-02T17:31:24Z,2026-05-03,1,17,4,23.53
2026-05-02T17:31:24Z,2026-05-03,2,17,4,23.53
2026-05-02T17:31:24Z,2026-05-03,3,17,12,70.59
2026-05-02T17:41:28Z,2026-05-03,1,17,4,23.53
2026-05-02T17:41:28Z,2026-05-03,2,17,4,23.53
2026-05-02T17:41:28Z,2026-05-03,3,17,12,70.59
2026-05-02T17:51:24Z,2026-05-03,1,17,4,23.53
2026-05-02T17:51:24Z,2026-05-03,2,17,4,23.53
2026-05-02T17:51:24Z,2026-05-03,3,17,12,70.59
2026-05-02T18:01:29Z,2026-05-03,1,17,4,23.53
2026-05-02T18:01:29Z,2026-05-03,2,17,4,23.53
2026-05-02T18:01:29Z,2026-05-03,3,17,12,70.59
2026-05-02T18:46:25Z,2026-05-03,1,17,4,23.53
2026-05-02T18:46:25Z,2026-05-03,2,17,4,23.53
2026-05-02T18:46:25Z,2026-05-03,3,17,12,70.59
2026-05-02T18:51:25Z,2026-05-03,1,17,4,23.53
2026-05-02T18:51:25Z,2026-05-03,2,17,4,23.53
2026-05-02T18:51:25Z,2026-05-03,3,17,12,70.59
2026-05-02T19:11:21Z,2026-05-03,1,17,4,23.53
2026-05-02T19:11:21Z,2026-05-03,2,17,5,29.41
2026-05-02T19:11:21Z,2026-05-03,3,17,12,70.59
2026-05-02T19:26:22Z,2026-05-03,1,17,4,23.53
2026-05-02T19:26:22Z,2026-05-03,2,17,5,29.41
2026-05-02T19:26:22Z,2026-05-03,3,17,12,70.59
2026-05-02T19:36:23Z,2026-05-03,1,17,4,23.53
2026-05-02T19:36:23Z,2026-05-03,2,17,5,29.41
2026-05-02T19:36:23Z,2026-05-03,3,17,12,70.59
2026-05-02T19:44:38Z,2026-05-03,1,17,4,23.53
2026-05-02T19:44:38Z,2026-05-03,2,17,5,29.41
2026-05-02T19:44:38Z,2026-05-03,3,17,12,70.59
2026-05-02T19:56:23Z,2026-05-03,1,17,4,23.53
2026-05-02T19:56:23Z,2026-05-03,2,17,5,29.41
2026-05-02T19:56:23Z,2026-05-03,3,17,12,70.59
2026-05-02T20:11:24Z,2026-05-03,1,17,4,23.53
2026-05-02T20:11:24Z,2026-05-03,2,17,5,29.41
2026-05-02T20:11:24Z,2026-05-03,3,17,12,70.59
2026-05-02T20:51:22Z,2026-05-03,1,17,4,23.53
2026-05-02T20:51:22Z,2026-05-03,2,17,5,29.41
2026-05-02T20:51:22Z,2026-05-03,3,17,12,70.59
2026-05-02T20:56:28Z,2026-05-03,1,17,4,23.53
2026-05-02T20:56:28Z,2026-05-03,2,17,5,29.41
2026-05-02T20:56:28Z,2026-05-03,3,17,12,70.59
2026-05-02T21:11:24Z,2026-05-03,1,17,4,23.53
2026-05-02T21:11:24Z,2026-05-03,2,17,5,29.41
2026-05-02T21:11:24Z,2026-05-03,3,17,12,70.59
2026-05-02T21:21:30Z,2026-05-03,1,17,4,23.53
2026-05-02T21:21:30Z,2026-05-03,2,17,5,29.41
2026-05-02T21:21:30Z,2026-05-03,3,17,12,70.59
2026-05-02T21:46:28Z,2026-05-03,1,17,4,23.53
2026-05-02T21:46:28Z,2026-05-03,2,17,5,29.41
2026-05-02T21:46:28Z,2026-05-03,3,17,12,70.59
2026-05-02T21:56:18Z,2026-05-03,1,17,4,23.53
2026-05-02T21:56:18Z,2026-05-03,2,17,5,29.41
2026-05-02T21:56:18Z,2026-05-03,3,17,12,70.59
2026-05-02T22:46:22Z,2026-05-03,1,17,4,23.53
2026-05-02T22:46:22Z,2026-05-03,2,17,4,23.53
2026-05-02T22:46:22Z,2026-05-03,3,17,12,70.59
2026-05-02T23:01:48Z,2026-05-03,1,17,4,23.53
2026-05-02T23:01:48Z,2026-05-03,2,17,4,23.53
2026-05-02T23:01:48Z,2026-05-03,3,17,12,70.59
2026-05-02T23:16:27Z,2026-05-03,1,17,4,23.53
2026-05-02T23:16:27Z,2026-05-03,2,17,4,23.53
2026-05-02T23:16:27Z,2026-05-03,3,17,12,70.59
2026-05-02T23:31:21Z,2026-05-03,1,17,4,23.53
2026-05-02T23:31:21Z,2026-05-03,2,17,4,23.53
2026-05-02T23:31:21Z,2026-05-03,3,17,12,70.59
2026-05-02T23:41:28Z,2026-05-03,1,17,4,23.53
2026-05-02T23:41:28Z,2026-05-03,2,17,4,23.53
2026-05-02T23:41:28Z,2026-05-03,3,17,12,70.59
2026-05-02T23:46:20Z,2026-05-03,1,17,4,23.53
2026-05-02T23:46:20Z,2026-05-03,2,17,4,23.53
2026-05-02T23:46:20Z,2026-05-03,3,17,12,70.59
2026-05-02T23:51:27Z,2026-05-03,1,17,4,23.53
2026-05-02T23:51:27Z,2026-05-03,2,17,4,23.53
2026-05-02T23:51:27Z,2026-05-03,3,17,12,70.59
2026-05-02T23:56:29Z,2026-05-03,1,17,4,23.53
2026-05-02T23:56:29Z,2026-05-03,2,17,4,23.53
2026-05-02T23:56:29Z,2026-05-03,3,17,12,70.59
2026-05-03T00:15:51Z,2026-05-03,1,17,4,23.53
2026-05-03T00:15:51Z,2026-05-03,2,17,4,23.53
2026-05-03T00:15:51Z,2026-05-03,3,17,12,70.59
2026-05-03T00:25:53Z,2026-05-03,1,17,4,23.53
2026-05-03T00:25:53Z,2026-05-03,2,17,4,23.53
2026-05-03T00:25:53Z,2026-05-03,3,17,12,70.59
2026-05-03T00:30:55Z,2026-05-03,1,17,4,23.53
2026-05-03T00:30:55Z,2026-05-03,2,17,4,23.53
2026-05-03T00:30:55Z,2026-05-03,3,17,12,70.59
2026-05-03T00:50:54Z,2026-05-03,1,17,4,23.53
2026-05-03T00:50:54Z,2026-05-03,2,17,4,23.53
2026-05-03T00:50:54Z,2026-05-03,3,17,12,70.59
2026-05-03T09:15:56Z,2026-05-03,1,17,4,23.53
2026-05-03T09:15:56Z,2026-05-03,2,17,4,23.53
2026-05-03T09:15:56Z,2026-05-03,3,17,12,70.59
2026-05-03T09:20:50Z,2026-05-03,1,17,4,23.53
2026-05-03T09:20:50Z,2026-05-03,2,17,4,23.53
2026-05-03T09:20:50Z,2026-05-03,3,17,12,70.59
2026-05-03T09:25:51Z,2026-05-03,1,17,4,23.53
2026-05-03T09:25:51Z,2026-05-03,2,17,4,23.53
2026-05-03T09:25:51Z,2026-05-03,3,17,12,70.59
2026-05-03T09:35:54Z,2026-05-03,1,17,4,23.53
2026-05-03T09:35:54Z,2026-05-03,2,17,4,23.53
2026-05-03T09:35:54Z,2026-05-03,3,17,12,70.59
2026-05-03T09:45:51Z,2026-05-03,1,17,4,23.53
2026-05-03T09:45:51Z,2026-05-03,2,17,4,23.53
2026-05-03T09:45:51Z,2026-05-03,3,17,12,70.59
2026-05-03T10:05:50Z,2026-05-03,1,17,4,23.53
2026-05-03T10:05:50Z,2026-05-03,2,17,4,23.53
2026-05-03T10:05:50Z,2026-05-03,3,17,12,70.59
2026-05-03T10:15:55Z,2026-05-03,1,17,4,23.53
2026-05-03T10:15:55Z,2026-05-03,2,17,4,23.53
2026-05-03T10:15:55Z,2026-05-03,3,17,12,70.59
2026-05-03T10:21:04Z,2026-05-03,1,17,4,23.53
2026-05-03T10:21:04Z,2026-05-03,2,17,4,23.53
2026-05-03T10:21:04Z,2026-05-03,3,17,12,70.59
2026-05-03T11:00:57Z,2026-05-03,1,17,4,23.53
2026-05-03T11:00:57Z,2026-05-03,2,17,4,23.53
2026-05-03T11:00:57Z,2026-05-03,3,17,12,70.59
2026-05-03T11:20:53Z,2026-05-03,1,17,4,23.53
2026-05-03T11:20:53Z,2026-05-03,2,17,4,23.53
2026-05-03T11:20:53Z,2026-05-03,3,17,12,70.59
2026-05-03T11:25:54Z,2026-05-03,1,17,4,23.53
2026-05-03T11:25:54Z,2026-05-03,2,17,4,23.53
2026-05-03T11:25:54Z,2026-05-03,3,17,12,70.59
2026-05-03T11:35:53Z,2026-05-03,1,17,4,23.53
2026-05-03T11:35:53Z,2026-05-03,2,17,4,23.53
2026-05-03T11:35:53Z,2026-05-03,3,17,12,70.59
2026-05-03T11:40:51Z,2026-05-03,1,17,4,23.53
2026-05-03T11:40:51Z,2026-05-03,2,17,4,23.53
2026-05-03T11:40:51Z,2026-05-03,3,17,12,70.59
2026-05-03T11:55:57Z,2026-05-03,1,17,4,23.53
2026-05-03T11:55:57Z,2026-05-03,2,17,4,23.53
2026-05-03T11:55:57Z,2026-05-03,3,17,12,70.59
2026-05-03T12:05:53Z,2026-05-03,1,17,4,23.53
2026-05-03T12:05:53Z,2026-05-03,2,17,4,23.53
2026-05-03T12:05:53Z,2026-05-03,3,17,12,70.59
2026-05-03T12:21:01Z,2026-05-03,1,17,4,23.53
2026-05-03T12:21:01Z,2026-05-03,2,17,4,23.53
2026-05-03T12:21:01Z,2026-05-03,3,17,12,70.59
2026-05-03T12:35:55Z,2026-05-03,1,17,4,23.53
2026-05-03T12:35:55Z,2026-05-03,2,17,4,23.53
2026-05-03T12:35:55Z,2026-05-03,3,17,12,70.59
2026-05-03T12:40:57Z,2026-05-03,1,17,4,23.53
2026-05-03T12:40:57Z,2026-05-03,2,17,4,23.53
2026-05-03T12:40:57Z,2026-05-03,3,17,12,70.59
2026-05-03T12:45:53Z,2026-05-03,1,17,4,23.53
2026-05-03T12:45:53Z,2026-05-03,2,17,4,23.53
2026-05-03T12:45:53Z,2026-05-03,3,17,12,70.59
2026-05-03T13:10:57Z,2026-05-03,1,17,4,23.53
2026-05-03T13:10:57Z,2026-05-03,2,17,4,23.53
2026-05-03T13:10:57Z,2026-05-03,3,17,12,70.59
2026-05-03T13:20:53Z,2026-05-03,1,17,4,23.53
2026-05-03T13:20:53Z,2026-05-03,2,17,4,23.53
2026-05-03T13:20:53Z,2026-05-03,3,17,12,70.59
2026-05-03T13:35:59Z,2026-05-03,1,17,4,23.53
2026-05-03T13:35:59Z,2026-05-03,2,17,4,23.53
2026-05-03T13:35:59Z,2026-05-03,3,17,12,70.59
2026-05-03T13:45:58Z,2026-05-03,1,17,4,23.53
2026-05-03T13:45:58Z,2026-05-03,2,17,4,23.53
2026-05-03T13:45:58Z,2026-05-03,3,17,12,70.59
2026-05-03T13:55:55Z,2026-05-03,1,17,4,23.53
2026-05-03T13:55:55Z,2026-05-03,2,17,4,23.53
2026-05-03T13:55:55Z,2026-05-03,3,17,12,70.59
2026-05-03T14:00:55Z,2026-05-03,1,17,4,23.53
2026-05-03T14:00:55Z,2026-05-03,2,17,4,23.53
2026-05-03T14:00:55Z,2026-05-03,3,17,12,70.59
2026-05-03T14:25:50Z,2026-05-03,1,17,4,23.53
2026-05-03T14:25:50Z,2026-05-03,2,17,4,23.53
2026-05-03T14:25:50Z,2026-05-03,3,17,12,70.59
2026-05-03T14:30:56Z,2026-05-03,1,17,4,23.53
2026-05-03T14:30:56Z,2026-05-03,2,17,4,23.53
2026-05-03T14:30:56Z,2026-05-03,3,17,12,70.59
2026-05-03T14:36:53Z,2026-05-03,1,17,4,23.53
2026-05-03T14:36:53Z,2026-05-03,2,17,4,23.53
2026-05-03T14:36:53Z,2026-05-03,3,17,12,70.59
2026-05-03T14:50:57Z,2026-05-03,1,17,4,23.53
2026-05-03T14:50:57Z,2026-05-03,2,17,4,23.53
2026-05-03T14:50:57Z,2026-05-03,3,17,12,70.59
2026-05-03T15:27:35Z,2026-05-03,1,17,4,23.53
2026-05-03T15:27:35Z,2026-05-03,2,17,4,23.53
2026-05-03T15:27:35Z,2026-05-03,3,17,12,70.59
2026-05-03T15:35:52Z,2026-05-03,1,17,4,23.53
2026-05-03T15:35:52Z,2026-05-03,2,17,4,23.53
2026-05-03T15:35:52Z,2026-05-03,3,17,12,70.59
2026-05-03T15:40:58Z,2026-05-03,1,17,4,23.53
2026-05-03T15:40:58Z,2026-05-03,2,17,4,23.53
2026-05-03T15:40:58Z,2026-05-03,3,17,12,70.59
2026-05-03T16:05:53Z,2026-05-03,1,17,4,23.53
2026-05-03T16:05:53Z,2026-05-03,2,17,4,23.53
2026-05-03T16:05:53Z,2026-05-03,3,17,12,70.59
2026-05-03T16:10:48Z,2026-05-03,1,17,4,23.53
2026-05-03T16:10:48Z,2026-05-03,2,17,4,23.53
2026-05-03T16:10:48Z,2026-05-03,3,17,12,70.59
2026-05-03T16:16:02Z,2026-05-03,1,17,4,23.53
2026-05-03T16:16:02Z,2026-05-03,2,17,4,23.53
2026-05-03T16:16:02Z,2026-05-03,3,17,12,70.59
2026-05-03T16:25:52Z,2026-05-03,1,17,4,23.53
2026-05-03T16:25:52Z,2026-05-03,2,17,4,23.53
2026-05-03T16:25:52Z,2026-05-03,3,17,12,70.59
2026-05-03T16:31:00Z,2026-05-03,1,17,4,23.53
2026-05-03T16:31:00Z,2026-05-03,2,17,4,23.53
2026-05-03T16:31:00Z,2026-05-03,3,17,12,70.59
2026-05-03T16:35:53Z,2026-05-03,1,17,4,23.53
2026-05-03T16:35:53Z,2026-05-03,2,17,4,23.53
2026-05-03T16:35:53Z,2026-05-03,3,17,12,70.59
2026-05-03T16:51:04Z,2026-05-03,1,17,4,23.53
2026-05-03T16:51:04Z,2026-05-03,2,17,4,23.53
2026-05-03T16:51:04Z,2026-05-03,3,17,12,70.59
2026-05-03T17:00:57Z,2026-05-03,1,17,4,23.53
2026-05-03T17:00:57Z,2026-05-03,2,17,4,23.53
2026-05-03T17:00:57Z,2026-05-03,3,17,12,70.59
2026-05-03T17:07:41Z,2026-05-03,1,17,4,23.53
2026-05-03T17:07:41Z,2026-05-03,2,17,4,23.53
2026-05-03T17:07:41Z,2026-05-03,3,17,12,70.59
2026-05-03T17:30:57Z,2026-05-03,1,17,4,23.53
2026-05-03T17:30:57Z,2026-05-03,2,17,4,23.53
2026-05-03T17:30:57Z,2026-05-03,3,17,12,70.59
2026-05-03T17:50:50Z,2026-05-03,1,17,4,23.53
2026-05-03T17:50:50Z,2026-05-03,2,17,4,23.53
2026-05-03T17:50:50Z,2026-05-03,3,17,12,70.59
2026-05-03T17:55:59Z,2026-05-03,1,17,4,23.53
2026-05-03T17:55:59Z,2026-05-03,2,17,4,23.53
2026-05-03T17:55:59Z,2026-05-03,3,17,12,70.59
2026-05-03T18:00:54Z,2026-05-03,1,17,4,23.53
2026-05-03T18:00:54Z,2026-05-03,2,17,4,23.53
2026-05-03T18:00:54Z,2026-05-03,3,17,12,70.59
2026-05-03T18:10:48Z,2026-05-03,1,17,4,23.53
2026-05-03T18:10:48Z,2026-05-03,2,17,4,23.53
2026-05-03T18:10:48Z,2026-05-03,3,17,12,70.59
2026-05-03T18:15:52Z,2026-05-03,1,17,4,23.53
2026-05-03T18:15:52Z,2026-05-03,2,17,4,23.53
2026-05-03T18:15:52Z,2026-05-03,3,17,12,70.59
2026-05-03T18:21:02Z,2026-05-03,1,17,4,23.53
2026-05-03T18:21:02Z,2026-05-03,2,17,4,23.53
2026-05-03T18:21:02Z,2026-05-03,3,17,12,70.59
2026-05-03T18:25:54Z,2026-05-03,1,17,4,23.53
2026-05-03T18:25:54Z,2026-05-03,2,17,4,23.53
2026-05-03T18:25:54Z,2026-05-03,3,17,12,70.59
2026-05-03T18:45:53Z,2026-05-03,1,17,4,23.53
2026-05-03T18:45:53Z,2026-05-03,2,17,4,23.53
2026-05-03T18:45:53Z,2026-05-03,3,17,12,70.59
2026-05-03T19:01:01Z,2026-05-03,1,17,4,23.53
2026-05-03T19:01:01Z,2026-05-03,2,17,4,23.53
2026-05-03T19:01:01Z,2026-05-03,3,17,12,70.59
2026-05-03T19:12:58Z,2026-05-03,1,17,4,23.53
2026-05-03T19:12:58Z,2026-05-03,2,17,4,23.53
2026-05-03T19:12:58Z,2026-05-03,3,17,12,70.59
2026-05-03T19:35:57Z,2026-05-03,1,17,4,23.53
2026-05-03T19:35:57Z,2026-05-03,2,17,4,23.53
2026-05-03T19:35:57Z,2026-05-03,3,17,12,70.59
2026-05-03T19:40:59Z,2026-05-03,1,17,4,23.53
2026-05-03T19:40:59Z,2026-05-03,2,17,4,23.53
2026-05-03T19:40:59Z,2026-05-03,3,17,12,70.59
2026-05-03T19:45:58Z,2026-05-03,1,17,4,23.53
2026-05-03T19:45:58Z,2026-05-03,2,17,4,23.53
2026-05-03T19:45:58Z,2026-05-03,3,17,12,70.59
2026-05-03T19:50:52Z,2026-05-03,1,17,4,23.53
2026-05-03T19:50:52Z,2026-05-03,2,17,4,23.53
2026-05-03T19:50:52Z,2026-05-03,3,17,12,70.59
2026-05-03T20:00:58Z,2026-05-03,1,17,4,23.53
2026-05-03T20:00:58Z,2026-05-03,2,17,4,23.53
2026-05-03T20:00:58Z,2026-05-03,3,17,12,70.59
2026-05-03T20:05:57Z,2026-05-03,1,17,4,23.53
2026-05-03T20:05:57Z,2026-05-03,2,17,4,23.53
2026-05-03T20:05:57Z,2026-05-03,3,17,12,70.59
2026-05-03T20:10:57Z,2026-05-03,1,17,4,23.53
2026-05-03T20:10:57Z,2026-05-03,2,17,4,23.53
2026-05-03T20:10:57Z,2026-05-03,3,17,12,70.59
2026-05-03T20:35:57Z,2026-05-03,1,17,4,23.53
2026-05-03T20:35:57Z,2026-05-03,2,17,4,23.53
2026-05-03T20:35:57Z,2026-05-03,3,17,12,70.59
2026-05-03T20:45:50Z,2026-05-03,1,17,4,23.53
2026-05-03T20:45:50Z,2026-05-03,2,17,4,23.53
2026-05-03T20:45:50Z,2026-05-03,3,17,12,70.59
2026-05-03T21:01:00Z,2026-05-03,1,17,4,23.53
2026-05-03T21:01:00Z,2026-05-03,2,17,4,23.53
2026-05-03T21:01:00Z,2026-05-03,3,17,12,70.59
2026-05-03T21:05:51Z,2026-05-03,1,17,4,23.53
2026-05-03T21:05:51Z,2026-05-03,2,17,4,23.53
2026-05-03T21:05:51Z,2026-05-03,3,17,12,70.59
2026-05-03T21:15:50Z,2026-05-03,1,17,4,23.53
2026-05-03T21:15:50Z,2026-05-03,2,17,4,23.53
2026-05-03T21:15:50Z,2026-05-03,3,17,12,70.59
2026-05-03T21:21:00Z,2026-05-03,1,17,4,23.53
2026-05-03T21:21:00Z,2026-05-03,2,17,4,23.53
2026-05-03T21:21:00Z,2026-05-03,3,17,12,70.59
2026-05-03T21:55:52Z,2026-05-03,1,17,4,23.53
2026-05-03T21:55:52Z,2026-05-03,2,17,4,23.53
2026-05-03T21:55:52Z,2026-05-03,3,17,12,70.59
2026-05-03T22:05:58Z,2026-05-03,1,17,4,23.53
2026-05-03T22:05:58Z,2026-05-03,2,17,4,23.53
2026-05-03T22:05:58Z,2026-05-03,3,17,12,70.59
2026-05-03T22:15:53Z,2026-05-03,1,17,4,23.53
2026-05-03T22:15:53Z,2026-05-03,2,17,4,23.53
2026-05-03T22:15:53Z,2026-05-03,3,17,12,70.59
2026-05-03T22:20:59Z,2026-05-03,1,17,4,23.53
2026-05-03T22:20:59Z,2026-05-03,2,17,4,23.53
2026-05-03T22:20:59Z,2026-05-03,3,17,12,70.59
2026-05-03T22:30:57Z,2026-05-03,1,17,4,23.53
2026-05-03T22:30:57Z,2026-05-03,2,17,4,23.53
2026-05-03T22:30:57Z,2026-05-03,3,17,12,70.59
2026-05-03T22:45:51Z,2026-05-03,1,17,4,23.53
2026-05-03T22:45:51Z,2026-05-03,2,17,4,23.53
2026-05-03T22:45:51Z,2026-05-03,3,17,12,70.59
2026-05-03T22:56:06Z,2026-05-03,1,17,4,23.53
2026-05-03T22:56:06Z,2026-05-03,2,17,4,23.53
2026-05-03T22:56:06Z,2026-05-03,3,17,12,70.59
2026-05-03T23:00:59Z,2026-05-03,1,17,4,23.53
2026-05-03T23:00:59Z,2026-05-03,2,17,4,23.53
2026-05-03T23:00:59Z,2026-05-03,3,17,12,70.59
2026-05-03T23:06:07Z,2026-05-03,1,17,4,23.53
2026-05-03T23:06:07Z,2026-05-03,2,17,4,23.53
2026-05-03T23:06:07Z,2026-05-03,3,17,12,70.59
2026-05-03T23:20:55Z,2026-05-03,1,17,4,23.53
2026-05-03T23:20:55Z,2026-05-03,2,17,4,23.53
2026-05-03T23:20:55Z,2026-05-03,3,17,12,70.59
2026-05-03T23:41:19Z,2026-05-03,1,17,4,23.53
2026-05-03T23:41:19Z,2026-05-03,2,17,4,23.53
2026-05-03T23:41:19Z,2026-05-03,3,17,12,70.59
2026-05-03T23:46:06Z,2026-05-03,1,17,4,23.53
2026-05-03T23:46:06Z,2026-05-03,2,17,4,23.53
2026-05-03T23:46:06Z,2026-05-03,3,17,12,70.59
2026-05-03T23:50:50Z,2026-05-03,1,17,4,23.53
2026-05-03T23:50:50Z,2026-05-03,2,17,4,23.53
2026-05-03T23:50:50Z,2026-05-03,3,17,12,70.59
2026-05-04T00:01:20Z,2026-05-04,1,17,6,35.29
2026-05-04T00:01:20Z,2026-05-04,2,17,8,47.06
2026-05-04T00:01:20Z,2026-05-04,3,17,6,35.29
2026-05-04T00:05:58Z,2026-05-04,1,17,6,35.29
2026-05-04T00:05:58Z,2026-05-04,2,17,8,47.06
2026-05-04T00:05:58Z,2026-05-04,3,17,6,35.29
2026-05-04T00:30:57Z,2026-05-04,1,17,6,35.29
2026-05-04T00:30:57Z,2026-05-04,2,17,8,47.06
2026-05-04T00:30:57Z,2026-05-04,3,17,6,35.29
2026-05-04T00:40:56Z,2026-05-04,1,17,6,35.29
2026-05-04T00:40:56Z,2026-05-04,2,17,8,47.06
2026-05-04T00:40:56Z,2026-05-04,3,17,6,35.29
2026-05-04T00:45:58Z,2026-05-04,1,17,6,35.29
2026-05-04T00:45:58Z,2026-05-04,2,17,8,47.06
2026-05-04T00:45:58Z,2026-05-04,3,17,6,35.29
2026-05-09T09:06:00Z,2026-05-09,1,17,11,64.71
2026-05-09T09:06:00Z,2026-05-09,2,17,8.5,50.0
2026-05-09T09:06:00Z,2026-05-09,3,17,12,70.59
2026-05-09T09:15:53Z,2026-05-09,1,17,11,64.71
2026-05-09T09:15:53Z,2026-05-09,2,17,8.5,50.0
2026-05-09T09:15:53Z,2026-05-09,3,17,12,70.59
2026-05-09T09:21:03Z,2026-05-09,1,17,11,64.71
2026-05-09T09:21:03Z,2026-05-09,2,17,8.5,50.0
2026-05-09T09:21:03Z,2026-05-09,3,17,12,70.59
2026-05-09T10:01:04Z,2026-05-09,1,17,11,64.71
2026-05-09T10:01:04Z,2026-05-09,2,17,8.5,50.0
2026-05-09T10:01:04Z,2026-05-09,3,17,12,70.59
2026-05-09T10:10:59Z,2026-05-09,1,17,11,64.71
2026-05-09T10:10:59Z,2026-05-09,2,17,8.5,50.0
2026-05-09T10:10:59Z,2026-05-09,3,17,12,70.59
2026-05-09T10:26:01Z,2026-05-09,1,17,11,64.71
2026-05-09T10:26:01Z,2026-05-09,2,17,8.5,50.0
2026-05-09T10:26:01Z,2026-05-09,3,17,12,70.59
2026-05-09T10:30:53Z,2026-05-09,1,17,11,64.71
2026-05-09T10:30:53Z,2026-05-09,2,17,8.5,50.0
2026-05-09T10:30:53Z,2026-05-09,3,17,12,70.59
2026-05-09T10:39:22Z,2026-05-09,1,17,11,64.71
2026-05-09T10:39:22Z,2026-05-09,2,17,8.5,50.0
2026-05-09T10:39:22Z,2026-05-09,3,17,12,70.59
2026-05-09T10:45:52Z,2026-05-09,1,17,11,64.71
2026-05-09T10:45:52Z,2026-05-09,2,17,8.5,50.0
2026-05-09T10:45:52Z,2026-05-09,3,17,12,70.59
2026-05-09T11:05:52Z,2026-05-09,1,17,11,64.71
2026-05-09T11:05:52Z,2026-05-09,2,17,8.5,50.0
2026-05-09T11:05:52Z,2026-05-09,3,17,12,70.59
2026-05-09T11:25:58Z,2026-05-09,1,17,11,64.71
2026-05-09T11:25:58Z,2026-05-09,2,17,8.5,50.0
2026-05-09T11:25:58Z,2026-05-09,3,17,12,70.59
2026-05-09T11:45:56Z,2026-05-09,1,17,11,64.71
2026-05-09T11:45:56Z,2026-05-09,2,17,8.5,50.0
2026-05-09T11:45:56Z,2026-05-09,3,17,12,70.59
2026-05-09T11:55:52Z,2026-05-09,1,17,11,64.71
2026-05-09T11:55:52Z,2026-05-09,2,17,8.5,50.0
2026-05-09T11:55:52Z,2026-05-09,3,17,12,70.59
2026-05-09T12:00:57Z,2026-05-09,1,17,11,64.71
2026-05-09T12:00:57Z,2026-05-09,2,17,8.5,50.0
2026-05-09T12:00:57Z,2026-05-09,3,17,12,70.59
2026-05-09T12:15:54Z,2026-05-09,1,17,11,64.71
2026-05-09T12:15:54Z,2026-05-09,2,17,8.5,50.0
2026-05-09T12:15:54Z,2026-05-09,3,17,12,70.59
2026-05-09T12:20:57Z,2026-05-09,1,17,11,64.71
2026-05-09T12:20:57Z,2026-05-09,2,17,8.5,50.0
2026-05-09T12:20:57Z,2026-05-09,3,17,12,70.59
2026-05-09T12:36:44Z,2026-05-09,1,17,11,64.71
2026-05-09T12:36:44Z,2026-05-09,2,17,8.5,50.0
2026-05-09T12:36:44Z,2026-05-09,3,17,12,70.59
2026-05-09T12:40:56Z,2026-05-09,1,17,11,64.71
2026-05-09T12:40:56Z,2026-05-09,2,17,8.5,50.0
2026-05-09T12:40:56Z,2026-05-09,3,17,12,70.59
2026-05-09T12:50:57Z,2026-05-09,1,17,11,64.71
2026-05-09T12:50:57Z,2026-05-09,2,17,8.5,50.0
2026-05-09T12:50:57Z,2026-05-09,3,17,12,70.59
2026-05-09T12:55:55Z,2026-05-09,1,17,11,64.71
2026-05-09T12:55:55Z,2026-05-09,2,17,8.5,50.0
2026-05-09T12:55:55Z,2026-05-09,3,17,12,70.59
2026-05-09T13:00:57Z,2026-05-09,1,17,11,64.71
2026-05-09T13:00:57Z,2026-05-09,2,17,8.5,50.0
2026-05-09T13:00:57Z,2026-05-09,3,17,12,70.59
2026-05-09T13:05:50Z,2026-05-09,1,17,11,64.71
2026-05-09T13:05:50Z,2026-05-09,2,17,8.5,50.0
2026-05-09T13:05:50Z,2026-05-09,3,17,12,70.59
2026-05-09T13:10:53Z,2026-05-09,1,17,11,64.71
2026-05-09T13:10:53Z,2026-05-09,2,17,8.5,50.0
2026-05-09T13:10:53Z,2026-05-09,3,17,12,70.59
2026-05-09T13:35:54Z,2026-05-09,1,17,11,64.71
2026-05-09T13:35:54Z,2026-05-09,2,17,8.5,50.0
2026-05-09T13:35:54Z,2026-05-09,3,17,12,70.59
2026-05-09T13:55:56Z,2026-05-09,1,17,11,64.71
2026-05-09T13:55:56Z,2026-05-09,2,17,8.5,50.0
2026-05-09T13:55:56Z,2026-05-09,3,17,12,70.59
2026-05-09T14:03:15Z,2026-05-09,1,17,11,64.71
2026-05-09T14:03:15Z,2026-05-09,2,17,8.5,50.0
2026-05-09T14:03:15Z,2026-05-09,3,17,12,70.59
2026-05-09T14:10:52Z,2026-05-09,1,17,11,64.71
2026-05-09T14:10:52Z,2026-05-09,2,17,8.5,50.0
2026-05-09T14:10:52Z,2026-05-09,3,17,12,70.59
2026-05-09T14:45:57Z,2026-05-09,1,17,11,64.71
2026-05-09T14:45:57Z,2026-05-09,2,17,8.5,50.0
2026-05-09T14:45:57Z,2026-05-09,3,17,12,70.59
2026-05-09T15:00:59Z,2026-05-09,1,17,11,64.71
2026-05-09T15:00:59Z,2026-05-09,2,17,8.5,50.0
2026-05-09T15:00:59Z,2026-05-09,3,17,12,70.59
2026-05-09T15:05:55Z,2026-05-09,1,17,11,64.71
2026-05-09T15:05:55Z,2026-05-09,2,17,8.5,50.0
2026-05-09T15:05:55Z,2026-05-09,3,17,12,70.59
2026-05-09T15:15:52Z,2026-05-09,1,17,11,64.71
2026-05-09T15:15:52Z,2026-05-09,2,17,8.5,50.0
2026-05-09T15:15:52Z,2026-05-09,3,17,12,70.59
2026-05-09T15:20:50Z,2026-05-09,1,17,11,64.71
2026-05-09T15:20:50Z,2026-05-09,2,17,8.5,50.0
2026-05-09T15:20:50Z,2026-05-09,3,17,12,70.59
2026-05-09T15:25:56Z,2026-05-09,1,17,11,64.71
2026-05-09T15:25:56Z,2026-05-09,2,17,8.5,50.0
2026-05-09T15:25:56Z,2026-05-09,3,17,12,70.59
2026-05-09T15:35:50Z,2026-05-09,1,17,11,64.71
2026-05-09T15:35:50Z,2026-05-09,2,17,8.5,50.0
2026-05-09T15:35:50Z,2026-05-09,3,17,12,70.59
2026-05-09T15:50:58Z,2026-05-09,1,17,11,64.71
2026-05-09T15:50:58Z,2026-05-09,2,17,8.5,50.0
2026-05-09T15:50:58Z,2026-05-09,3,17,12,70.59
2026-05-09T15:55:59Z,2026-05-09,1,17,11,64.71
2026-05-09T15:55:59Z,2026-05-09,2,17,8.5,50.0
2026-05-09T15:55:59Z,2026-05-09,3,17,12,70.59
2026-05-09T16:10:51Z,2026-05-09,1,17,11,64.71
2026-05-09T16:10:51Z,2026-05-09,2,17,8.5,50.0
2026-05-09T16:10:51Z,2026-05-09,3,17,12,70.59
2026-05-09T16:20:54Z,2026-05-09,1,17,11,64.71
2026-05-09T16:20:54Z,2026-05-09,2,17,8.5,50.0
2026-05-09T16:20:54Z,2026-05-09,3,17,12,70.59
2026-05-09T16:25:49Z,2026-05-09,1,17,11,64.71
2026-05-09T16:25:49Z,2026-05-09,2,17,8.5,50.0
2026-05-09T16:25:49Z,2026-05-09,3,17,12,70.59
2026-05-09T16:30:55Z,2026-05-09,1,17,11,64.71
2026-05-09T16:30:55Z,2026-05-09,2,17,8.5,50.0
2026-05-09T16:30:55Z,2026-05-09,3,17,12,70.59
2026-05-09T16:45:58Z,2026-05-09,1,17,11,64.71
2026-05-09T16:45:58Z,2026-05-09,2,17,8.5,50.0
2026-05-09T16:45:58Z,2026-05-09,3,17,12,70.59
2026-05-09T17:11:03Z,2026-05-09,1,17,11,64.71
2026-05-09T17:11:03Z,2026-05-09,2,17,7.5,44.12
2026-05-09T17:11:03Z,2026-05-09,3,17,12,70.59
2026-05-09T17:26:04Z,2026-05-09,1,17,11,64.71
2026-05-09T17:26:04Z,2026-05-09,2,17,8.5,50.0
2026-05-09T17:26:04Z,2026-05-09,3,17,12,70.59
2026-05-09T17:45:52Z,2026-05-09,1,17,11,64.71
2026-05-09T17:45:52Z,2026-05-09,2,17,10,58.82
2026-05-09T17:45:52Z,2026-05-09,3,17,12,70.59
2026-05-09T18:11:13Z,2026-05-09,1,17,11,64.71
2026-05-09T18:11:13Z,2026-05-09,2,17,10,58.82
2026-05-09T18:11:13Z,2026-05-09,3,17,12,70.59
2026-05-09T18:50:53Z,2026-05-09,1,17,11,64.71
2026-05-09T18:50:53Z,2026-05-09,2,17,10,58.82
2026-05-09T18:50:53Z,2026-05-09,3,17,12,70.59
2026-05-09T19:10:49Z,2026-05-09,1,17,11,64.71
2026-05-09T19:10:49Z,2026-05-09,2,17,10,58.82
2026-05-09T19:10:49Z,2026-05-09,3,17,12,70.59
2026-05-09T19:25:54Z,2026-05-09,1,17,11,64.71
2026-05-09T19:25:54Z,2026-05-09,2,17,10,58.82
2026-05-09T19:25:54Z,2026-05-09,3,17,12,70.59
2026-05-09T19:31:01Z,2026-05-09,1,17,11,64.71
2026-05-09T19:31:01Z,2026-05-09,2,17,10,58.82
2026-05-09T19:31:01Z,2026-05-09,3,17,12,70.59
2026-05-09T19:45:50Z,2026-05-09,1,17,11,64.71
2026-05-09T19:45:50Z,2026-05-09,2,17,10,58.82
2026-05-09T19:45:50Z,2026-05-09,3,17,12,70.59
2026-05-09T20:00:59Z,2026-05-09,1,17,11,64.71
2026-05-09T20:00:59Z,2026-05-09,2,17,10,58.82
2026-05-09T20:00:59Z,2026-05-09,3,17,12,70.59
2026-05-09T20:10:52Z,2026-05-09,1,17,11,64.71
2026-05-09T20:10:52Z,2026-05-09,2,17,10,58.82
2026-05-09T20:10:52Z,2026-05-09,3,17,12,70.59
2026-05-09T20:15:57Z,2026-05-09,1,17,11,64.71
2026-05-09T20:15:57Z,2026-05-09,2,17,10,58.82
2026-05-09T20:15:57Z,2026-05-09,3,17,12,70.59
2026-05-09T20:30:57Z,2026-05-09,1,17,11,64.71
2026-05-09T20:30:57Z,2026-05-09,2,17,10,58.82
2026-05-09T20:30:57Z,2026-05-09,3,17,12,70.59
2026-05-09T21:10:52Z,2026-05-09,1,17,11,64.71
2026-05-09T21:10:52Z,2026-05-09,2,17,10,58.82
2026-05-09T21:10:52Z,2026-05-09,3,17,12,70.59
2026-05-09T21:35:58Z,2026-05-09,1,17,11,64.71
2026-05-09T21:35:58Z,2026-05-09,2,17,10,58.82
2026-05-09T21:35:58Z,2026-05-09,3,17,12,70.59
2026-05-09T22:01:06Z,2026-05-09,1,17,11,64.71
2026-05-09T22:01:06Z,2026-05-09,2,17,10,58.82
2026-05-09T22:01:06Z,2026-05-09,3,17,12,70.59
2026-05-09T22:25:53Z,2026-05-09,1,17,11,64.71
2026-05-09T22:25:53Z,2026-05-09,2,17,10,58.82
2026-05-09T22:25:53Z,2026-05-09,3,17,12,70.59
2026-05-09T22:35:55Z,2026-05-09,1,17,11,64.71
2026-05-09T22:35:55Z,2026-05-09,2,17,10,58.82
2026-05-09T22:35:55Z,2026-05-09,3,17,12,70.59
2026-05-09T22:45:52Z,2026-05-09,1,17,11,64.71
2026-05-09T22:45:52Z,2026-05-09,2,17,10,58.82
2026-05-09T22:45:52Z,2026-05-09,3,17,12,70.59
2026-05-09T22:50:56Z,2026-05-09,1,17,11,64.71
2026-05-09T22:50:56Z,2026-05-09,2,17,10,58.82
2026-05-09T22:50:56Z,2026-05-09,3,17,12,70.59
2026-05-09T23:06:13Z,2026-05-09,1,17,11,64.71
2026-05-09T23:06:13Z,2026-05-09,2,17,10,58.82
2026-05-09T23:06:13Z,2026-05-09,3,17,12,70.59
2026-05-09T23:11:01Z,2026-05-09,1,17,11,64.71
2026-05-09T23:11:01Z,2026-05-09,2,17,10,58.82
2026-05-09T23:11:01Z,2026-05-09,3,17,12,70.59
2026-05-09T23:15:56Z,2026-05-09,1,17,11,64.71
2026-05-09T23:15:56Z,2026-05-09,2,17,10,58.82
2026-05-09T23:15:56Z,2026-05-09,3,17,12,70.59
2026-05-09T23:41:03Z,2026-05-09,1,17,11,64.71
2026-05-09T23:41:03Z,2026-05-09,2,17,10,58.82
2026-05-09T23:41:03Z,2026-05-09,3,17,12,70.59
2026-05-10T00:16:03Z,2026-05-10,1,17,4,23.53
2026-05-10T00:16:03Z,2026-05-10,2,17,6,35.29
2026-05-10T00:16:03Z,2026-05-10,3,17,10,58.82
2026-05-10T00:20:55Z,2026-05-10,1,17,4,23.53
2026-05-10T00:20:55Z,2026-05-10,2,17,6,35.29
2026-05-10T00:20:55Z,2026-05-10,3,17,10,58.82
2026-05-10T00:25:55Z,2026-05-10,1,17,4,23.53
2026-05-10T00:25:55Z,2026-05-10,2,17,6,35.29
2026-05-10T00:25:55Z,2026-05-10,3,17,10,58.82
2026-05-10T00:50:59Z,2026-05-10,1,17,4,23.53
2026-05-10T00:50:59Z,2026-05-10,2,17,6,35.29
2026-05-10T00:50:59Z,2026-05-10,3,17,10,58.82
2026-05-10T00:56:00Z,2026-05-10,1,17,4,23.53
2026-05-10T00:56:00Z,2026-05-10,2,17,6,35.29
2026-05-10T00:56:00Z,2026-05-10,3,17,10,58.82
2026-05-10T09:10:56Z,2026-05-10,1,17,4,23.53
2026-05-10T09:10:56Z,2026-05-10,2,17,6,35.29
2026-05-10T09:10:56Z,2026-05-10,3,17,10,58.82
2026-05-10T09:15:55Z,2026-05-10,1,17,4,23.53
2026-05-10T09:15:55Z,2026-05-10,2,17,6,35.29
2026-05-10T09:15:55Z,2026-05-10,3,17,10,58.82
2026-05-10T09:30:57Z,2026-05-10,1,17,4,23.53
2026-05-10T09:30:57Z,2026-05-10,2,17,6,35.29
2026-05-10T09:30:57Z,2026-05-10,3,17,10,58.82
2026-05-10T09:40:59Z,2026-05-10,1,17,4,23.53
2026-05-10T09:40:59Z,2026-05-10,2,17,6,35.29
2026-05-10T09:40:59Z,2026-05-10,3,17,10,58.82
2026-05-10T10:05:57Z,2026-05-10,1,17,4,23.53
2026-05-10T10:05:57Z,2026-05-10,2,17,6,35.29
2026-05-10T10:05:57Z,2026-05-10,3,17,10,58.82
2026-05-10T10:15:55Z,2026-05-10,1,17,4,23.53
2026-05-10T10:15:55Z,2026-05-10,2,17,6,35.29
2026-05-10T10:15:55Z,2026-05-10,3,17,10,58.82
2026-05-10T10:20:54Z,2026-05-10,1,17,4,23.53
2026-05-10T10:20:54Z,2026-05-10,2,17,6,35.29
2026-05-10T10:20:54Z,2026-05-10,3,17,10,58.82
2026-05-10T10:55:56Z,2026-05-10,1,17,4,23.53
2026-05-10T10:55:56Z,2026-05-10,2,17,6,35.29
2026-05-10T10:55:56Z,2026-05-10,3,17,10,58.82
2026-05-10T11:45:51Z,2026-05-10,1,17,4,23.53
2026-05-10T11:45:51Z,2026-05-10,2,17,6,35.29
2026-05-10T11:45:51Z,2026-05-10,3,17,10,58.82
2026-05-10T12:15:57Z,2026-05-10,1,17,4,23.53
2026-05-10T12:15:57Z,2026-05-10,2,17,6,35.29
2026-05-10T12:15:57Z,2026-05-10,3,17,10,58.82
2026-05-10T12:25:51Z,2026-05-10,1,17,4,23.53
2026-05-10T12:25:51Z,2026-05-10,2,17,6,35.29
2026-05-10T12:25:51Z,2026-05-10,3,17,10,58.82
2026-05-10T12:36:02Z,2026-05-10,1,17,4,23.53
2026-05-10T12:36:02Z,2026-05-10,2,17,6,35.29
2026-05-10T12:36:02Z,2026-05-10,3,17,10,58.82
2026-05-10T12:40:52Z,2026-05-10,1,17,4,23.53
2026-05-10T12:40:52Z,2026-05-10,2,17,6,35.29
2026-05-10T12:40:52Z,2026-05-10,3,17,10,58.82
2026-05-10T13:10:59Z,2026-05-10,1,17,4,23.53
2026-05-10T13:10:59Z,2026-05-10,2,17,6,35.29
2026-05-10T13:10:59Z,2026-05-10,3,17,10,58.82
2026-05-10T13:15:49Z,2026-05-10,1,17,4,23.53
2026-05-10T13:15:49Z,2026-05-10,2,17,6,35.29
2026-05-10T13:15:49Z,2026-05-10,3,17,10,58.82
2026-05-10T13:35:59Z,2026-05-10,1,17,4,23.53
2026-05-10T13:35:59Z,2026-05-10,2,17,6,35.29
2026-05-10T13:35:59Z,2026-05-10,3,17,10,58.82
2026-05-10T13:50:57Z,2026-05-10,1,17,4,23.53
2026-05-10T13:50:57Z,2026-05-10,2,17,6,35.29
2026-05-10T13:50:57Z,2026-05-10,3,17,10,58.82
2026-05-10T13:56:21Z,2026-05-10,1,17,4,23.53
2026-05-10T13:56:21Z,2026-05-10,2,17,6,35.29
2026-05-10T13:56:21Z,2026-05-10,3,17,10,58.82
2026-05-10T14:35:53Z,2026-05-10,1,17,4,23.53
2026-05-10T14:35:53Z,2026-05-10,2,17,6,35.29
2026-05-10T14:35:53Z,2026-05-10,3,17,10,58.82
2026-05-10T14:51:07Z,2026-05-10,1,17,4,23.53
2026-05-10T14:51:07Z,2026-05-10,2,17,6,35.29
2026-05-10T14:51:07Z,2026-05-10,3,17,10,58.82
2026-05-10T15:05:53Z,2026-05-10,1,17,4,23.53
2026-05-10T15:05:53Z,2026-05-10,2,17,6,35.29
2026-05-10T15:05:53Z,2026-05-10,3,17,10,58.82
2026-05-10T15:20:51Z,2026-05-10,1,17,4,23.53
2026-05-10T15:20:51Z,2026-05-10,2,17,6,35.29
2026-05-10T15:20:51Z,2026-05-10,3,17,10,58.82
2026-05-10T15:36:03Z,2026-05-10,1,17,4,23.53
2026-05-10T15:36:03Z,2026-05-10,2,17,6,35.29
2026-05-10T15:36:03Z,2026-05-10,3,17,10,58.82
2026-05-10T16:05:55Z,2026-05-10,1,17,4,23.53
2026-05-10T16:05:55Z,2026-05-10,2,17,6,35.29
2026-05-10T16:05:55Z,2026-05-10,3,17,10,58.82
2026-05-10T16:10:54Z,2026-05-10,1,17,4,23.53
2026-05-10T16:10:54Z,2026-05-10,2,17,6,35.29
2026-05-10T16:10:54Z,2026-05-10,3,17,10,58.82
2026-05-10T16:30:52Z,2026-05-10,1,17,4,23.53
2026-05-10T16:30:52Z,2026-05-10,2,17,6,35.29
2026-05-10T16:30:52Z,2026-05-10,3,17,10,58.82
2026-05-10T16:36:52Z,2026-05-10,1,17,4,23.53
2026-05-10T16:36:52Z,2026-05-10,2,17,6,35.29
2026-05-10T16:36:52Z,2026-05-10,3,17,10,58.82
2026-05-10T16:40:52Z,2026-05-10,1,17,4,23.53
2026-05-10T16:40:52Z,2026-05-10,2,17,6,35.29
2026-05-10T16:40:52Z,2026-05-10,3,17,10,58.82
2026-05-10T16:51:28Z,2026-05-10,1,17,4,23.53
2026-05-10T16:51:28Z,2026-05-10,2,17,6,35.29
2026-05-10T16:51:28Z,2026-05-10,3,17,10,58.82
2026-05-10T17:01:06Z,2026-05-10,1,17,4,23.53
2026-05-10T17:01:06Z,2026-05-10,2,17,6,35.29
2026-05-10T17:01:06Z,2026-05-10,3,17,10,58.82
2026-05-10T17:21:01Z,2026-05-10,1,17,4,23.53
2026-05-10T17:21:01Z,2026-05-10,2,17,6,35.29
2026-05-10T17:21:01Z,2026-05-10,3,17,10,58.82
2026-05-10T17:35:55Z,2026-05-10,1,17,4,23.53
2026-05-10T17:35:55Z,2026-05-10,2,17,6,35.29
2026-05-10T17:35:55Z,2026-05-10,3,17,10,58.82
2026-05-10T17:40:50Z,2026-05-10,1,17,4,23.53
2026-05-10T17:40:50Z,2026-05-10,2,17,6,35.29
2026-05-10T17:40:50Z,2026-05-10,3,17,10,58.82
2026-05-10T17:50:52Z,2026-05-10,1,17,4,23.53
2026-05-10T17:50:52Z,2026-05-10,2,17,6,35.29
2026-05-10T17:50:52Z,2026-05-10,3,17,10,58.82
2026-05-10T18:20:50Z,2026-05-10,1,17,4,23.53
2026-05-10T18:20:50Z,2026-05-10,2,17,6,35.29
2026-05-10T18:20:50Z,2026-05-10,3,17,10,58.82
2026-05-10T19:00:54Z,2026-05-10,1,17,4,23.53
2026-05-10T19:00:54Z,2026-05-10,2,17,6,35.29
2026-05-10T19:00:54Z,2026-05-10,3,17,10,58.82
2026-05-10T19:10:53Z,2026-05-10,1,17,4,23.53
2026-05-10T19:10:53Z,2026-05-10,2,17,6,35.29
2026-05-10T19:10:53Z,2026-05-10,3,17,10,58.82
2026-05-10T19:21:01Z,2026-05-10,1,17,4,23.53
2026-05-10T19:21:01Z,2026-05-10,2,17,6,35.29
2026-05-10T19:21:01Z,2026-05-10,3,17,10,58.82
2026-05-10T19:35:49Z,2026-05-10,1,17,4,23.53
2026-05-10T19:35:49Z,2026-05-10,2,17,6,35.29
2026-05-10T19:35:49Z,2026-05-10,3,17,10,58.82
2026-05-10T19:40:59Z,2026-05-10,1,17,4,23.53
2026-05-10T19:40:59Z,2026-05-10,2,17,6,35.29
2026-05-10T19:40:59Z,2026-05-10,3,17,10,58.82
2026-05-10T20:10:53Z,2026-05-10,1,17,4,23.53
2026-05-10T20:10:53Z,2026-05-10,2,17,6,35.29
2026-05-10T20:10:53Z,2026-05-10,3,17,10,58.82
2026-05-10T20:15:52Z,2026-05-10,1,17,4,23.53
2026-05-10T20:15:52Z,2026-05-10,2,17,6,35.29
2026-05-10T20:15:52Z,2026-05-10,3,17,10,58.82
2026-05-10T20:35:58Z,2026-05-10,1,17,4,23.53
2026-05-10T20:35:58Z,2026-05-10,2,17,6,35.29
2026-05-10T20:35:58Z,2026-05-10,3,17,10,58.82
2026-05-10T20:45:53Z,2026-05-10,1,17,4,23.53
2026-05-10T20:45:53Z,2026-05-10,2,17,6,35.29
2026-05-10T20:45:53Z,2026-05-10,3,17,10,58.82
2026-05-10T20:50:54Z,2026-05-10,1,17,4,23.53
2026-05-10T20:50:54Z,2026-05-10,2,17,6,35.29
2026-05-10T20:50:54Z,2026-05-10,3,17,10,58.82
2026-05-10T21:01:00Z,2026-05-10,1,17,4,23.53
2026-05-10T21:01:00Z,2026-05-10,2,17,6,35.29
2026-05-10T21:01:00Z,2026-05-10,3,17,10,58.82
2026-05-10T21:10:57Z,2026-05-10,1,17,4,23.53
2026-05-10T21:10:57Z,2026-05-10,2,17,6,35.29
2026-05-10T21:10:57Z,2026-05-10,3,17,10,58.82
2026-05-10T21:15:59Z,2026-05-10,1,17,4,23.53
2026-05-10T21:15:59Z,2026-05-10,2,17,6,35.29
2026-05-10T21:15:59Z,2026-05-10,3,17,10,58.82
2026-05-10T21:30:55Z,2026-05-10,1,17,4,23.53
2026-05-10T21:30:55Z,2026-05-10,2,17,6,35.29
2026-05-10T21:30:55Z,2026-05-10,3,17,10,58.82
2026-05-10T21:45:50Z,2026-05-10,1,17,4,23.53
2026-05-10T21:45:50Z,2026-05-10,2,17,6,35.29
2026-05-10T21:45:50Z,2026-05-10,3,17,10,58.82
2026-05-10T21:50:53Z,2026-05-10,1,17,4,23.53
2026-05-10T21:50:53Z,2026-05-10,2,17,6,35.29
2026-05-10T21:50:53Z,2026-05-10,3,17,10,58.82
2026-05-10T21:55:50Z,2026-05-10,1,17,4,23.53
2026-05-10T21:55:50Z,2026-05-10,2,17,6,35.29
2026-05-10T21:55:50Z,2026-05-10,3,17,10,58.82
2026-05-10T22:11:53Z,2026-05-10,1,17,4,23.53
2026-05-10T22:11:53Z,2026-05-10,2,17,6,35.29
2026-05-10T22:11:53Z,2026-05-10,3,17,10,58.82
2026-05-10T22:30:54Z,2026-05-10,1,17,4,23.53
2026-05-10T22:30:54Z,2026-05-10,2,17,6,35.29
2026-05-10T22:30:54Z,2026-05-10,3,17,10,58.82
2026-05-10T23:00:59Z,2026-05-10,1,17,4,23.53
2026-05-10T23:00:59Z,2026-05-10,2,17,6,35.29
2026-05-10T23:00:59Z,2026-05-10,3,17,10,58.82
2026-05-10T23:09:39Z,2026-05-10,1,17,4,23.53
2026-05-10T23:09:39Z,2026-05-10,2,17,6,35.29
2026-05-10T23:09:39Z,2026-05-10,3,17,10,58.82
2026-05-10T23:25:54Z,2026-05-10,1,17,4,23.53
2026-05-10T23:25:54Z,2026-05-10,2,17,6,35.29
2026-05-10T23:25:54Z,2026-05-10,3,17,10,58.82
2026-05-10T23:35:51Z,2026-05-10,1,17,4,23.53
2026-05-10T23:35:51Z,2026-05-10,2,17,6,35.29
2026-05-10T23:35:51Z,2026-05-10,3,17,10,58.82
2026-05-11T00:08:20Z,2026-05-11,1,17,10,58.82
2026-05-11T00:08:20Z,2026-05-11,2,17,9,52.94
2026-05-11T00:08:20Z,2026-05-11,3,17,5,29.41
2026-05-11T00:25:56Z,2026-05-11,1,17,10,58.82
2026-05-11T00:25:56Z,2026-05-11,2,17,9,52.94
2026-05-11T00:25:56Z,2026-05-11,3,17,5,29.41
2026-05-11T00:35:57Z,2026-05-11,1,17,10,58.82
2026-05-11T00:35:57Z,2026-05-11,2,17,9,52.94
2026-05-11T00:35:57Z,2026-05-11,3,17,5,29.41
2026-05-11T00:56:00Z,2026-05-11,1,17,10,58.82
2026-05-11T00:56:00Z,2026-05-11,2,17,9,52.94
2026-05-11T00:56:00Z,2026-05-11,3,17,5,29.41
2026-05-16T09:01:02Z,2026-05-16,1,17,5,29.41
2026-05-16T09:01:02Z,2026-05-16,2,17,6,35.29
2026-05-16T09:01:02Z,2026-05-16,3,17,10,58.82
2026-05-16T09:05:52Z,2026-05-16,1,17,5,29.41
2026-05-16T09:05:52Z,2026-05-16,2,17,6,35.29
2026-05-16T09:05:52Z,2026-05-16,3,17,10,58.82
2026-05-16T09:10:56Z,2026-05-16,1,17,5,29.41
2026-05-16T09:10:56Z,2026-05-16,2,17,6,35.29
2026-05-16T09:10:56Z,2026-05-16,3,17,10,58.82
2026-05-16T09:30:53Z,2026-05-16,1,17,5,29.41
2026-05-16T09:30:53Z,2026-05-16,2,17,6,35.29
2026-05-16T09:30:53Z,2026-05-16,3,17,10,58.82
2026-05-16T09:54:30Z,2026-05-16,1,17,5,29.41
2026-05-16T09:54:30Z,2026-05-16,2,17,6,35.29
2026-05-16T09:54:30Z,2026-05-16,3,17,10,58.82
2026-05-16T10:15:51Z,2026-05-16,1,17,5,29.41
2026-05-16T10:15:51Z,2026-05-16,2,17,6,35.29
2026-05-16T10:15:51Z,2026-05-16,3,17,10,58.82
2026-05-16T10:20:49Z,2026-05-16,1,17,5,29.41
2026-05-16T10:20:49Z,2026-05-16,2,17,6,35.29
2026-05-16T10:20:49Z,2026-05-16,3,17,10,58.82
2026-05-16T10:25:53Z,2026-05-16,1,17,5,29.41
2026-05-16T10:25:53Z,2026-05-16,2,17,6,35.29
2026-05-16T10:25:53Z,2026-05-16,3,17,10,58.82
2026-05-16T10:35:47Z,2026-05-16,1,17,5,29.41
2026-05-16T10:35:47Z,2026-05-16,2,17,6,35.29
2026-05-16T10:35:47Z,2026-05-16,3,17,10,58.82
2026-05-16T10:55:46Z,2026-05-16,1,17,5,29.41
2026-05-16T10:55:46Z,2026-05-16,2,17,6,35.29
2026-05-16T10:55:46Z,2026-05-16,3,17,10,58.82
2026-05-16T11:15:51Z,2026-05-16,1,17,5,29.41
2026-05-16T11:15:51Z,2026-05-16,2,17,6,35.29
2026-05-16T11:15:51Z,2026-05-16,3,17,10,58.82
2026-05-16T11:54:58Z,2026-05-16,1,17,5,29.41
2026-05-16T11:54:58Z,2026-05-16,2,17,6,35.29
2026-05-16T11:54:58Z,2026-05-16,3,17,10,58.82
2026-05-16T12:00:52Z,2026-05-16,1,17,5,29.41
2026-05-16T12:00:52Z,2026-05-16,2,17,6,35.29
2026-05-16T12:00:52Z,2026-05-16,3,17,10,58.82
2026-05-16T12:40:55Z,2026-05-16,1,17,5,29.41
2026-05-16T12:40:55Z,2026-05-16,2,17,6,35.29
2026-05-16T12:40:55Z,2026-05-16,3,17,10,58.82
2026-05-16T13:13:35Z,2026-05-16,1,17,5,29.41
2026-05-16T13:13:35Z,2026-05-16,2,17,6,35.29
2026-05-16T13:13:35Z,2026-05-16,3,17,10,58.82
2026-05-16T14:05:53Z,2026-05-16,1,17,5,29.41
2026-05-16T14:05:53Z,2026-05-16,2,17,6,35.29
2026-05-16T14:05:53Z,2026-05-16,3,17,10,58.82
2026-05-16T14:15:45Z,2026-05-16,1,17,5,29.41
2026-05-16T14:15:45Z,2026-05-16,2,17,6,35.29
2026-05-16T14:15:45Z,2026-05-16,3,17,10,58.82
2026-05-16T14:20:51Z,2026-05-16,1,17,5,29.41
2026-05-16T14:20:51Z,2026-05-16,2,17,6,35.29
2026-05-16T14:20:51Z,2026-05-16,3,17,10,58.82
2026-05-16T14:30:53Z,2026-05-16,1,17,5,29.41
2026-05-16T14:30:53Z,2026-05-16,2,17,6,35.29
2026-05-16T14:30:53Z,2026-05-16,3,17,10,58.82
2026-05-16T14:55:48Z,2026-05-16,1,17,5,29.41
2026-05-16T14:55:48Z,2026-05-16,2,17,6,35.29
2026-05-16T14:55:48Z,2026-05-16,3,17,10,58.82
2026-05-16T15:10:50Z,2026-05-16,1,17,5,29.41
2026-05-16T15:10:50Z,2026-05-16,2,17,6,35.29
2026-05-16T15:10:50Z,2026-05-16,3,17,10,58.82
2026-05-16T15:25:47Z,2026-05-16,1,17,5,29.41
2026-05-16T15:25:47Z,2026-05-16,2,17,6,35.29
2026-05-16T15:25:47Z,2026-05-16,3,17,10,58.82
2026-05-16T15:35:47Z,2026-05-16,1,17,5,29.41
2026-05-16T15:35:47Z,2026-05-16,2,17,6,35.29
2026-05-16T15:35:47Z,2026-05-16,3,17,10,58.82
2026-05-16T16:00:55Z,2026-05-16,1,17,5,29.41
2026-05-16T16:00:55Z,2026-05-16,2,17,6,35.29
2026-05-16T16:00:55Z,2026-05-16,3,17,10,58.82
2026-05-16T16:05:57Z,2026-05-16,1,17,5,29.41
2026-05-16T16:05:57Z,2026-05-16,2,17,6,35.29
2026-05-16T16:05:57Z,2026-05-16,3,17,10,58.82
2026-05-16T16:30:56Z,2026-05-16,1,17,5,29.41
2026-05-16T16:30:56Z,2026-05-16,2,17,6,35.29
2026-05-16T16:30:56Z,2026-05-16,3,17,10,58.82
2026-05-16T18:01:09Z,2026-05-16,1,17,5,29.41
2026-05-16T18:01:09Z,2026-05-16,2,17,6,35.29
2026-05-16T18:01:09Z,2026-05-16,3,17,10,58.82
2026-05-16T18:10:58Z,2026-05-16,1,17,6.5,38.24
2026-05-16T18:10:58Z,2026-05-16,2,17,6,35.29
2026-05-16T18:10:58Z,2026-05-16,3,17,10,58.82
2026-05-16T18:20:52Z,2026-05-16,1,17,6.5,38.24
2026-05-16T18:20:52Z,2026-05-16,2,17,6,35.29
2026-05-16T18:20:52Z,2026-05-16,3,17,10,58.82
2026-05-16T18:25:43Z,2026-05-16,1,17,6.5,38.24
2026-05-16T18:25:43Z,2026-05-16,2,17,6,35.29
2026-05-16T18:25:43Z,2026-05-16,3,17,10,58.82
2026-05-16T18:30:49Z,2026-05-16,1,17,6.5,38.24
2026-05-16T18:30:49Z,2026-05-16,2,17,7,41.18
2026-05-16T18:30:49Z,2026-05-16,3,17,10,58.82
2026-05-16T18:37:25Z,2026-05-16,1,17,6.5,38.24
2026-05-16T18:37:25Z,2026-05-16,2,17,7,41.18
2026-05-16T18:37:25Z,2026-05-16,3,17,10,58.82
2026-05-16T18:45:54Z,2026-05-16,1,17,6.5,38.24
2026-05-16T18:45:54Z,2026-05-16,2,17,7,41.18
2026-05-16T18:45:54Z,2026-05-16,3,17,10,58.82
2026-05-16T19:05:52Z,2026-05-16,1,17,6.5,38.24
2026-05-16T19:05:52Z,2026-05-16,2,17,7,41.18
2026-05-16T19:05:52Z,2026-05-16,3,17,10,58.82
2026-05-16T19:35:49Z,2026-05-16,1,17,6.5,38.24
2026-05-16T19:35:49Z,2026-05-16,2,17,7,41.18
2026-05-16T19:35:49Z,2026-05-16,3,17,10,58.82
2026-05-16T19:50:53Z,2026-05-16,1,17,6.5,38.24
2026-05-16T19:50:53Z,2026-05-16,2,17,7,41.18
2026-05-16T19:50:53Z,2026-05-16,3,17,10,58.82
2026-05-16T20:00:55Z,2026-05-16,1,17,6.5,38.24
2026-05-16T20:00:55Z,2026-05-16,2,17,7,41.18
2026-05-16T20:00:55Z,2026-05-16,3,17,10,58.82
2026-05-16T20:10:50Z,2026-05-16,1,17,6.5,38.24
2026-05-16T20:10:50Z,2026-05-16,2,17,7,41.18
2026-05-16T20:10:50Z,2026-05-16,3,17,10,58.82
2026-05-16T20:50:46Z,2026-05-16,1,17,6.5,38.24
2026-05-16T20:50:46Z,2026-05-16,2,17,7,41.18
2026-05-16T20:50:46Z,2026-05-16,3,17,10,58.82
2026-05-16T21:55:49Z,2026-05-16,1,17,6.5,38.24
2026-05-16T21:55:49Z,2026-05-16,2,17,7,41.18
2026-05-16T21:55:49Z,2026-05-16,3,17,10,58.82
2026-05-16T22:24:08Z,2026-05-16,1,17,6.5,38.24
2026-05-16T22:24:08Z,2026-05-16,2,17,7,41.18
2026-05-16T22:24:08Z,2026-05-16,3,17,10,58.82
2026-05-16T22:30:53Z,2026-05-16,1,17,6.5,38.24
2026-05-16T22:30:53Z,2026-05-16,2,17,7,41.18
2026-05-16T22:30:53Z,2026-05-16,3,17,10,58.82
2026-05-16T22:45:49Z,2026-05-16,1,17,6.5,38.24
2026-05-16T22:45:49Z,2026-05-16,2,17,7,41.18
2026-05-16T22:45:49Z,2026-05-16,3,17,10,58.82
2026-05-16T23:20:48Z,2026-05-16,1,17,6.5,38.24
2026-05-16T23:20:48Z,2026-05-16,2,17,7,41.18
2026-05-16T23:20:48Z,2026-05-16,3,17,10,58.82
2026-05-16T23:30:51Z,2026-05-16,1,17,6.5,38.24
2026-05-16T23:30:51Z,2026-05-16,2,17,7,41.18
2026-05-16T23:30:51Z,2026-05-16,3,17,10,58.82
2026-05-16T23:40:51Z,2026-05-16,1,17,6.5,38.24
2026-05-16T23:40:51Z,2026-05-16,2,17,7,41.18
2026-05-16T23:40:51Z,2026-05-16,3,17,10,58.82
2026-05-16T23:50:51Z,2026-05-16,1,17,6.5,38.24
2026-05-16T23:50:51Z,2026-05-16,2,17,7,41.18
2026-05-16T23:50:51Z,2026-05-16,3,17,10,58.82
2026-05-17T00:25:50Z,2026-05-17,1,17,4,23.53
2026-05-17T00:25:50Z,2026-05-17,2,17,4,23.53
2026-05-17T00:25:50Z,2026-05-17,3,17,12,70.59
2026-05-17T09:20:51Z,2026-05-17,1,17,4,23.53
2026-05-17T09:20:51Z,2026-05-17,2,17,4,23.53
2026-05-17T09:20:51Z,2026-05-17,3,17,12,70.59
2026-05-17T09:36:00Z,2026-05-17,1,17,4,23.53
2026-05-17T09:36:00Z,2026-05-17,2,17,4,23.53
2026-05-17T09:36:00Z,2026-05-17,3,17,12,70.59
2026-05-17T09:41:00Z,2026-05-17,1,17,4,23.53
2026-05-17T09:41:00Z,2026-05-17,2,17,4,23.53
2026-05-17T09:41:00Z,2026-05-17,3,17,12,70.59
2026-05-17T09:50:51Z,2026-05-17,1,17,4,23.53
2026-05-17T09:50:51Z,2026-05-17,2,17,4,23.53
2026-05-17T09:50:51Z,2026-05-17,3,17,12,70.59
2026-05-17T10:40:48Z,2026-05-17,1,17,4,23.53
2026-05-17T10:40:48Z,2026-05-17,2,17,4,23.53
2026-05-17T10:40:48Z,2026-05-17,3,17,12,70.59
2026-05-17T10:45:50Z,2026-05-17,1,17,4,23.53
2026-05-17T10:45:50Z,2026-05-17,2,17,4,23.53
2026-05-17T10:45:50Z,2026-05-17,3,17,12,70.59
2026-05-17T12:45:50Z,2026-05-17,1,17,4,23.53
2026-05-17T12:45:50Z,2026-05-17,2,17,4,23.53
2026-05-17T12:45:50Z,2026-05-17,3,17,12,70.59
2026-05-17T13:45:49Z,2026-05-17,1,17,4,23.53
2026-05-17T13:45:49Z,2026-05-17,2,17,4,23.53
2026-05-17T13:45:49Z,2026-05-17,3,17,12,70.59
2026-05-17T13:55:48Z,2026-05-17,1,17,4,23.53
2026-05-17T13:55:48Z,2026-05-17,2,17,4,23.53
2026-05-17T13:55:48Z,2026-05-17,3,17,12,70.59
2026-05-17T14:40:46Z,2026-05-17,1,17,4,23.53
2026-05-17T14:40:46Z,2026-05-17,2,17,4,23.53
2026-05-17T14:40:46Z,2026-05-17,3,17,12,70.59
2026-05-17T14:45:58Z,2026-05-17,1,17,4,23.53
2026-05-17T14:45:58Z,2026-05-17,2,17,4,23.53
2026-05-17T14:45:58Z,2026-05-17,3,17,12,70.59
2026-05-17T14:55:44Z,2026-05-17,1,17,4,23.53
2026-05-17T14:55:44Z,2026-05-17,2,17,4,23.53
2026-05-17T14:55:44Z,2026-05-17,3,17,12,70.59
2026-05-17T15:05:49Z,2026-05-17,1,17,4,23.53
2026-05-17T15:05:49Z,2026-05-17,2,17,4,23.53
2026-05-17T15:05:49Z,2026-05-17,3,17,12,70.59
2026-05-17T15:10:54Z,2026-05-17,1,17,4,23.53
2026-05-17T15:10:54Z,2026-05-17,2,17,4,23.53
2026-05-17T15:10:54Z,2026-05-17,3,17,12,70.59
2026-05-17T15:20:49Z,2026-05-17,1,17,4,23.53
2026-05-17T15:20:49Z,2026-05-17,2,17,4,23.53
2026-05-17T15:20:49Z,2026-05-17,3,17,12,70.59
2026-05-17T15:25:49Z,2026-05-17,1,17,4,23.53
2026-05-17T15:25:49Z,2026-05-17,2,17,4,23.53
2026-05-17T15:25:49Z,2026-05-17,3,17,12,70.59
2026-05-17T15:30:51Z,2026-05-17,1,17,4,23.53
2026-05-17T15:30:51Z,2026-05-17,2,17,4,23.53
2026-05-17T15:30:51Z,2026-05-17,3,17,12,70.59
2026-05-17T16:10:53Z,2026-05-17,1,17,4,23.53
2026-05-17T16:10:53Z,2026-05-17,2,17,4,23.53
2026-05-17T16:10:53Z,2026-05-17,3,17,12,70.59
2026-05-17T16:15:57Z,2026-05-17,1,17,4,23.53
2026-05-17T16:15:57Z,2026-05-17,2,17,4,23.53
2026-05-17T16:15:57Z,2026-05-17,3,17,12,70.59
2026-05-17T16:20:46Z,2026-05-17,1,17,4,23.53
2026-05-17T16:20:46Z,2026-05-17,2,17,4,23.53
2026-05-17T16:20:46Z,2026-05-17,3,17,12,70.59
2026-05-17T16:35:45Z,2026-05-17,1,17,4,23.53
2026-05-17T16:35:45Z,2026-05-17,2,17,4,23.53
2026-05-17T16:35:45Z,2026-05-17,3,17,12,70.59
2026-05-17T17:00:53Z,2026-05-17,1,17,4,23.53
2026-05-17T17:00:53Z,2026-05-17,2,17,4,23.53
2026-05-17T17:00:53Z,2026-05-17,3,17,12,70.59
2026-05-17T17:05:59Z,2026-05-17,1,17,4,23.53
2026-05-17T17:05:59Z,2026-05-17,2,17,4,23.53
2026-05-17T17:05:59Z,2026-05-17,3,17,12,70.59
2026-05-17T17:18:38Z,2026-05-17,1,17,4,23.53
2026-05-17T17:18:38Z,2026-05-17,2,17,4,23.53
2026-05-17T17:18:38Z,2026-05-17,3,17,12,70.59
2026-05-17T17:26:01Z,2026-05-17,1,17,4,23.53
2026-05-17T17:26:01Z,2026-05-17,2,17,4,23.53
2026-05-17T17:26:01Z,2026-05-17,3,17,12,70.59
2026-05-17T18:25:49Z,2026-05-17,1,17,4,23.53
2026-05-17T18:25:49Z,2026-05-17,2,17,4,23.53
2026-05-17T18:25:49Z,2026-05-17,3,17,12,70.59
2026-05-17T18:30:49Z,2026-05-17,1,17,4,23.53
2026-05-17T18:30:49Z,2026-05-17,2,17,4,23.53
2026-05-17T18:30:49Z,2026-05-17,3,17,12,70.59
2026-05-17T19:05:50Z,2026-05-17,1,17,4,23.53
2026-05-17T19:05:50Z,2026-05-17,2,17,4,23.53
2026-05-17T19:05:50Z,2026-05-17,3,17,12,70.59
2026-05-17T19:15:54Z,2026-05-17,1,17,4,23.53
2026-05-17T19:15:54Z,2026-05-17,2,17,4,23.53
2026-05-17T19:15:54Z,2026-05-17,3,17,12,70.59
2026-05-17T19:40:50Z,2026-05-17,1,17,4,23.53
2026-05-17T19:40:50Z,2026-05-17,2,17,4,23.53
2026-05-17T19:40:50Z,2026-05-17,3,17,12,70.59
2026-05-17T19:46:04Z,2026-05-17,1,17,4,23.53
2026-05-17T19:46:04Z,2026-05-17,2,17,4,23.53
2026-05-17T19:46:04Z,2026-05-17,3,17,12,70.59
2026-05-17T20:50:57Z,2026-05-17,1,17,4,23.53
2026-05-17T20:50:57Z,2026-05-17,2,17,4,23.53
2026-05-17T20:50:57Z,2026-05-17,3,17,12,70.59
2026-05-17T21:30:53Z,2026-05-17,1,17,4,23.53
2026-05-17T21:30:53Z,2026-05-17,2,17,4,23.53
2026-05-17T21:30:53Z,2026-05-17,3,17,12,70.59
2026-05-17T22:10:49Z,2026-05-17,1,17,4,23.53
2026-05-17T22:10:49Z,2026-05-17,2,17,4,23.53
2026-05-17T22:10:49Z,2026-05-17,3,17,12,70.59
2026-05-17T22:40:54Z,2026-05-17,1,17,4,23.53
2026-05-17T22:40:54Z,2026-05-17,2,17,4,23.53
2026-05-17T22:40:54Z,2026-05-17,3,17,12,70.59
2026-05-17T23:31:17Z,2026-05-17,1,17,4,23.53
2026-05-17T23:31:17Z,2026-05-17,2,17,4,23.53
2026-05-17T23:31:17Z,2026-05-17,3,17,12,70.59
2026-05-17T23:50:53Z,2026-05-17,1,17,4,23.53
2026-05-17T23:50:53Z,2026-05-17,2,17,4,23.53
2026-05-17T23:50:53Z,2026-05-17,3,17,12,70.59
2026-05-17T23:55:47Z,2026-05-17,1,17,4,23.53
2026-05-17T23:55:47Z,2026-05-17,2,17,4,23.53
2026-05-17T23:55:47Z,2026-05-17,3,17,12,70.59
2026-05-18T00:05:47Z,2026-05-18,1,17,9,52.94
2026-05-18T00:05:47Z,2026-05-18,2,17,8,47.06
2026-05-18T00:05:47Z,2026-05-18,3,17,7.5,44.12
2026-05-18T00:10:50Z,2026-05-18,1,17,9,52.94
2026-05-18T00:10:50Z,2026-05-18,2,17,8,47.06
2026-05-18T00:10:50Z,2026-05-18,3,17,7.5,44.12
2026-05-18T00:25:50Z,2026-05-18,1,17,9,52.94
2026-05-18T00:25:50Z,2026-05-18,2,17,8,47.06
2026-05-18T00:25:50Z,2026-05-18,3,17,7.5,44.12
2026-05-23T09:00:58Z,2026-05-23,1,17,6,35.29
2026-05-23T09:00:58Z,2026-05-23,2,17,8,47.06
2026-05-23T09:00:58Z,2026-05-23,3,17,12,70.59
2026-05-23T09:45:50Z,2026-05-23,1,17,6,35.29
2026-05-23T09:45:50Z,2026-05-23,2,17,8,47.06
2026-05-23T09:45:50Z,2026-05-23,3,17,12,70.59
2026-05-23T09:55:56Z,2026-05-23,1,17,6,35.29
2026-05-23T09:55:56Z,2026-05-23,2,17,8,47.06
2026-05-23T09:55:56Z,2026-05-23,3,17,12,70.59
2026-05-23T10:20:53Z,2026-05-23,1,17,6,35.29
2026-05-23T10:20:53Z,2026-05-23,2,17,8,47.06
2026-05-23T10:20:53Z,2026-05-23,3,17,12,70.59
2026-05-23T10:30:47Z,2026-05-23,1,17,6,35.29
2026-05-23T10:30:47Z,2026-05-23,2,17,8,47.06
2026-05-23T10:30:47Z,2026-05-23,3,17,12,70.59
2026-05-23T11:25:49Z,2026-05-23,1,17,6,35.29
2026-05-23T11:25:49Z,2026-05-23,2,17,8,47.06
2026-05-23T11:25:49Z,2026-05-23,3,17,12,70.59
2026-05-23T11:30:56Z,2026-05-23,1,17,6,35.29
2026-05-23T11:30:56Z,2026-05-23,2,17,8,47.06
2026-05-23T11:30:56Z,2026-05-23,3,17,12,70.59
2026-05-23T11:35:51Z,2026-05-23,1,17,6,35.29
2026-05-23T11:35:51Z,2026-05-23,2,17,8,47.06
2026-05-23T11:35:51Z,2026-05-23,3,17,12,70.59
2026-05-23T12:15:55Z,2026-05-23,1,17,6,35.29
2026-05-23T12:15:55Z,2026-05-23,2,17,8,47.06
2026-05-23T12:15:55Z,2026-05-23,3,17,12,70.59
2026-05-23T12:20:48Z,2026-05-23,1,17,6,35.29
2026-05-23T12:20:48Z,2026-05-23,2,17,8,47.06
2026-05-23T12:20:48Z,2026-05-23,3,17,12,70.59
2026-05-23T13:30:53Z,2026-05-23,1,17,6,35.29
2026-05-23T13:30:53Z,2026-05-23,2,17,8,47.06
2026-05-23T13:30:53Z,2026-05-23,3,17,12,70.59
2026-05-23T13:35:51Z,2026-05-23,1,17,6,35.29
2026-05-23T13:35:51Z,2026-05-23,2,17,8,47.06
2026-05-23T13:35:51Z,2026-05-23,3,17,12,70.59
2026-05-23T14:00:56Z,2026-05-23,1,17,6,35.29
2026-05-23T14:00:56Z,2026-05-23,2,17,8,47.06
2026-05-23T14:00:56Z,2026-05-23,3,17,12,70.59
2026-05-23T14:20:49Z,2026-05-23,1,17,6,35.29
2026-05-23T14:20:49Z,2026-05-23,2,17,8,47.06
2026-05-23T14:20:49Z,2026-05-23,3,17,12,70.59
2026-05-23T14:25:48Z,2026-05-23,1,17,6,35.29
2026-05-23T14:25:48Z,2026-05-23,2,17,8,47.06
2026-05-23T14:25:48Z,2026-05-23,3,17,12,70.59
2026-05-23T15:00:56Z,2026-05-23,1,17,6,35.29
2026-05-23T15:00:56Z,2026-05-23,2,17,8,47.06
2026-05-23T15:00:56Z,2026-05-23,3,17,12,70.59
2026-05-23T15:15:52Z,2026-05-23,1,17,6,35.29
2026-05-23T15:15:52Z,2026-05-23,2,17,8,47.06
2026-05-23T15:15:52Z,2026-05-23,3,17,12,70.59
2026-05-23T15:35:54Z,2026-05-23,1,17,6,35.29
2026-05-23T15:35:54Z,2026-05-23,2,17,8,47.06
2026-05-23T15:35:54Z,2026-05-23,3,17,12,70.59
2026-05-23T17:20:56Z,2026-05-23,1,17,6,35.29
2026-05-23T17:20:56Z,2026-05-23,2,17,8,47.06
2026-05-23T17:20:56Z,2026-05-23,3,17,12,70.59
2026-05-23T17:50:49Z,2026-05-23,1,17,6,35.29
2026-05-23T17:50:49Z,2026-05-23,2,17,8,47.06
2026-05-23T17:50:49Z,2026-05-23,3,17,12,70.59
2026-05-23T17:55:54Z,2026-05-23,1,17,6,35.29
2026-05-23T17:55:54Z,2026-05-23,2,17,8,47.06
2026-05-23T17:55:54Z,2026-05-23,3,17,12,70.59
2026-05-23T18:40:51Z,2026-05-23,1,17,6,35.29
2026-05-23T18:40:51Z,2026-05-23,2,17,8,47.06
2026-05-23T18:40:51Z,2026-05-23,3,17,12,70.59
2026-05-23T19:10:51Z,2026-05-23,1,17,6,35.29
2026-05-23T19:10:51Z,2026-05-23,2,17,7,41.18
2026-05-23T19:10:51Z,2026-05-23,3,17,12,70.59
2026-05-23T19:20:51Z,2026-05-23,1,17,6,35.29
2026-05-23T19:20:51Z,2026-05-23,2,17,7,41.18
2026-05-23T19:20:51Z,2026-05-23,3,17,12,70.59
2026-05-23T19:35:48Z,2026-05-23,1,17,6,35.29
2026-05-23T19:35:48Z,2026-05-23,2,17,7,41.18
2026-05-23T19:35:48Z,2026-05-23,3,17,12,70.59
2026-05-23T19:40:51Z,2026-05-23,1,17,6,35.29
2026-05-23T19:40:51Z,2026-05-23,2,17,7,41.18
2026-05-23T19:40:51Z,2026-05-23,3,17,12,70.59
2026-05-23T20:15:56Z,2026-05-23,1,17,6,35.29
2026-05-23T20:15:56Z,2026-05-23,2,17,7,41.18
2026-05-23T20:15:56Z,2026-05-23,3,17,12,70.59
2026-05-23T20:20:51Z,2026-05-23,1,17,6,35.29
2026-05-23T20:20:51Z,2026-05-23,2,17,7,41.18
2026-05-23T20:20:51Z,2026-05-23,3,17,12,70.59
2026-05-23T20:25:48Z,2026-05-23,1,17,6,35.29
2026-05-23T20:25:48Z,2026-05-23,2,17,7,41.18
2026-05-23T20:25:48Z,2026-05-23,3,17,12,70.59
2026-05-23T21:30:50Z,2026-05-23,1,17,6,35.29
2026-05-23T21:30:50Z,2026-05-23,2,17,7,41.18
2026-05-23T21:30:50Z,2026-05-23,3,17,12,70.59
2026-05-23T22:05:52Z,2026-05-23,1,17,6,35.29
2026-05-23T22:05:52Z,2026-05-23,2,17,7,41.18
2026-05-23T22:05:52Z,2026-05-23,3,17,12,70.59
2026-05-23T22:15:50Z,2026-05-23,1,17,6,35.29
2026-05-23T22:15:50Z,2026-05-23,2,17,7,41.18
2026-05-23T22:15:50Z,2026-05-23,3,17,12,70.59
2026-05-23T22:40:49Z,2026-05-23,1,17,6,35.29
2026-05-23T22:40:49Z,2026-05-23,2,17,7,41.18
2026-05-23T22:40:49Z,2026-05-23,3,17,12,70.59
2026-05-23T23:20:50Z,2026-05-23,1,17,6,35.29
2026-05-23T23:20:50Z,2026-05-23,2,17,7,41.18
2026-05-23T23:20:50Z,2026-05-23,3,17,12,70.59
2026-05-23T23:37:38Z,2026-05-23,1,17,6,35.29
2026-05-23T23:37:38Z,2026-05-23,2,17,7,41.18
2026-05-23T23:37:38Z,2026-05-23,3,17,12,70.59
2026-05-23T23:45:51Z,2026-05-23,1,17,6,35.29
2026-05-23T23:45:51Z,2026-05-23,2,17,7,41.18
2026-05-23T23:45:51Z,2026-05-23,3,17,12,70.59
2026-05-24T00:00:59Z,2026-05-24,1,17,6,35.29
2026-05-24T00:00:59Z,2026-05-24,2,17,7,41.18
2026-05-24T00:00:59Z,2026-05-24,3,17,12,70.59
2026-05-24T00:45:52Z,2026-05-24,1,17,6,35.29
2026-05-24T00:45:52Z,2026-05-24,2,17,7,41.18
2026-05-24T00:45:52Z,2026-05-24,3,17,12,70.59
2026-05-24T00:55:50Z,2026-05-24,1,17,6,35.29
2026-05-24T00:55:50Z,2026-05-24,2,17,7,41.18
2026-05-24T00:55:50Z,2026-05-24,3,17,12,70.59
2026-05-24T09:30:53Z,2026-05-24,1,17,6,35.29
2026-05-24T09:30:53Z,2026-05-24,2,17,7,41.18
2026-05-24T09:30:53Z,2026-05-24,3,17,12,70.59
2026-05-24T09:55:46Z,2026-05-24,1,17,6,35.29
2026-05-24T09:55:46Z,2026-05-24,2,17,7,41.18
2026-05-24T09:55:46Z,2026-05-24,3,17,12,70.59
2026-05-24T10:00:57Z,2026-05-24,1,17,6,35.29
2026-05-24T10:00:57Z,2026-05-24,2,17,7,41.18
2026-05-24T10:00:57Z,2026-05-24,3,17,12,70.59
2026-05-24T10:07:07Z,2026-05-24,1,17,6,35.29
2026-05-24T10:07:07Z,2026-05-24,2,17,7,41.18
2026-05-24T10:07:07Z,2026-05-24,3,17,12,70.59
2026-05-24T10:25:54Z,2026-05-24,1,17,6,35.29
2026-05-24T10:25:54Z,2026-05-24,2,17,7,41.18
2026-05-24T10:25:54Z,2026-05-24,3,17,12,70.59
2026-05-24T10:50:53Z,2026-05-24,1,17,6,35.29
2026-05-24T10:50:53Z,2026-05-24,2,17,7,41.18
2026-05-24T10:50:53Z,2026-05-24,3,17,12,70.59
2026-05-24T11:10:53Z,2026-05-24,1,17,6,35.29
2026-05-24T11:10:53Z,2026-05-24,2,17,7,41.18
2026-05-24T11:10:53Z,2026-05-24,3,17,12,70.59
2026-05-24T11:20:48Z,2026-05-24,1,17,6,35.29
2026-05-24T11:20:48Z,2026-05-24,2,17,7,41.18
2026-05-24T11:20:48Z,2026-05-24,3,17,12,70.59
2026-05-24T11:35:48Z,2026-05-24,1,17,6,35.29
2026-05-24T11:35:48Z,2026-05-24,2,17,7,41.18
2026-05-24T11:35:48Z,2026-05-24,3,17,12,70.59
2026-05-24T12:00:55Z,2026-05-24,1,17,6,35.29
2026-05-24T12:00:55Z,2026-05-24,2,17,7,41.18
2026-05-24T12:00:55Z,2026-05-24,3,17,12,70.59
2026-05-24T12:20:48Z,2026-05-24,1,17,6,35.29
2026-05-24T12:20:48Z,2026-05-24,2,17,7,41.18
2026-05-24T12:20:48Z,2026-05-24,3,17,12,70.59
2026-05-24T12:45:51Z,2026-05-24,1,17,6,35.29
2026-05-24T12:45:51Z,2026-05-24,2,17,7,41.18
2026-05-24T12:45:51Z,2026-05-24,3,17,12,70.59
2026-05-24T13:10:48Z,2026-05-24,1,17,6,35.29
2026-05-24T13:10:48Z,2026-05-24,2,17,7,41.18
2026-05-24T13:10:48Z,2026-05-24,3,17,12,70.59
2026-05-24T13:20:55Z,2026-05-24,1,17,6,35.29
2026-05-24T13:20:55Z,2026-05-24,2,17,7,41.18
2026-05-24T13:20:55Z,2026-05-24,3,17,12,70.59
2026-05-24T13:45:59Z,2026-05-24,1,17,6,35.29
2026-05-24T13:45:59Z,2026-05-24,2,17,7,41.18
2026-05-24T13:45:59Z,2026-05-24,3,17,12,70.59
2026-05-24T14:20:51Z,2026-05-24,1,17,6,35.29
2026-05-24T14:20:51Z,2026-05-24,2,17,7,41.18
2026-05-24T14:20:51Z,2026-05-24,3,17,12,70.59
2026-05-24T14:45:56Z,2026-05-24,1,17,6,35.29
2026-05-24T14:45:56Z,2026-05-24,2,17,7,41.18
2026-05-24T14:45:56Z,2026-05-24,3,17,12,70.59
2026-05-24T14:55:49Z,2026-05-24,1,17,6,35.29
2026-05-24T14:55:49Z,2026-05-24,2,17,7,41.18
2026-05-24T14:55:49Z,2026-05-24,3,17,12,70.59
2026-05-24T15:00:53Z,2026-05-24,1,17,6,35.29
2026-05-24T15:00:53Z,2026-05-24,2,17,7,41.18
2026-05-24T15:00:53Z,2026-05-24,3,17,12,70.59
2026-05-24T15:10:48Z,2026-05-24,1,17,6,35.29
2026-05-24T15:10:48Z,2026-05-24,2,17,7,41.18
2026-05-24T15:10:48Z,2026-05-24,3,17,12,70.59
2026-05-24T15:20:56Z,2026-05-24,1,17,6,35.29
2026-05-24T15:20:56Z,2026-05-24,2,17,7,41.18
2026-05-24T15:20:56Z,2026-05-24,3,17,12,70.59
2026-05-24T15:25:50Z,2026-05-24,1,17,6,35.29
2026-05-24T15:25:50Z,2026-05-24,2,17,8,47.06
2026-05-24T15:25:50Z,2026-05-24,3,17,12,70.59
2026-05-24T16:00:54Z,2026-05-24,1,17,7.5,44.12
2026-05-24T16:00:54Z,2026-05-24,2,17,8,47.06
2026-05-24T16:00:54Z,2026-05-24,3,17,12,70.59
2026-05-24T16:30:56Z,2026-05-24,1,17,7.5,44.12
2026-05-24T16:30:56Z,2026-05-24,2,17,8,47.06
2026-05-24T16:30:56Z,2026-05-24,3,17,12,70.59
2026-05-24T16:45:50Z,2026-05-24,1,17,5.5,32.35
2026-05-24T16:45:50Z,2026-05-24,2,17,8,47.06
2026-05-24T16:45:50Z,2026-05-24,3,17,12,70.59
2026-05-24T17:01:01Z,2026-05-24,1,17,5.5,32.35
2026-05-24T17:01:01Z,2026-05-24,2,17,8,47.06
2026-05-24T17:01:01Z,2026-05-24,3,17,12,70.59
2026-05-24T17:10:51Z,2026-05-24,1,17,5.5,32.35
2026-05-24T17:10:51Z,2026-05-24,2,17,8,47.06
2026-05-24T17:10:51Z,2026-05-24,3,17,12,70.59
2026-05-24T18:35:52Z,2026-05-24,1,17,5.5,32.35
2026-05-24T18:35:52Z,2026-05-24,2,17,8,47.06
2026-05-24T18:35:52Z,2026-05-24,3,17,12,70.59
2026-05-24T18:47:53Z,2026-05-24,1,17,5.5,32.35
2026-05-24T18:47:53Z,2026-05-24,2,17,8,47.06
2026-05-24T18:47:53Z,2026-05-24,3,17,12,70.59
2026-05-24T18:55:56Z,2026-05-24,1,17,5.5,32.35
2026-05-24T18:55:56Z,2026-05-24,2,17,8,47.06
2026-05-24T18:55:56Z,2026-05-24,3,17,12,70.59
2026-05-24T19:15:51Z,2026-05-24,1,17,5.5,32.35
2026-05-24T19:15:51Z,2026-05-24,2,17,8,47.06
2026-05-24T19:15:51Z,2026-05-24,3,17,12,70.59
2026-05-24T19:20:50Z,2026-05-24,1,17,5.5,32.35
2026-05-24T19:20:50Z,2026-05-24,2,17,8,47.06
2026-05-24T19:20:50Z,2026-05-24,3,17,12,70.59
2026-05-24T19:25:48Z,2026-05-24,1,17,5.5,32.35
2026-05-24T19:25:48Z,2026-05-24,2,17,8,47.06
2026-05-24T19:25:48Z,2026-05-24,3,17,12,70.59
2026-05-24T19:30:54Z,2026-05-24,1,17,5.5,32.35
2026-05-24T19:30:54Z,2026-05-24,2,17,8.5,50.0
2026-05-24T19:30:54Z,2026-05-24,3,17,12,70.59
2026-05-24T19:40:50Z,2026-05-24,1,17,5.5,32.35
2026-05-24T19:40:50Z,2026-05-24,2,17,8.5,50.0
2026-05-24T19:40:50Z,2026-05-24,3,17,12,70.59
2026-05-24T19:45:49Z,2026-05-24,1,17,5.5,32.35
2026-05-24T19:45:49Z,2026-05-24,2,17,8.5,50.0
2026-05-24T19:45:49Z,2026-05-24,3,17,12,70.59
2026-05-24T19:55:50Z,2026-05-24,1,17,5.5,32.35
2026-05-24T19:55:50Z,2026-05-24,2,17,8.5,50.0
2026-05-24T19:55:50Z,2026-05-24,3,17,12,70.59
2026-05-24T20:10:55Z,2026-05-24,1,17,5.5,32.35
2026-05-24T20:10:55Z,2026-05-24,2,17,8.5,50.0
2026-05-24T20:10:55Z,2026-05-24,3,17,12,70.59
2026-05-24T20:20:49Z,2026-05-24,1,17,5.5,32.35
2026-05-24T20:20:49Z,2026-05-24,2,17,8.5,50.0
2026-05-24T20:20:49Z,2026-05-24,3,17,12,70.59
2026-05-24T21:01:02Z,2026-05-24,1,17,5.5,32.35
2026-05-24T21:01:02Z,2026-05-24,2,17,8.5,50.0
2026-05-24T21:01:02Z,2026-05-24,3,17,12,70.59
2026-05-24T21:10:51Z,2026-05-24,1,17,5.5,32.35
2026-05-24T21:10:51Z,2026-05-24,2,17,8.5,50.0
2026-05-24T21:10:51Z,2026-05-24,3,17,12,70.59
2026-05-24T21:26:02Z,2026-05-24,1,17,5.5,32.35
2026-05-24T21:26:02Z,2026-05-24,2,17,8.5,50.0
2026-05-24T21:26:02Z,2026-05-24,3,17,12,70.59
2026-05-24T21:35:51Z,2026-05-24,1,17,5.5,32.35
2026-05-24T21:35:51Z,2026-05-24,2,17,8.5,50.0
2026-05-24T21:35:51Z,2026-05-24,3,17,12,70.59
2026-05-24T21:50:50Z,2026-05-24,1,17,5.5,32.35
2026-05-24T21:50:50Z,2026-05-24,2,17,8.5,50.0
2026-05-24T21:50:50Z,2026-05-24,3,17,12,70.59
2026-05-24T22:25:52Z,2026-05-24,1,17,5.5,32.35
2026-05-24T22:25:52Z,2026-05-24,2,17,8.5,50.0
2026-05-24T22:25:52Z,2026-05-24,3,17,12,70.59
2026-05-24T22:50:56Z,2026-05-24,1,17,5.5,32.35
2026-05-24T22:50:56Z,2026-05-24,2,17,8.5,50.0
2026-05-24T22:50:56Z,2026-05-24,3,17,12,70.59
2026-05-24T23:30:54Z,2026-05-24,1,17,5.5,32.35
2026-05-24T23:30:54Z,2026-05-24,2,17,8.5,50.0
2026-05-24T23:30:54Z,2026-05-24,3,17,12,70.59
2026-05-25T00:05:50Z,2026-05-25,1,17,5,29.41
2026-05-25T00:05:50Z,2026-05-25,2,17,5,29.41
2026-05-25T00:05:50Z,2026-05-25,3,17,5,29.41
2026-05-25T00:30:51Z,2026-05-25,1,17,7,41.18
2026-05-25T00:30:51Z,2026-05-25,2,17,5,29.41
2026-05-25T00:30:51Z,2026-05-25,3,17,5,29.41
2026-05-25T00:35:51Z,2026-05-25,1,17,7,41.18
2026-05-25T00:35:51Z,2026-05-25,2,17,5,29.41
2026-05-25T00:35:51Z,2026-05-25,3,17,5,29.41
2026-05-28T11:12:57Z,2026-06-01,1,17,9,52.94
2026-05-28T11:12:57Z,2026-06-01,2,17,7,41.18
2026-05-28T11:12:57Z,2026-06-01,3,17,6,35.29
2026-05-28T11:13:06Z,2026-06-02,1,17,4,23.53
2026-05-28T11:13:06Z,2026-06-02,2,17,8.5,50.0
2026-05-28T11:13:06Z,2026-06-02,3,17,4,23.53
2026-05-28T11:13:15Z,2026-06-03,1,17,8,47.06
2026-05-28T11:13:15Z,2026-06-03,2,17,6,35.29
2026-05-28T11:13:15Z,2026-06-03,3,17,4,23.53
2026-05-28T11:17:56Z,2026-06-01,1,17,9,52.94
2026-05-28T11:17:56Z,2026-06-01,2,17,7,41.18
2026-05-28T11:17:56Z,2026-06-01,3,17,6,35.29
2026-05-28T11:18:05Z,2026-06-02,1,17,4,23.53
2026-05-28T11:18:05Z,2026-06-02,2,17,8.5,50.0
2026-05-28T11:18:05Z,2026-06-02,3,17,4,23.53
2026-05-28T11:18:14Z,2026-06-03,1,17,8,47.06
2026-05-28T11:18:14Z,2026-06-03,2,17,6,35.29
2026-05-28T11:18:14Z,2026-06-03,3,17,4,23.53
2026-05-28T12:12:52Z,2026-06-01,1,17,9,52.94
2026-05-28T12:12:52Z,2026-06-01,2,17,7,41.18
2026-05-28T12:12:52Z,2026-06-01,3,17,6,35.29
2026-05-28T12:13:01Z,2026-06-02,1,17,4,23.53
2026-05-28T12:13:01Z,2026-06-02,2,17,8.5,50.0
2026-05-28T12:13:01Z,2026-06-02,3,17,4,23.53
2026-05-28T12:13:10Z,2026-06-03,1,17,8,47.06
2026-05-28T12:13:10Z,2026-06-03,2,17,6,35.29
2026-05-28T12:13:10Z,2026-06-03,3,17,4,23.53
2026-05-28T12:27:56Z,2026-06-01,1,17,9,52.94
2026-05-28T12:27:56Z,2026-06-01,2,17,7,41.18
2026-05-28T12:27:56Z,2026-06-01,3,17,6,35.29
2026-05-28T12:28:05Z,2026-06-02,1,17,4,23.53
2026-05-28T12:28:05Z,2026-06-02,2,17,8.5,50.0
2026-05-28T12:28:05Z,2026-06-02,3,17,4,23.53
2026-05-28T12:28:14Z,2026-06-03,1,17,8,47.06
2026-05-28T12:28:14Z,2026-06-03,2,17,6,35.29
2026-05-28T12:28:14Z,2026-06-03,3,17,4,23.53
2026-05-28T12:47:56Z,2026-06-01,1,17,9,52.94
2026-05-28T12:47:56Z,2026-06-01,2,17,7,41.18
2026-05-28T12:47:56Z,2026-06-01,3,17,6,35.29
2026-05-28T12:48:05Z,2026-06-02,1,17,4,23.53
2026-05-28T12:48:05Z,2026-06-02,2,17,8.5,50.0
2026-05-28T12:48:05Z,2026-06-02,3,17,4,23.53
2026-05-28T12:48:14Z,2026-06-03,1,17,8,47.06
2026-05-28T12:48:14Z,2026-06-03,2,17,6,35.29
2026-05-28T12:48:14Z,2026-06-03,3,17,4,23.53
2026-05-28T13:12:53Z,2026-06-01,1,17,9,52.94
2026-05-28T13:12:53Z,2026-06-01,2,17,7,41.18
2026-05-28T13:12:53Z,2026-06-01,3,17,6,35.29
2026-05-28T13:13:02Z,2026-06-02,1,17,4,23.53
2026-05-28T13:13:02Z,2026-06-02,2,17,8.5,50.0
2026-05-28T13:13:02Z,2026-06-02,3,17,4,23.53
2026-05-28T13:13:11Z,2026-06-03,1,17,8,47.06
2026-05-28T13:13:11Z,2026-06-03,2,17,6,35.29
2026-05-28T13:13:11Z,2026-06-03,3,17,4,23.53
2026-05-28T13:17:56Z,2026-06-01,1,17,9,52.94
2026-05-28T13:17:56Z,2026-06-01,2,17,7,41.18
2026-05-28T13:17:56Z,2026-06-01,3,17,6,35.29
2026-05-28T13:18:05Z,2026-06-02,1,17,4,23.53
2026-05-28T13:18:05Z,2026-06-02,2,17,8.5,50.0
2026-05-28T13:18:05Z,2026-06-02,3,17,4,23.53
2026-05-28T13:18:14Z,2026-06-03,1,17,8,47.06
2026-05-28T13:18:14Z,2026-06-03,2,17,6,35.29
2026-05-28T13:18:14Z,2026-06-03,3,17,4,23.53
2026-05-28T13:43:00Z,2026-06-01,1,17,9,52.94
2026-05-28T13:43:00Z,2026-06-01,2,17,7,41.18
2026-05-28T13:43:00Z,2026-06-01,3,17,6,35.29
2026-05-28T13:43:09Z,2026-06-02,1,17,4,23.53
2026-05-28T13:43:09Z,2026-06-02,2,17,8.5,50.0
2026-05-28T13:43:09Z,2026-06-02,3,17,4,23.53
2026-05-28T13:43:18Z,2026-06-03,1,17,8,47.06
2026-05-28T13:43:18Z,2026-06-03,2,17,6,35.29
2026-05-28T13:43:18Z,2026-06-03,3,17,4,23.53
2026-05-28T14:23:02Z,2026-06-01,1,17,9,52.94
2026-05-28T14:23:02Z,2026-06-01,2,17,7,41.18
2026-05-28T14:23:02Z,2026-06-01,3,17,6,35.29
2026-05-28T14:23:11Z,2026-06-02,1,17,4,23.53
2026-05-28T14:23:11Z,2026-06-02,2,17,8.5,50.0
2026-05-28T14:23:11Z,2026-06-02,3,17,4,23.53
2026-05-28T14:23:20Z,2026-06-03,1,17,8,47.06
2026-05-28T14:23:20Z,2026-06-03,2,17,6,35.29
2026-05-28T14:23:20Z,2026-06-03,3,17,4,23.53
2026-05-28T14:42:54Z,2026-06-01,1,17,9,52.94
2026-05-28T14:42:54Z,2026-06-01,2,17,7,41.18
2026-05-28T14:42:54Z,2026-06-01,3,17,6,35.29
2026-05-28T14:43:03Z,2026-06-02,1,17,4,23.53
2026-05-28T14:43:03Z,2026-06-02,2,17,8.5,50.0
2026-05-28T14:43:03Z,2026-06-02,3,17,4,23.53
2026-05-28T14:43:12Z,2026-06-03,1,17,8,47.06
2026-05-28T14:43:12Z,2026-06-03,2,17,6,35.29
2026-05-28T14:43:12Z,2026-06-03,3,17,4,23.53
2026-05-28T14:57:59Z,2026-06-01,1,17,9,52.94
2026-05-28T14:57:59Z,2026-06-01,2,17,7,41.18
2026-05-28T14:57:59Z,2026-06-01,3,17,6,35.29
2026-05-28T14:58:08Z,2026-06-02,1,17,4,23.53
2026-05-28T14:58:08Z,2026-06-02,2,17,8.5,50.0
2026-05-28T14:58:08Z,2026-06-02,3,17,4,23.53
2026-05-28T14:58:17Z,2026-06-03,1,17,8,47.06
2026-05-28T14:58:17Z,2026-06-03,2,17,6,35.29
2026-05-28T14:58:17Z,2026-06-03,3,17,4,23.53
2026-05-28T15:18:00Z,2026-06-01,1,17,9,52.94
2026-05-28T15:18:00Z,2026-06-01,2,17,7,41.18
2026-05-28T15:18:00Z,2026-06-01,3,17,6,35.29
2026-05-28T15:18:09Z,2026-06-02,1,17,4,23.53
2026-05-28T15:18:09Z,2026-06-02,2,17,8.5,50.0
2026-05-28T15:18:09Z,2026-06-02,3,17,4,23.53
2026-05-28T15:18:18Z,2026-06-03,1,17,8,47.06
2026-05-28T15:18:18Z,2026-06-03,2,17,6,35.29
2026-05-28T15:18:18Z,2026-06-03,3,17,4,23.53
2026-05-28T15:42:57Z,2026-06-01,1,17,9,52.94
2026-05-28T15:42:57Z,2026-06-01,2,17,7,41.18
2026-05-28T15:42:57Z,2026-06-01,3,17,6,35.29
2026-05-28T15:43:06Z,2026-06-02,1,17,4,23.53
2026-05-28T15:43:06Z,2026-06-02,2,17,8.5,50.0
2026-05-28T15:43:06Z,2026-06-02,3,17,4,23.53
2026-05-28T15:43:15Z,2026-06-03,1,17,8,47.06
2026-05-28T15:43:15Z,2026-06-03,2,17,6,35.29
2026-05-28T15:43:15Z,2026-06-03,3,17,4,23.53
2026-05-28T15:47:59Z,2026-06-01,1,17,9,52.94
2026-05-28T15:47:59Z,2026-06-01,2,17,7,41.18
2026-05-28T15:47:59Z,2026-06-01,3,17,6,35.29
2026-05-28T15:48:08Z,2026-06-02,1,17,4,23.53
2026-05-28T15:48:08Z,2026-06-02,2,17,8.5,50.0
2026-05-28T15:48:08Z,2026-06-02,3,17,4,23.53
2026-05-28T15:48:17Z,2026-06-03,1,17,8,47.06
2026-05-28T15:48:17Z,2026-06-03,2,17,6,35.29
2026-05-28T15:48:17Z,2026-06-03,3,17,4,23.53
2026-05-28T16:22:58Z,2026-06-01,1,17,9,52.94
2026-05-28T16:22:58Z,2026-06-01,2,17,7,41.18
2026-05-28T16:22:58Z,2026-06-01,3,17,6,35.29
2026-05-28T16:23:08Z,2026-06-02,1,17,4,23.53
2026-05-28T16:23:08Z,2026-06-02,2,17,8.5,50.0
2026-05-28T16:23:08Z,2026-06-02,3,17,4,23.53
2026-05-28T16:23:17Z,2026-06-03,1,17,8,47.06
2026-05-28T16:23:17Z,2026-06-03,2,17,6,35.29
2026-05-28T16:23:17Z,2026-06-03,3,17,4,23.53
2026-05-28T16:47:54Z,2026-06-01,1,17,9,52.94
2026-05-28T16:47:54Z,2026-06-01,2,17,7,41.18
2026-05-28T16:47:54Z,2026-06-01,3,17,6,35.29
2026-05-28T16:48:03Z,2026-06-02,1,17,4,23.53
2026-05-28T16:48:03Z,2026-06-02,2,17,8.5,50.0
2026-05-28T16:48:03Z,2026-06-02,3,17,4,23.53
2026-05-28T16:48:12Z,2026-06-03,1,17,8,47.06
2026-05-28T16:48:12Z,2026-06-03,2,17,6,35.29
2026-05-28T16:48:12Z,2026-06-03,3,17,4,23.53
2026-05-28T17:13:07Z,2026-06-01,1,17,9,52.94
2026-05-28T17:13:07Z,2026-06-01,2,17,7,41.18
2026-05-28T17:13:07Z,2026-06-01,3,17,6,35.29
2026-05-28T17:13:16Z,2026-06-02,1,17,4,23.53
2026-05-28T17:13:16Z,2026-06-02,2,17,8.5,50.0
2026-05-28T17:13:16Z,2026-06-02,3,17,4,23.53
2026-05-28T17:13:26Z,2026-06-03,1,17,8,47.06
2026-05-28T17:13:26Z,2026-06-03,2,17,6,35.29
2026-05-28T17:13:26Z,2026-06-03,3,17,4,23.53
2026-05-28T17:17:59Z,2026-06-01,1,17,9,52.94
2026-05-28T17:17:59Z,2026-06-01,2,17,7,41.18
2026-05-28T17:17:59Z,2026-06-01,3,17,6,35.29
2026-05-28T17:18:09Z,2026-06-02,1,17,4,23.53
2026-05-28T17:18:09Z,2026-06-02,2,17,8.5,50.0
2026-05-28T17:18:09Z,2026-06-02,3,17,4,23.53
2026-05-28T17:18:18Z,2026-06-03,1,17,8,47.06
2026-05-28T17:18:18Z,2026-06-03,2,17,6,35.29
2026-05-28T17:18:18Z,2026-06-03,3,17,4,23.53
2026-05-28T17:33:03Z,2026-06-01,1,17,9,52.94
2026-05-28T17:33:03Z,2026-06-01,2,17,7,41.18
2026-05-28T17:33:03Z,2026-06-01,3,17,6,35.29
2026-05-28T17:33:12Z,2026-06-02,1,17,4,23.53
2026-05-28T17:33:12Z,2026-06-02,2,17,8.5,50.0
2026-05-28T17:33:12Z,2026-06-02,3,17,4,23.53
2026-05-28T17:33:21Z,2026-06-03,1,17,8,47.06
2026-05-28T17:33:21Z,2026-06-03,2,17,6,35.29
2026-05-28T17:33:21Z,2026-06-03,3,17,4,23.53
2026-05-28T17:42:56Z,2026-06-01,1,17,9,52.94
2026-05-28T17:42:56Z,2026-06-01,2,17,7,41.18
2026-05-28T17:42:56Z,2026-06-01,3,17,6,35.29
2026-05-28T17:43:05Z,2026-06-02,1,17,4,23.53
2026-05-28T17:43:05Z,2026-06-02,2,17,8.5,50.0
2026-05-28T17:43:05Z,2026-06-02,3,17,4,23.53
2026-05-28T17:43:14Z,2026-06-03,1,17,8,47.06
2026-05-28T17:43:14Z,2026-06-03,2,17,6,35.29
2026-05-28T17:43:14Z,2026-06-03,3,17,4,23.53
2026-05-28T18:02:59Z,2026-06-01,1,17,9,52.94
2026-05-28T18:02:59Z,2026-06-01,2,17,7,41.18
2026-05-28T18:02:59Z,2026-06-01,3,17,6,35.29
2026-05-28T18:03:08Z,2026-06-02,1,17,4,23.53
2026-05-28T18:03:08Z,2026-06-02,2,17,8.5,50.0
2026-05-28T18:03:08Z,2026-06-02,3,17,4,23.53
2026-05-28T18:03:16Z,2026-06-03,1,17,8,47.06
2026-05-28T18:03:16Z,2026-06-03,2,17,6,35.29
2026-05-28T18:03:16Z,2026-06-03,3,17,4,23.53
2026-05-28T18:08:00Z,2026-06-01,1,17,9,52.94
2026-05-28T18:08:00Z,2026-06-01,2,17,7,41.18
2026-05-28T18:08:00Z,2026-06-01,3,17,6,35.29
2026-05-28T18:08:10Z,2026-06-02,1,17,4,23.53
2026-05-28T18:08:10Z,2026-06-02,2,17,8.5,50.0
2026-05-28T18:08:10Z,2026-06-02,3,17,4,23.53
2026-05-28T18:08:19Z,2026-06-03,1,17,8,47.06
2026-05-28T18:08:19Z,2026-06-03,2,17,6,35.29
2026-05-28T18:08:19Z,2026-06-03,3,17,4,23.53
2026-05-28T18:42:58Z,2026-06-01,1,17,9,52.94
2026-05-28T18:42:58Z,2026-06-01,2,17,7,41.18
2026-05-28T18:42:58Z,2026-06-01,3,17,6,35.29
2026-05-28T18:43:07Z,2026-06-02,1,17,4,23.53
2026-05-28T18:43:07Z,2026-06-02,2,17,8.5,50.0
2026-05-28T18:43:07Z,2026-06-02,3,17,4,23.53
2026-05-28T18:43:15Z,2026-06-03,1,17,8,47.06
2026-05-28T18:43:15Z,2026-06-03,2,17,6,35.29
2026-05-28T18:43:15Z,2026-06-03,3,17,4,23.53
2026-05-28T18:53:15Z,2026-06-01,1,17,9,52.94
2026-05-28T18:53:15Z,2026-06-01,2,17,7,41.18
2026-05-28T18:53:15Z,2026-06-01,3,17,6,35.29
2026-05-28T18:53:24Z,2026-06-02,1,17,4,23.53
2026-05-28T18:53:24Z,2026-06-02,2,17,8.5,50.0
2026-05-28T18:53:24Z,2026-06-02,3,17,4,23.53
2026-05-28T18:53:33Z,2026-06-03,1,17,8,47.06
2026-05-28T18:53:33Z,2026-06-03,2,17,6,35.29
2026-05-28T18:53:33Z,2026-06-03,3,17,4,23.53
2026-05-28T19:08:06Z,2026-06-01,1,17,9,52.94
2026-05-28T19:08:06Z,2026-06-01,2,17,7,41.18
2026-05-28T19:08:06Z,2026-06-01,3,17,6,35.29
2026-05-28T19:08:15Z,2026-06-02,1,17,4,23.53
2026-05-28T19:08:15Z,2026-06-02,2,17,8.5,50.0
2026-05-28T19:08:15Z,2026-06-02,3,17,4,23.53
2026-05-28T19:08:24Z,2026-06-03,1,17,8,47.06
2026-05-28T19:08:24Z,2026-06-03,2,17,6,35.29
2026-05-28T19:08:24Z,2026-06-03,3,17,4,23.53
2026-05-28T19:28:00Z,2026-06-01,1,17,9,52.94
2026-05-28T19:28:00Z,2026-06-01,2,17,7,41.18
2026-05-28T19:28:00Z,2026-06-01,3,17,6,35.29
2026-05-28T19:28:09Z,2026-06-02,1,17,4,23.53
2026-05-28T19:28:09Z,2026-06-02,2,17,8.5,50.0
2026-05-28T19:28:09Z,2026-06-02,3,17,4,23.53
2026-05-28T19:28:18Z,2026-06-03,1,17,8,47.06
2026-05-28T19:28:18Z,2026-06-03,2,17,6,35.29
2026-05-28T19:28:18Z,2026-06-03,3,17,4,23.53
2026-05-28T19:53:04Z,2026-06-01,1,17,9,52.94
2026-05-28T19:53:04Z,2026-06-01,2,17,7,41.18
2026-05-28T19:53:04Z,2026-06-01,3,17,6,35.29
2026-05-28T19:53:13Z,2026-06-02,1,17,4,23.53
2026-05-28T19:53:13Z,2026-06-02,2,17,8.5,50.0
2026-05-28T19:53:13Z,2026-06-02,3,17,4,23.53
2026-05-28T19:53:22Z,2026-06-03,1,17,7,41.18
2026-05-28T19:53:22Z,2026-06-03,2,17,6,35.29
2026-05-28T19:53:22Z,2026-06-03,3,17,4,23.53
2026-05-28T20:23:09Z,2026-06-01,1,17,9,52.94
2026-05-28T20:23:09Z,2026-06-01,2,17,7,41.18
2026-05-28T20:23:09Z,2026-06-01,3,17,6,35.29
2026-05-28T20:23:18Z,2026-06-02,1,17,4,23.53
2026-05-28T20:23:18Z,2026-06-02,2,17,8.5,50.0
2026-05-28T20:23:18Z,2026-06-02,3,17,4,23.53
2026-05-28T20:23:27Z,2026-06-03,1,17,7,41.18
2026-05-28T20:23:27Z,2026-06-03,2,17,6,35.29
2026-05-28T20:23:27Z,2026-06-03,3,17,4,23.53
2026-05-28T20:32:59Z,2026-06-01,1,17,9,52.94
2026-05-28T20:32:59Z,2026-06-01,2,17,7,41.18
2026-05-28T20:32:59Z,2026-06-01,3,17,6,35.29
2026-05-28T20:33:08Z,2026-06-02,1,17,4,23.53
2026-05-28T20:33:08Z,2026-06-02,2,17,8.5,50.0
2026-05-28T20:33:08Z,2026-06-02,3,17,4,23.53
2026-05-28T20:33:17Z,2026-06-03,1,17,7,41.18
2026-05-28T20:33:17Z,2026-06-03,2,17,6,35.29
2026-05-28T20:33:17Z,2026-06-03,3,17,4,23.53
2026-05-28T20:52:57Z,2026-06-01,1,17,9,52.94
2026-05-28T20:52:57Z,2026-06-01,2,17,7,41.18
2026-05-28T20:52:57Z,2026-06-01,3,17,6,35.29
2026-05-28T20:53:06Z,2026-06-02,1,17,4,23.53
2026-05-28T20:53:06Z,2026-06-02,2,17,8.5,50.0
2026-05-28T20:53:06Z,2026-06-02,3,17,4,23.53
2026-05-28T20:53:15Z,2026-06-03,1,17,7,41.18
2026-05-28T20:53:15Z,2026-06-03,2,17,6,35.29
2026-05-28T20:53:15Z,2026-06-03,3,17,4,23.53
2026-05-28T21:27:56Z,2026-06-01,1,17,9,52.94
2026-05-28T21:27:56Z,2026-06-01,2,17,7,41.18
2026-05-28T21:27:56Z,2026-06-01,3,17,6,35.29
2026-05-28T21:28:05Z,2026-06-02,1,17,4,23.53
2026-05-28T21:28:05Z,2026-06-02,2,17,8.5,50.0
2026-05-28T21:28:05Z,2026-06-02,3,17,4,23.53
2026-05-28T21:28:14Z,2026-06-03,1,17,7,41.18
2026-05-28T21:28:14Z,2026-06-03,2,17,6,35.29
2026-05-28T21:28:14Z,2026-06-03,3,17,4,23.53
2026-05-28T21:37:51Z,2026-06-01,1,17,9,52.94
2026-05-28T21:37:51Z,2026-06-01,2,17,7,41.18
2026-05-28T21:37:51Z,2026-06-01,3,17,6,35.29
2026-05-28T21:38:00Z,2026-06-02,1,17,4,23.53
2026-05-28T21:38:00Z,2026-06-02,2,17,8.5,50.0
2026-05-28T21:38:00Z,2026-06-02,3,17,4,23.53
2026-05-28T21:38:09Z,2026-06-03,1,17,7,41.18
2026-05-28T21:38:09Z,2026-06-03,2,17,6,35.29
2026-05-28T21:38:09Z,2026-06-03,3,17,4,23.53
2026-05-28T22:22:55Z,2026-06-01,1,17,9,52.94
2026-05-28T22:22:55Z,2026-06-01,2,17,7,41.18
2026-05-28T22:22:55Z,2026-06-01,3,17,6,35.29
2026-05-28T22:23:04Z,2026-06-02,1,17,4,23.53
2026-05-28T22:23:04Z,2026-06-02,2,17,8.5,50.0
2026-05-28T22:23:04Z,2026-06-02,3,17,4,23.53
2026-05-28T22:23:13Z,2026-06-03,1,17,7,41.18
2026-05-28T22:23:13Z,2026-06-03,2,17,6,35.29
2026-05-28T22:23:13Z,2026-06-03,3,17,4,23.53
2026-05-28T22:37:53Z,2026-06-01,1,17,9,52.94
2026-05-28T22:37:53Z,2026-06-01,2,17,7,41.18
2026-05-28T22:37:53Z,2026-06-01,3,17,6,35.29
2026-05-28T22:38:02Z,2026-06-02,1,17,4,23.53
2026-05-28T22:38:02Z,2026-06-02,2,17,8.5,50.0
2026-05-28T22:38:02Z,2026-06-02,3,17,4,23.53
2026-05-28T22:38:11Z,2026-06-03,1,17,7,41.18
2026-05-28T22:38:11Z,2026-06-03,2,17,6,35.29
2026-05-28T22:38:11Z,2026-06-03,3,17,4,23.53
2026-05-28T22:42:55Z,2026-06-01,1,17,9,52.94
2026-05-28T22:42:55Z,2026-06-01,2,17,7,41.18
2026-05-28T22:42:55Z,2026-06-01,3,17,6,35.29
2026-05-28T22:43:04Z,2026-06-02,1,17,4,23.53
2026-05-28T22:43:04Z,2026-06-02,2,17,8.5,50.0
2026-05-28T22:43:04Z,2026-06-02,3,17,4,23.53
2026-05-28T22:43:13Z,2026-06-03,1,17,7,41.18
2026-05-28T22:43:13Z,2026-06-03,2,17,6,35.29
2026-05-28T22:43:13Z,2026-06-03,3,17,4,23.53
2026-05-28T22:48:07Z,2026-06-01,1,17,9,52.94
2026-05-28T22:48:07Z,2026-06-01,2,17,7,41.18
2026-05-28T22:48:07Z,2026-06-01,3,17,6,35.29
2026-05-28T22:48:16Z,2026-06-02,1,17,4,23.53
2026-05-28T22:48:16Z,2026-06-02,2,17,8.5,50.0
2026-05-28T22:48:16Z,2026-06-02,3,17,4,23.53
2026-05-28T22:48:25Z,2026-06-03,1,17,7,41.18
2026-05-28T22:48:25Z,2026-06-03,2,17,6,35.29
2026-05-28T22:48:25Z,2026-06-03,3,17,4,23.53
2026-05-28T23:07:52Z,2026-06-01,1,17,9,52.94
2026-05-28T23:07:52Z,2026-06-01,2,17,7,41.18
2026-05-28T23:07:52Z,2026-06-01,3,17,6,35.29
2026-05-28T23:08:01Z,2026-06-02,1,17,4,23.53
2026-05-28T23:08:01Z,2026-06-02,2,17,8.5,50.0
2026-05-28T23:08:01Z,2026-06-02,3,17,4,23.53
2026-05-28T23:08:10Z,2026-06-03,1,17,7,41.18
2026-05-28T23:08:10Z,2026-06-03,2,17,6,35.29
2026-05-28T23:08:10Z,2026-06-03,3,17,4,23.53
2026-05-28T23:17:58Z,2026-06-01,1,17,9,52.94
2026-05-28T23:17:58Z,2026-06-01,2,17,7,41.18
2026-05-28T23:17:58Z,2026-06-01,3,17,6,35.29
2026-05-28T23:18:07Z,2026-06-02,1,17,4,23.53
2026-05-28T23:18:07Z,2026-06-02,2,17,8.5,50.0
2026-05-28T23:18:07Z,2026-06-02,3,17,4,23.53
2026-05-28T23:18:16Z,2026-06-03,1,17,7,41.18
2026-05-28T23:18:16Z,2026-06-03,2,17,6,35.29
2026-05-28T23:18:16Z,2026-06-03,3,17,4,23.53
2026-05-28T23:47:56Z,2026-06-01,1,17,9,52.94
2026-05-28T23:47:56Z,2026-06-01,2,17,7,41.18
2026-05-28T23:47:56Z,2026-06-01,3,17,6,35.29
2026-05-28T23:48:05Z,2026-06-02,1,17,4,23.53
2026-05-28T23:48:05Z,2026-06-02,2,17,8.5,50.0
2026-05-28T23:48:05Z,2026-06-02,3,17,4,23.53
2026-05-28T23:48:14Z,2026-06-03,1,17,7,41.18
2026-05-28T23:48:14Z,2026-06-03,2,17,6,35.29
2026-05-28T23:48:14Z,2026-06-03,3,17,4,23.53
2026-05-28T23:52:54Z,2026-06-01,1,17,9,52.94
2026-05-28T23:52:54Z,2026-06-01,2,17,7,41.18
2026-05-28T23:52:54Z,2026-06-01,3,17,6,35.29
2026-05-28T23:53:03Z,2026-06-02,1,17,4,23.53
2026-05-28T23:53:03Z,2026-06-02,2,17,8.5,50.0
2026-05-28T23:53:03Z,2026-06-02,3,17,4,23.53
2026-05-28T23:53:12Z,2026-06-03,1,17,7,41.18
2026-05-28T23:53:12Z,2026-06-03,2,17,6,35.29
2026-05-28T23:53:12Z,2026-06-03,3,17,4,23.53
2026-05-29T00:02:31Z,2026-06-01,1,17,9,52.94
2026-05-29T00:02:31Z,2026-06-01,2,17,7,41.18
2026-05-29T00:02:31Z,2026-06-01,3,17,6,35.29
2026-05-29T00:02:40Z,2026-06-02,1,17,4,23.53
2026-05-29T00:02:40Z,2026-06-02,2,17,8.5,50.0
2026-05-29T00:02:40Z,2026-06-02,3,17,4,23.53
2026-05-29T00:02:49Z,2026-06-03,1,17,7,41.18
2026-05-29T00:02:49Z,2026-06-03,2,17,6,35.29
2026-05-29T00:02:49Z,2026-06-03,3,17,4,23.53
2026-05-29T00:02:58Z,2026-06-04,1,17,8,47.06
2026-05-29T00:02:58Z,2026-06-04,2,17,7,41.18
2026-05-29T00:02:58Z,2026-06-04,3,17,0,0.0
2026-05-29T00:12:18Z,2026-06-01,1,17,9,52.94
2026-05-29T00:12:18Z,2026-06-01,2,17,7,41.18
2026-05-29T00:12:18Z,2026-06-01,3,17,6,35.29
2026-05-29T00:12:27Z,2026-06-02,1,17,4,23.53
2026-05-29T00:12:27Z,2026-06-02,2,17,8.5,50.0
2026-05-29T00:12:27Z,2026-06-02,3,17,4,23.53
2026-05-29T00:12:36Z,2026-06-03,1,17,7,41.18
2026-05-29T00:12:36Z,2026-06-03,2,17,6,35.29
2026-05-29T00:12:36Z,2026-06-03,3,17,4,23.53
2026-05-29T00:12:45Z,2026-06-04,1,17,8,47.06
2026-05-29T00:12:45Z,2026-06-04,2,17,7,41.18
2026-05-29T00:12:45Z,2026-06-04,3,17,0,0.0
2026-05-29T00:17:25Z,2026-06-01,1,17,9,52.94
2026-05-29T00:17:25Z,2026-06-01,2,17,7,41.18
2026-05-29T00:17:25Z,2026-06-01,3,17,6,35.29
2026-05-29T00:17:34Z,2026-06-02,1,17,4,23.53
2026-05-29T00:17:34Z,2026-06-02,2,17,8.5,50.0
2026-05-29T00:17:34Z,2026-06-02,3,17,4,23.53
2026-05-29T00:17:43Z,2026-06-03,1,17,7,41.18
2026-05-29T00:17:43Z,2026-06-03,2,17,6,35.29
2026-05-29T00:17:43Z,2026-06-03,3,17,4,23.53
2026-05-29T00:17:52Z,2026-06-04,1,17,8,47.06
2026-05-29T00:17:52Z,2026-06-04,2,17,7,41.18
2026-05-29T00:17:52Z,2026-06-04,3,17,0,0.0
2026-05-29T00:32:32Z,2026-06-01,1,17,9,52.94
2026-05-29T00:32:32Z,2026-06-01,2,17,7,41.18
2026-05-29T00:32:32Z,2026-06-01,3,17,6,35.29
2026-05-29T00:32:41Z,2026-06-02,1,17,4,23.53
2026-05-29T00:32:41Z,2026-06-02,2,17,8.5,50.0
2026-05-29T00:32:41Z,2026-06-02,3,17,4,23.53
2026-05-29T00:32:50Z,2026-06-03,1,17,7,41.18
2026-05-29T00:32:50Z,2026-06-03,2,17,6,35.29
2026-05-29T00:32:50Z,2026-06-03,3,17,4,23.53
2026-05-29T00:32:59Z,2026-06-04,1,17,8,47.06
2026-05-29T00:32:59Z,2026-06-04,2,17,7,41.18
2026-05-29T00:32:59Z,2026-06-04,3,17,0,0.0
2026-05-29T00:37:43Z,2026-06-01,1,17,9,52.94
2026-05-29T00:37:43Z,2026-06-01,2,17,7,41.18
2026-05-29T00:37:43Z,2026-06-01,3,17,6,35.29
2026-05-29T00:37:52Z,2026-06-02,1,17,4,23.53
2026-05-29T00:37:52Z,2026-06-02,2,17,8.5,50.0
2026-05-29T00:37:52Z,2026-06-02,3,17,4,23.53
2026-05-29T00:38:01Z,2026-06-03,1,17,7,41.18
2026-05-29T00:38:01Z,2026-06-03,2,17,6,35.29
2026-05-29T00:38:01Z,2026-06-03,3,17,4,23.53
2026-05-29T00:38:10Z,2026-06-04,1,17,8,47.06
2026-05-29T00:38:10Z,2026-06-04,2,17,7,41.18
2026-05-29T00:38:10Z,2026-06-04,3,17,0,0.0
2026-05-29T09:22:24Z,2026-06-01,1,17,9,52.94
2026-05-29T09:22:24Z,2026-06-01,2,17,7,41.18
2026-05-29T09:22:24Z,2026-06-01,3,17,6,35.29
2026-05-29T09:22:33Z,2026-06-02,1,17,4,23.53
2026-05-29T09:22:33Z,2026-06-02,2,17,8.5,50.0
2026-05-29T09:22:33Z,2026-06-02,3,17,4,23.53
2026-05-29T09:22:42Z,2026-06-03,1,17,7,41.18
2026-05-29T09:22:42Z,2026-06-03,2,17,6,35.29
2026-05-29T09:22:42Z,2026-06-03,3,17,4,23.53
2026-05-29T09:22:51Z,2026-06-04,1,17,11,64.71
2026-05-29T09:22:51Z,2026-06-04,2,17,9,52.94
2026-05-29T09:22:51Z,2026-06-04,3,17,5,29.41
2026-05-29T09:32:26Z,2026-06-01,1,17,9,52.94
2026-05-29T09:32:26Z,2026-06-01,2,17,7,41.18
2026-05-29T09:32:26Z,2026-06-01,3,17,6,35.29
2026-05-29T09:32:35Z,2026-06-02,1,17,4,23.53
2026-05-29T09:32:35Z,2026-06-02,2,17,8.5,50.0
2026-05-29T09:32:35Z,2026-06-02,3,17,4,23.53
2026-05-29T09:32:44Z,2026-06-03,1,17,7,41.18
2026-05-29T09:32:44Z,2026-06-03,2,17,6,35.29
2026-05-29T09:32:44Z,2026-06-03,3,17,4,23.53
2026-05-29T09:32:53Z,2026-06-04,1,17,11,64.71
2026-05-29T09:32:53Z,2026-06-04,2,17,9,52.94
2026-05-29T09:32:53Z,2026-06-04,3,17,5,29.41
2026-05-29T09:42:23Z,2026-06-01,1,17,9,52.94
2026-05-29T09:42:23Z,2026-06-01,2,17,7,41.18
2026-05-29T09:42:23Z,2026-06-01,3,17,6,35.29
2026-05-29T09:42:32Z,2026-06-02,1,17,4,23.53
2026-05-29T09:42:32Z,2026-06-02,2,17,8.5,50.0
2026-05-29T09:42:32Z,2026-06-02,3,17,4,23.53
2026-05-29T09:42:41Z,2026-06-03,1,17,7,41.18
2026-05-29T09:42:41Z,2026-06-03,2,17,6,35.29
2026-05-29T09:42:41Z,2026-06-03,3,17,4,23.53
2026-05-29T09:42:50Z,2026-06-04,1,17,11,64.71
2026-05-29T09:42:50Z,2026-06-04,2,17,9,52.94
2026-05-29T09:42:50Z,2026-06-04,3,17,5,29.41
2026-05-29T10:07:24Z,2026-06-01,1,17,9,52.94
2026-05-29T10:07:24Z,2026-06-01,2,17,7,41.18
2026-05-29T10:07:24Z,2026-06-01,3,17,6,35.29
2026-05-29T10:07:33Z,2026-06-02,1,17,4,23.53
2026-05-29T10:07:33Z,2026-06-02,2,17,8.5,50.0
2026-05-29T10:07:33Z,2026-06-02,3,17,4,23.53
2026-05-29T10:07:42Z,2026-06-03,1,17,7,41.18
2026-05-29T10:07:42Z,2026-06-03,2,17,6,35.29
2026-05-29T10:07:42Z,2026-06-03,3,17,4,23.53
2026-05-29T10:07:51Z,2026-06-04,1,17,11,64.71
2026-05-29T10:07:51Z,2026-06-04,2,17,9,52.94
2026-05-29T10:07:51Z,2026-06-04,3,17,5,29.41
2026-05-29T10:32:34Z,2026-06-01,1,17,9,52.94
2026-05-29T10:32:34Z,2026-06-01,2,17,7,41.18
2026-05-29T10:32:34Z,2026-06-01,3,17,6,35.29
2026-05-29T10:32:43Z,2026-06-02,1,17,4,23.53
2026-05-29T10:32:43Z,2026-06-02,2,17,8.5,50.0
2026-05-29T10:32:43Z,2026-06-02,3,17,4,23.53
2026-05-29T10:32:52Z,2026-06-03,1,17,7,41.18
2026-05-29T10:32:52Z,2026-06-03,2,17,6,35.29
2026-05-29T10:32:52Z,2026-06-03,3,17,4,23.53
2026-05-29T10:33:01Z,2026-06-04,1,17,11,64.71
2026-05-29T10:33:01Z,2026-06-04,2,17,9,52.94
2026-05-29T10:33:01Z,2026-06-04,3,17,5,29.41
2026-05-29T11:52:24Z,2026-06-01,1,17,9,52.94
2026-05-29T11:52:24Z,2026-06-01,2,17,7,41.18
2026-05-29T11:52:24Z,2026-06-01,3,17,6,35.29
2026-05-29T11:52:33Z,2026-06-02,1,17,4,23.53
2026-05-29T11:52:33Z,2026-06-02,2,17,8.5,50.0
2026-05-29T11:52:33Z,2026-06-02,3,17,4,23.53
2026-05-29T11:52:43Z,2026-06-03,1,17,7,41.18
2026-05-29T11:52:43Z,2026-06-03,2,17,6,35.29
2026-05-29T11:52:43Z,2026-06-03,3,17,4,23.53
2026-05-29T11:52:51Z,2026-06-04,1,17,11,64.71
2026-05-29T11:52:51Z,2026-06-04,2,17,9,52.94
2026-05-29T11:52:51Z,2026-06-04,3,17,5,29.41
2026-05-29T11:57:28Z,2026-06-01,1,17,9,52.94
2026-05-29T11:57:28Z,2026-06-01,2,17,7,41.18
2026-05-29T11:57:28Z,2026-06-01,3,17,6,35.29
2026-05-29T11:57:37Z,2026-06-02,1,17,4,23.53
2026-05-29T11:57:37Z,2026-06-02,2,17,8.5,50.0
2026-05-29T11:57:37Z,2026-06-02,3,17,4,23.53
2026-05-29T11:57:46Z,2026-06-03,1,17,7,41.18
2026-05-29T11:57:46Z,2026-06-03,2,17,6,35.29
2026-05-29T11:57:46Z,2026-06-03,3,17,4,23.53
2026-05-29T11:57:55Z,2026-06-04,1,17,11,64.71
2026-05-29T11:57:55Z,2026-06-04,2,17,9,52.94
2026-05-29T11:57:55Z,2026-06-04,3,17,5,29.41
2026-05-29T12:32:28Z,2026-06-01,1,17,9,52.94
2026-05-29T12:32:28Z,2026-06-01,2,17,7,41.18
2026-05-29T12:32:28Z,2026-06-01,3,17,6,35.29
2026-05-29T12:32:37Z,2026-06-02,1,17,4,23.53
2026-05-29T12:32:37Z,2026-06-02,2,17,8.5,50.0
2026-05-29T12:32:37Z,2026-06-02,3,17,4,23.53
2026-05-29T12:32:46Z,2026-06-03,1,17,7,41.18
2026-05-29T12:32:46Z,2026-06-03,2,17,6,35.29
2026-05-29T12:32:46Z,2026-06-03,3,17,4,23.53
2026-05-29T12:32:55Z,2026-06-04,1,17,11,64.71
2026-05-29T12:32:55Z,2026-06-04,2,17,9,52.94
2026-05-29T12:32:55Z,2026-06-04,3,17,5,29.41
2026-05-29T12:47:24Z,2026-06-01,1,17,9,52.94
2026-05-29T12:47:24Z,2026-06-01,2,17,7,41.18
2026-05-29T12:47:24Z,2026-06-01,3,17,6,35.29
2026-05-29T12:47:33Z,2026-06-02,1,17,4,23.53
2026-05-29T12:47:33Z,2026-06-02,2,17,8.5,50.0
2026-05-29T12:47:33Z,2026-06-02,3,17,4,23.53
2026-05-29T12:47:41Z,2026-06-03,1,17,7,41.18
2026-05-29T12:47:41Z,2026-06-03,2,17,6,35.29
2026-05-29T12:47:41Z,2026-06-03,3,17,4,23.53
2026-05-29T12:47:50Z,2026-06-04,1,17,11,64.71
2026-05-29T12:47:50Z,2026-06-04,2,17,9,52.94
2026-05-29T12:47:50Z,2026-06-04,3,17,5,29.41
2026-05-29T13:12:27Z,2026-06-01,1,17,9,52.94
2026-05-29T13:12:27Z,2026-06-01,2,17,7,41.18
2026-05-29T13:12:27Z,2026-06-01,3,17,6,35.29
2026-05-29T13:12:36Z,2026-06-02,1,17,4,23.53
2026-05-29T13:12:36Z,2026-06-02,2,17,8.5,50.0
2026-05-29T13:12:36Z,2026-06-02,3,17,4,23.53
2026-05-29T13:12:45Z,2026-06-03,1,17,7,41.18
2026-05-29T13:12:45Z,2026-06-03,2,17,6,35.29
2026-05-29T13:12:45Z,2026-06-03,3,17,4,23.53
2026-05-29T13:12:54Z,2026-06-04,1,17,11,64.71
2026-05-29T13:12:54Z,2026-06-04,2,17,9,52.94
2026-05-29T13:12:54Z,2026-06-04,3,17,5,29.41
2026-05-29T13:17:28Z,2026-06-01,1,17,9,52.94
2026-05-29T13:17:28Z,2026-06-01,2,17,7,41.18
2026-05-29T13:17:28Z,2026-06-01,3,17,6,35.29
2026-05-29T13:17:37Z,2026-06-02,1,17,4,23.53
2026-05-29T13:17:37Z,2026-06-02,2,17,8.5,50.0
2026-05-29T13:17:37Z,2026-06-02,3,17,4,23.53
2026-05-29T13:17:46Z,2026-06-03,1,17,7,41.18
2026-05-29T13:17:46Z,2026-06-03,2,17,6,35.29
2026-05-29T13:17:46Z,2026-06-03,3,17,4,23.53
2026-05-29T13:17:55Z,2026-06-04,1,17,11,64.71
2026-05-29T13:17:55Z,2026-06-04,2,17,9,52.94
2026-05-29T13:17:55Z,2026-06-04,3,17,5,29.41
2026-05-29T13:52:30Z,2026-06-01,1,17,9,52.94
2026-05-29T13:52:30Z,2026-06-01,2,17,7,41.18
2026-05-29T13:52:30Z,2026-06-01,3,17,6,35.29
2026-05-29T13:52:39Z,2026-06-02,1,17,4,23.53
2026-05-29T13:52:39Z,2026-06-02,2,17,8.5,50.0
2026-05-29T13:52:39Z,2026-06-02,3,17,4,23.53
2026-05-29T13:52:48Z,2026-06-03,1,17,7,41.18
2026-05-29T13:52:48Z,2026-06-03,2,17,6,35.29
2026-05-29T13:52:48Z,2026-06-03,3,17,4,23.53
2026-05-29T13:52:57Z,2026-06-04,1,17,11,64.71
2026-05-29T13:52:57Z,2026-06-04,2,17,9,52.94
2026-05-29T13:52:57Z,2026-06-04,3,17,5,29.41
2026-05-29T14:17:26Z,2026-06-01,1,17,9,52.94
2026-05-29T14:17:26Z,2026-06-01,2,17,7,41.18
2026-05-29T14:17:26Z,2026-06-01,3,17,6,35.29
2026-05-29T14:17:35Z,2026-06-02,1,17,4,23.53
2026-05-29T14:17:35Z,2026-06-02,2,17,8.5,50.0
2026-05-29T14:17:35Z,2026-06-02,3,17,4,23.53
2026-05-29T14:17:44Z,2026-06-03,1,17,7,41.18
2026-05-29T14:17:44Z,2026-06-03,2,17,6,35.29
2026-05-29T14:17:44Z,2026-06-03,3,17,4,23.53
2026-05-29T14:17:53Z,2026-06-04,1,17,11,64.71
2026-05-29T14:17:53Z,2026-06-04,2,17,9,52.94
2026-05-29T14:17:53Z,2026-06-04,3,17,5,29.41
2026-05-29T14:52:27Z,2026-06-01,1,17,9,52.94
2026-05-29T14:52:27Z,2026-06-01,2,17,7,41.18
2026-05-29T14:52:27Z,2026-06-01,3,17,6,35.29
2026-05-29T14:52:36Z,2026-06-02,1,17,4,23.53
2026-05-29T14:52:36Z,2026-06-02,2,17,8.5,50.0
2026-05-29T14:52:36Z,2026-06-02,3,17,4,23.53
2026-05-29T14:52:45Z,2026-06-03,1,17,7,41.18
2026-05-29T14:52:45Z,2026-06-03,2,17,6,35.29
2026-05-29T14:52:45Z,2026-06-03,3,17,4,23.53
2026-05-29T14:52:54Z,2026-06-04,1,17,11,64.71
2026-05-29T14:52:54Z,2026-06-04,2,17,9,52.94
2026-05-29T14:52:54Z,2026-06-04,3,17,5,29.41
2026-05-29T16:17:27Z,2026-06-01,1,17,9,52.94
2026-05-29T16:17:27Z,2026-06-01,2,17,7,41.18
2026-05-29T16:17:27Z,2026-06-01,3,17,6,35.29
2026-05-29T16:17:36Z,2026-06-02,1,17,4,23.53
2026-05-29T16:17:36Z,2026-06-02,2,17,8.5,50.0
2026-05-29T16:17:36Z,2026-06-02,3,17,4,23.53
2026-05-29T16:17:45Z,2026-06-03,1,17,7,41.18
2026-05-29T16:17:45Z,2026-06-03,2,17,6,35.29
2026-05-29T16:17:45Z,2026-06-03,3,17,4,23.53
2026-05-29T16:17:54Z,2026-06-04,1,17,11,64.71
2026-05-29T16:17:54Z,2026-06-04,2,17,9,52.94
2026-05-29T16:17:54Z,2026-06-04,3,17,5,29.41
2026-05-29T16:57:30Z,2026-06-01,1,17,9,52.94
2026-05-29T16:57:30Z,2026-06-01,2,17,7,41.18
2026-05-29T16:57:30Z,2026-06-01,3,17,6,35.29
2026-05-29T16:57:39Z,2026-06-02,1,17,4,23.53
2026-05-29T16:57:39Z,2026-06-02,2,17,8.5,50.0
2026-05-29T16:57:39Z,2026-06-02,3,17,4,23.53
2026-05-29T16:57:48Z,2026-06-03,1,17,7,41.18
2026-05-29T16:57:48Z,2026-06-03,2,17,6,35.29
2026-05-29T16:57:48Z,2026-06-03,3,17,4,23.53
2026-05-29T16:57:57Z,2026-06-04,1,17,11,64.71
2026-05-29T16:57:57Z,2026-06-04,2,17,9,52.94
2026-05-29T16:57:57Z,2026-06-04,3,17,5,29.41
2026-05-29T17:12:45Z,2026-06-01,1,17,9,52.94
2026-05-29T17:12:45Z,2026-06-01,2,17,7,41.18
2026-05-29T17:12:45Z,2026-06-01,3,17,6,35.29
2026-05-29T17:12:54Z,2026-06-02,1,17,4,23.53
2026-05-29T17:12:54Z,2026-06-02,2,17,8.5,50.0
2026-05-29T17:12:54Z,2026-06-02,3,17,4,23.53
2026-05-29T17:13:03Z,2026-06-03,1,17,7,41.18
2026-05-29T17:13:03Z,2026-06-03,2,17,6,35.29
2026-05-29T17:13:03Z,2026-06-03,3,17,4,23.53
2026-05-29T17:13:12Z,2026-06-04,1,17,11,64.71
2026-05-29T17:13:12Z,2026-06-04,2,17,9,52.94
2026-05-29T17:13:12Z,2026-06-04,3,17,5,29.41
2026-05-29T17:22:27Z,2026-06-01,1,17,9,52.94
2026-05-29T17:22:27Z,2026-06-01,2,17,7,41.18
2026-05-29T17:22:27Z,2026-06-01,3,17,6,35.29
2026-05-29T17:22:35Z,2026-06-02,1,17,4,23.53
2026-05-29T17:22:35Z,2026-06-02,2,17,8.5,50.0
2026-05-29T17:22:35Z,2026-06-02,3,17,4,23.53
2026-05-29T17:22:44Z,2026-06-03,1,17,7,41.18
2026-05-29T17:22:44Z,2026-06-03,2,17,6,35.29
2026-05-29T17:22:44Z,2026-06-03,3,17,4,23.53
2026-05-29T17:22:53Z,2026-06-04,1,17,11,64.71
2026-05-29T17:22:53Z,2026-06-04,2,17,9,52.94
2026-05-29T17:22:53Z,2026-06-04,3,17,5,29.41
2026-05-29T18:02:35Z,2026-06-01,1,17,9,52.94
2026-05-29T18:02:35Z,2026-06-01,2,17,7,41.18
2026-05-29T18:02:35Z,2026-06-01,3,17,6,35.29
2026-05-29T18:02:43Z,2026-06-02,1,17,4,23.53
2026-05-29T18:02:43Z,2026-06-02,2,17,8.5,50.0
2026-05-29T18:02:43Z,2026-06-02,3,17,4,23.53
2026-05-29T18:02:52Z,2026-06-03,1,17,7,41.18
2026-05-29T18:02:52Z,2026-06-03,2,17,6,35.29
2026-05-29T18:02:52Z,2026-06-03,3,17,4,23.53
2026-05-29T18:03:01Z,2026-06-04,1,17,11,64.71
2026-05-29T18:03:01Z,2026-06-04,2,17,9,52.94
2026-05-29T18:03:01Z,2026-06-04,3,17,5,29.41
2026-05-29T18:07:26Z,2026-06-01,1,17,9,52.94
2026-05-29T18:07:26Z,2026-06-01,2,17,7,41.18
2026-05-29T18:07:26Z,2026-06-01,3,17,6,35.29
2026-05-29T18:07:35Z,2026-06-02,1,17,4,23.53
2026-05-29T18:07:35Z,2026-06-02,2,17,8.5,50.0
2026-05-29T18:07:35Z,2026-06-02,3,17,4,23.53
2026-05-29T18:07:44Z,2026-06-03,1,17,7,41.18
2026-05-29T18:07:44Z,2026-06-03,2,17,6,35.29
2026-05-29T18:07:44Z,2026-06-03,3,17,4,23.53
2026-05-29T18:07:53Z,2026-06-04,1,17,11,64.71
2026-05-29T18:07:53Z,2026-06-04,2,17,9,52.94
2026-05-29T18:07:53Z,2026-06-04,3,17,5,29.41
2026-05-29T18:12:23Z,2026-06-01,1,17,9,52.94
2026-05-29T18:12:23Z,2026-06-01,2,17,7,41.18
2026-05-29T18:12:23Z,2026-06-01,3,17,6,35.29
2026-05-29T18:12:32Z,2026-06-02,1,17,4,23.53
2026-05-29T18:12:32Z,2026-06-02,2,17,8.5,50.0
2026-05-29T18:12:32Z,2026-06-02,3,17,4,23.53
2026-05-29T18:12:41Z,2026-06-03,1,17,7,41.18
2026-05-29T18:12:41Z,2026-06-03,2,17,6,35.29
2026-05-29T18:12:41Z,2026-06-03,3,17,4,23.53
2026-05-29T18:12:49Z,2026-06-04,1,17,11,64.71
2026-05-29T18:12:49Z,2026-06-04,2,17,9,52.94
2026-05-29T18:12:49Z,2026-06-04,3,17,5,29.41
2026-05-29T18:32:26Z,2026-06-01,1,17,9,52.94
2026-05-29T18:32:26Z,2026-06-01,2,17,7,41.18
2026-05-29T18:32:26Z,2026-06-01,3,17,6,35.29
2026-05-29T18:32:35Z,2026-06-02,1,17,4,23.53
2026-05-29T18:32:35Z,2026-06-02,2,17,8.5,50.0
2026-05-29T18:32:35Z,2026-06-02,3,17,4,23.53
2026-05-29T18:32:44Z,2026-06-03,1,17,7,41.18
2026-05-29T18:32:44Z,2026-06-03,2,17,6,35.29
2026-05-29T18:32:44Z,2026-06-03,3,17,4,23.53
2026-05-29T18:32:53Z,2026-06-04,1,17,11,64.71
2026-05-29T18:32:53Z,2026-06-04,2,17,9,52.94
2026-05-29T18:32:53Z,2026-06-04,3,17,5,29.41
2026-05-29T19:47:38Z,2026-06-01,1,17,9,52.94
2026-05-29T19:47:38Z,2026-06-01,2,17,7,41.18
2026-05-29T19:47:38Z,2026-06-01,3,17,6,35.29
2026-05-29T19:47:47Z,2026-06-02,1,17,4,23.53
2026-05-29T19:47:47Z,2026-06-02,2,17,8.5,50.0
2026-05-29T19:47:47Z,2026-06-02,3,17,4,23.53
2026-05-29T19:47:56Z,2026-06-03,1,17,7,41.18
2026-05-29T19:47:56Z,2026-06-03,2,17,6,35.29
2026-05-29T19:47:56Z,2026-06-03,3,17,4,23.53
2026-05-29T19:48:05Z,2026-06-04,1,17,11,64.71
2026-05-29T19:48:05Z,2026-06-04,2,17,9,52.94
2026-05-29T19:48:05Z,2026-06-04,3,17,5,29.41
2026-05-29T19:52:22Z,2026-06-01,1,17,9,52.94
2026-05-29T19:52:22Z,2026-06-01,2,17,7,41.18
2026-05-29T19:52:22Z,2026-06-01,3,17,6,35.29
2026-05-29T19:52:31Z,2026-06-02,1,17,4,23.53
2026-05-29T19:52:31Z,2026-06-02,2,17,8.5,50.0
2026-05-29T19:52:31Z,2026-06-02,3,17,4,23.53
2026-05-29T19:52:39Z,2026-06-03,1,17,7,41.18
2026-05-29T19:52:39Z,2026-06-03,2,17,6,35.29
2026-05-29T19:52:39Z,2026-06-03,3,17,4,23.53
2026-05-29T19:52:48Z,2026-06-04,1,17,11,64.71
2026-05-29T19:52:48Z,2026-06-04,2,17,9,52.94
2026-05-29T19:52:48Z,2026-06-04,3,17,5,29.41
2026-05-29T20:17:24Z,2026-06-01,1,17,9,52.94
2026-05-29T20:17:24Z,2026-06-01,2,17,7,41.18
2026-05-29T20:17:24Z,2026-06-01,3,17,6,35.29
2026-05-29T20:17:33Z,2026-06-02,1,17,4,23.53
2026-05-29T20:17:33Z,2026-06-02,2,17,8.5,50.0
2026-05-29T20:17:33Z,2026-06-02,3,17,4,23.53
2026-05-29T20:17:42Z,2026-06-03,1,17,7,41.18
2026-05-29T20:17:42Z,2026-06-03,2,17,6,35.29
2026-05-29T20:17:42Z,2026-06-03,3,17,4,23.53
2026-05-29T20:17:51Z,2026-06-04,1,17,11,64.71
2026-05-29T20:17:51Z,2026-06-04,2,17,9,52.94
2026-05-29T20:17:51Z,2026-06-04,3,17,5,29.41
2026-05-29T20:32:28Z,2026-06-01,1,17,9,52.94
2026-05-29T20:32:28Z,2026-06-01,2,17,7,41.18
2026-05-29T20:32:28Z,2026-06-01,3,17,6,35.29
2026-05-29T20:32:37Z,2026-06-02,1,17,4,23.53
2026-05-29T20:32:37Z,2026-06-02,2,17,8.5,50.0
2026-05-29T20:32:37Z,2026-06-02,3,17,4,23.53
2026-05-29T20:32:46Z,2026-06-03,1,17,7,41.18
2026-05-29T20:32:46Z,2026-06-03,2,17,6,35.29
2026-05-29T20:32:46Z,2026-06-03,3,17,4,23.53
2026-05-29T20:32:55Z,2026-06-04,1,17,11,64.71
2026-05-29T20:32:55Z,2026-06-04,2,17,9,52.94
2026-05-29T20:32:55Z,2026-06-04,3,17,5,29.41
2026-05-29T20:42:24Z,2026-06-01,1,17,9,52.94
2026-05-29T20:42:24Z,2026-06-01,2,17,7,41.18
2026-05-29T20:42:24Z,2026-06-01,3,17,6,35.29
2026-05-29T20:42:33Z,2026-06-02,1,17,4,23.53
2026-05-29T20:42:33Z,2026-06-02,2,17,8.5,50.0
2026-05-29T20:42:33Z,2026-06-02,3,17,4,23.53
2026-05-29T20:42:42Z,2026-06-03,1,17,7,41.18
2026-05-29T20:42:42Z,2026-06-03,2,17,6,35.29
2026-05-29T20:42:42Z,2026-06-03,3,17,4,23.53
2026-05-29T20:42:51Z,2026-06-04,1,17,11,64.71
2026-05-29T20:42:51Z,2026-06-04,2,17,9,52.94
2026-05-29T20:42:51Z,2026-06-04,3,17,5,29.41
2026-05-29T20:52:24Z,2026-06-01,1,17,9,52.94
2026-05-29T20:52:24Z,2026-06-01,2,17,7,41.18
2026-05-29T20:52:24Z,2026-06-01,3,17,6,35.29
2026-05-29T20:52:33Z,2026-06-02,1,17,4,23.53
2026-05-29T20:52:33Z,2026-06-02,2,17,8.5,50.0
2026-05-29T20:52:33Z,2026-06-02,3,17,4,23.53
2026-05-29T20:52:42Z,2026-06-03,1,17,7,41.18
2026-05-29T20:52:42Z,2026-06-03,2,17,6,35.29
2026-05-29T20:52:42Z,2026-06-03,3,17,4,23.53
2026-05-29T20:52:51Z,2026-06-04,1,17,11,64.71
2026-05-29T20:52:51Z,2026-06-04,2,17,9,52.94
2026-05-29T20:52:51Z,2026-06-04,3,17,5,29.41
2026-05-29T21:12:25Z,2026-06-01,1,17,9,52.94
2026-05-29T21:12:25Z,2026-06-01,2,17,7,41.18
2026-05-29T21:12:25Z,2026-06-01,3,17,6,35.29
2026-05-29T21:12:34Z,2026-06-02,1,17,4,23.53
2026-05-29T21:12:34Z,2026-06-02,2,17,8.5,50.0
2026-05-29T21:12:34Z,2026-06-02,3,17,4,23.53
2026-05-29T21:12:43Z,2026-06-03,1,17,7,41.18
2026-05-29T21:12:43Z,2026-06-03,2,17,6,35.29
2026-05-29T21:12:43Z,2026-06-03,3,17,4,23.53
2026-05-29T21:12:53Z,2026-06-04,1,17,11,64.71
2026-05-29T21:12:53Z,2026-06-04,2,17,9,52.94
2026-05-29T21:12:53Z,2026-06-04,3,17,5,29.41
2026-05-29T21:27:31Z,2026-06-01,1,17,9,52.94
2026-05-29T21:27:31Z,2026-06-01,2,17,7,41.18
2026-05-29T21:27:31Z,2026-06-01,3,17,6,35.29
2026-05-29T21:27:40Z,2026-06-02,1,17,4,23.53
2026-05-29T21:27:40Z,2026-06-02,2,17,8.5,50.0
2026-05-29T21:27:40Z,2026-06-02,3,17,4,23.53
2026-05-29T21:27:49Z,2026-06-03,1,17,7,41.18
2026-05-29T21:27:49Z,2026-06-03,2,17,6,35.29
2026-05-29T21:27:49Z,2026-06-03,3,17,4,23.53
2026-05-29T21:27:58Z,2026-06-04,1,17,11,64.71
2026-05-29T21:27:58Z,2026-06-04,2,17,9,52.94
2026-05-29T21:27:58Z,2026-06-04,3,17,5,29.41
2026-05-29T22:02:40Z,2026-06-01,1,17,9,52.94
2026-05-29T22:02:40Z,2026-06-01,2,17,7,41.18
2026-05-29T22:02:40Z,2026-06-01,3,17,6,35.29
2026-05-29T22:02:49Z,2026-06-02,1,17,4,23.53
2026-05-29T22:02:49Z,2026-06-02,2,17,8.5,50.0
2026-05-29T22:02:49Z,2026-06-02,3,17,4,23.53
2026-05-29T22:02:58Z,2026-06-03,1,17,7,41.18
2026-05-29T22:02:58Z,2026-06-03,2,17,6,35.29
2026-05-29T22:02:58Z,2026-06-03,3,17,4,23.53
2026-05-29T22:03:07Z,2026-06-04,1,17,11,64.71
2026-05-29T22:03:07Z,2026-06-04,2,17,9,52.94
2026-05-29T22:03:07Z,2026-06-04,3,17,5,29.41
2026-05-29T22:12:25Z,2026-06-01,1,17,9,52.94
2026-05-29T22:12:25Z,2026-06-01,2,17,7,41.18
2026-05-29T22:12:25Z,2026-06-01,3,17,6,35.29
2026-05-29T22:12:34Z,2026-06-02,1,17,4,23.53
2026-05-29T22:12:34Z,2026-06-02,2,17,8.5,50.0
2026-05-29T22:12:34Z,2026-06-02,3,17,4,23.53
2026-05-29T22:12:43Z,2026-06-03,1,17,7,41.18
2026-05-29T22:12:43Z,2026-06-03,2,17,6,35.29
2026-05-29T22:12:43Z,2026-06-03,3,17,4,23.53
2026-05-29T22:12:52Z,2026-06-04,1,17,11,64.71
2026-05-29T22:12:52Z,2026-06-04,2,17,9,52.94
2026-05-29T22:12:52Z,2026-06-04,3,17,5,29.41
2026-05-29T22:37:17Z,2026-06-01,1,17,9,52.94
2026-05-29T22:37:17Z,2026-06-01,2,17,7,41.18
2026-05-29T22:37:17Z,2026-06-01,3,17,6,35.29
2026-05-29T22:37:26Z,2026-06-02,1,17,4,23.53
2026-05-29T22:37:26Z,2026-06-02,2,17,8.5,50.0
2026-05-29T22:37:26Z,2026-06-02,3,17,4,23.53
2026-05-29T22:37:35Z,2026-06-03,1,17,7,41.18
2026-05-29T22:37:35Z,2026-06-03,2,17,6,35.29
2026-05-29T22:37:35Z,2026-06-03,3,17,4,23.53
2026-05-29T22:37:44Z,2026-06-04,1,17,11,64.71
2026-05-29T22:37:44Z,2026-06-04,2,17,9,52.94
2026-05-29T22:37:44Z,2026-06-04,3,17,5,29.41
2026-05-29T22:52:23Z,2026-06-01,1,17,9,52.94
2026-05-29T22:52:23Z,2026-06-01,2,17,7,41.18
2026-05-29T22:52:23Z,2026-06-01,3,17,6,35.29
2026-05-29T22:52:32Z,2026-06-02,1,17,4,23.53
2026-05-29T22:52:32Z,2026-06-02,2,17,8.5,50.0
2026-05-29T22:52:32Z,2026-06-02,3,17,4,23.53
2026-05-29T22:52:41Z,2026-06-03,1,17,7,41.18
2026-05-29T22:52:41Z,2026-06-03,2,17,6,35.29
2026-05-29T22:52:41Z,2026-06-03,3,17,4,23.53
2026-05-29T22:52:50Z,2026-06-04,1,17,11,64.71
2026-05-29T22:52:50Z,2026-06-04,2,17,9,52.94
2026-05-29T22:52:50Z,2026-06-04,3,17,5,29.41
2026-05-29T22:57:23Z,2026-06-01,1,17,9,52.94
2026-05-29T22:57:23Z,2026-06-01,2,17,7,41.18
2026-05-29T22:57:23Z,2026-06-01,3,17,6,35.29
2026-05-29T22:57:31Z,2026-06-02,1,17,4,23.53
2026-05-29T22:57:31Z,2026-06-02,2,17,8.5,50.0
2026-05-29T22:57:31Z,2026-06-02,3,17,4,23.53
2026-05-29T22:57:40Z,2026-06-03,1,17,7,41.18
2026-05-29T22:57:40Z,2026-06-03,2,17,6,35.29
2026-05-29T22:57:40Z,2026-06-03,3,17,4,23.53
2026-05-29T22:57:49Z,2026-06-04,1,17,11,64.71
2026-05-29T22:57:49Z,2026-06-04,2,17,9,52.94
2026-05-29T22:57:49Z,2026-06-04,3,17,5,29.41
2026-05-30T00:11:59Z,2026-06-01,1,17,9,52.94
2026-05-30T00:11:59Z,2026-06-01,2,17,7,41.18
2026-05-30T00:11:59Z,2026-06-01,3,17,6,35.29
2026-05-30T00:12:08Z,2026-06-02,1,17,4,23.53
2026-05-30T00:12:08Z,2026-06-02,2,17,8.5,50.0
2026-05-30T00:12:08Z,2026-06-02,3,17,4,23.53
2026-05-30T00:12:16Z,2026-06-03,1,17,7,41.18
2026-05-30T00:12:16Z,2026-06-03,2,17,6,35.29
2026-05-30T00:12:16Z,2026-06-03,3,17,4,23.53
2026-05-30T00:12:25Z,2026-06-04,1,17,11,64.71
2026-05-30T00:12:25Z,2026-06-04,2,17,9,52.94
2026-05-30T00:12:25Z,2026-06-04,3,17,5,29.41
2026-05-30T00:12:34Z,2026-06-05,1,17,9,52.94
2026-05-30T00:12:34Z,2026-06-05,2,17,6,35.29
2026-05-30T00:12:34Z,2026-06-05,3,17,5,29.41
2026-05-30T09:01:58Z,2026-06-01,1,17,9,52.94
2026-05-30T09:01:58Z,2026-06-01,2,17,7,41.18
2026-05-30T09:01:58Z,2026-06-01,3,17,6,35.29
2026-05-30T09:02:07Z,2026-06-02,1,17,4,23.53
2026-05-30T09:02:07Z,2026-06-02,2,17,8.5,50.0
2026-05-30T09:02:07Z,2026-06-02,3,17,4,23.53
2026-05-30T09:02:16Z,2026-06-03,1,17,7,41.18
2026-05-30T09:02:16Z,2026-06-03,2,17,6,35.29
2026-05-30T09:02:16Z,2026-06-03,3,17,4,23.53
2026-05-30T09:02:25Z,2026-06-04,1,17,11,64.71
2026-05-30T09:02:25Z,2026-06-04,2,17,9,52.94
2026-05-30T09:02:25Z,2026-06-04,3,17,5,29.41
2026-05-30T09:02:33Z,2026-06-05,1,17,9,52.94
2026-05-30T09:02:33Z,2026-06-05,2,17,6,35.29
2026-05-30T09:02:33Z,2026-06-05,3,17,5,29.41
2026-05-30T09:21:53Z,2026-06-01,1,17,9,52.94
2026-05-30T09:21:53Z,2026-06-01,2,17,7,41.18
2026-05-30T09:21:53Z,2026-06-01,3,17,6,35.29
2026-05-30T09:22:02Z,2026-06-02,1,17,4,23.53
2026-05-30T09:22:02Z,2026-06-02,2,17,8.5,50.0
2026-05-30T09:22:02Z,2026-06-02,3,17,4,23.53
2026-05-30T09:22:11Z,2026-06-03,1,17,7,41.18
2026-05-30T09:22:11Z,2026-06-03,2,17,6,35.29
2026-05-30T09:22:11Z,2026-06-03,3,17,4,23.53
2026-05-30T09:22:20Z,2026-06-04,1,17,11,64.71
2026-05-30T09:22:20Z,2026-06-04,2,17,9,52.94
2026-05-30T09:22:20Z,2026-06-04,3,17,5,29.41
2026-05-30T09:22:29Z,2026-06-05,1,17,9,52.94
2026-05-30T09:22:29Z,2026-06-05,2,17,6,35.29
2026-05-30T09:22:29Z,2026-06-05,3,17,5,29.41
2026-05-30T09:36:52Z,2026-06-01,1,17,9,52.94
2026-05-30T09:36:52Z,2026-06-01,2,17,7,41.18
2026-05-30T09:36:52Z,2026-06-01,3,17,6,35.29
2026-05-30T09:37:01Z,2026-06-02,1,17,4,23.53
2026-05-30T09:37:01Z,2026-06-02,2,17,8.5,50.0
2026-05-30T09:37:01Z,2026-06-02,3,17,4,23.53
2026-05-30T09:37:10Z,2026-06-03,1,17,7,41.18
2026-05-30T09:37:10Z,2026-06-03,2,17,6,35.29
2026-05-30T09:37:10Z,2026-06-03,3,17,4,23.53
2026-05-30T09:37:19Z,2026-06-04,1,17,11,64.71
2026-05-30T09:37:19Z,2026-06-04,2,17,9,52.94
2026-05-30T09:37:19Z,2026-06-04,3,17,5,29.41
2026-05-30T09:37:28Z,2026-06-05,1,17,9,52.94
2026-05-30T09:37:28Z,2026-06-05,2,17,6,35.29
2026-05-30T09:37:28Z,2026-06-05,3,17,5,29.41
2026-05-30T10:02:00Z,2026-06-01,1,17,9,52.94
2026-05-30T10:02:00Z,2026-06-01,2,17,7,41.18
2026-05-30T10:02:00Z,2026-06-01,3,17,6,35.29
2026-05-30T10:02:09Z,2026-06-02,1,17,4,23.53
2026-05-30T10:02:09Z,2026-06-02,2,17,8.5,50.0
2026-05-30T10:02:09Z,2026-06-02,3,17,4,23.53
2026-05-30T10:02:17Z,2026-06-03,1,17,7,41.18
2026-05-30T10:02:17Z,2026-06-03,2,17,6,35.29
2026-05-30T10:02:17Z,2026-06-03,3,17,4,23.53
2026-05-30T10:02:26Z,2026-06-04,1,17,11,64.71
2026-05-30T10:02:26Z,2026-06-04,2,17,9,52.94
2026-05-30T10:02:26Z,2026-06-04,3,17,5,29.41
2026-05-30T10:02:35Z,2026-06-05,1,17,9,52.94
2026-05-30T10:02:35Z,2026-06-05,2,17,6,35.29
2026-05-30T10:02:35Z,2026-06-05,3,17,5,29.41
2026-05-30T10:11:56Z,2026-06-01,1,17,9,52.94
2026-05-30T10:11:56Z,2026-06-01,2,17,7,41.18
2026-05-30T10:11:56Z,2026-06-01,3,17,6,35.29
2026-05-30T10:12:05Z,2026-06-02,1,17,4,23.53
2026-05-30T10:12:05Z,2026-06-02,2,17,8.5,50.0
2026-05-30T10:12:05Z,2026-06-02,3,17,4,23.53
2026-05-30T10:12:14Z,2026-06-03,1,17,7,41.18
2026-05-30T10:12:14Z,2026-06-03,2,17,6,35.29
2026-05-30T10:12:14Z,2026-06-03,3,17,4,23.53
2026-05-30T10:12:23Z,2026-06-04,1,17,11,64.71
2026-05-30T10:12:23Z,2026-06-04,2,17,9,52.94
2026-05-30T10:12:23Z,2026-06-04,3,17,5,29.41
2026-05-30T10:12:32Z,2026-06-05,1,17,9,52.94
2026-05-30T10:12:32Z,2026-06-05,2,17,6,35.29
2026-05-30T10:12:32Z,2026-06-05,3,17,5,29.41
2026-05-30T10:16:52Z,2026-06-01,1,17,9,52.94
2026-05-30T10:16:52Z,2026-06-01,2,17,7,41.18
2026-05-30T10:16:52Z,2026-06-01,3,17,6,35.29
2026-05-30T10:17:01Z,2026-06-02,1,17,4,23.53
2026-05-30T10:17:01Z,2026-06-02,2,17,8.5,50.0
2026-05-30T10:17:01Z,2026-06-02,3,17,4,23.53
2026-05-30T10:17:10Z,2026-06-03,1,17,7,41.18
2026-05-30T10:17:10Z,2026-06-03,2,17,6,35.29
2026-05-30T10:17:10Z,2026-06-03,3,17,4,23.53
2026-05-30T10:17:19Z,2026-06-04,1,17,11,64.71
2026-05-30T10:17:19Z,2026-06-04,2,17,9,52.94
2026-05-30T10:17:19Z,2026-06-04,3,17,5,29.41
2026-05-30T10:17:28Z,2026-06-05,1,17,9,52.94
2026-05-30T10:17:28Z,2026-06-05,2,17,6,35.29
2026-05-30T10:17:28Z,2026-06-05,3,17,5,29.41
2026-05-30T10:21:53Z,2026-06-01,1,17,9,52.94
2026-05-30T10:21:53Z,2026-06-01,2,17,7,41.18
2026-05-30T10:21:53Z,2026-06-01,3,17,6,35.29
2026-05-30T10:22:02Z,2026-06-02,1,17,4,23.53
2026-05-30T10:22:02Z,2026-06-02,2,17,8.5,50.0
2026-05-30T10:22:02Z,2026-06-02,3,17,4,23.53
2026-05-30T10:22:10Z,2026-06-03,1,17,7,41.18
2026-05-30T10:22:10Z,2026-06-03,2,17,6,35.29
2026-05-30T10:22:10Z,2026-06-03,3,17,4,23.53
2026-05-30T10:22:19Z,2026-06-04,1,17,11,64.71
2026-05-30T10:22:19Z,2026-06-04,2,17,9,52.94
2026-05-30T10:22:19Z,2026-06-04,3,17,5,29.41
2026-05-30T10:22:28Z,2026-06-05,1,17,9,52.94
2026-05-30T10:22:28Z,2026-06-05,2,17,6,35.29
2026-05-30T10:22:28Z,2026-06-05,3,17,5,29.41
2026-05-30T10:57:01Z,2026-06-01,1,17,9,52.94
2026-05-30T10:57:01Z,2026-06-01,2,17,7,41.18
2026-05-30T10:57:01Z,2026-06-01,3,17,6,35.29
2026-05-30T10:57:10Z,2026-06-02,1,17,4,23.53
2026-05-30T10:57:10Z,2026-06-02,2,17,8.5,50.0
2026-05-30T10:57:10Z,2026-06-02,3,17,4,23.53
2026-05-30T10:57:19Z,2026-06-03,1,17,7,41.18
2026-05-30T10:57:19Z,2026-06-03,2,17,6,35.29
2026-05-30T10:57:19Z,2026-06-03,3,17,4,23.53
2026-05-30T10:57:28Z,2026-06-04,1,17,11,64.71
2026-05-30T10:57:28Z,2026-06-04,2,17,9,52.94
2026-05-30T10:57:28Z,2026-06-04,3,17,5,29.41
2026-05-30T10:57:37Z,2026-06-05,1,17,9,52.94
2026-05-30T10:57:37Z,2026-06-05,2,17,6,35.29
2026-05-30T10:57:37Z,2026-06-05,3,17,5,29.41
2026-05-30T11:02:10Z,2026-06-01,1,17,9,52.94
2026-05-30T11:02:10Z,2026-06-01,2,17,7,41.18
2026-05-30T11:02:10Z,2026-06-01,3,17,6,35.29
2026-05-30T11:02:19Z,2026-06-02,1,17,4,23.53
2026-05-30T11:02:19Z,2026-06-02,2,17,8.5,50.0
2026-05-30T11:02:19Z,2026-06-02,3,17,4,23.53
2026-05-30T11:02:28Z,2026-06-03,1,17,7,41.18
2026-05-30T11:02:28Z,2026-06-03,2,17,6,35.29
2026-05-30T11:02:28Z,2026-06-03,3,17,4,23.53
2026-05-30T11:02:36Z,2026-06-04,1,17,11,64.71
2026-05-30T11:02:36Z,2026-06-04,2,17,9,52.94
2026-05-30T11:02:36Z,2026-06-04,3,17,5,29.41
2026-05-30T11:02:45Z,2026-06-05,1,17,9,52.94
2026-05-30T11:02:45Z,2026-06-05,2,17,6,35.29
2026-05-30T11:02:45Z,2026-06-05,3,17,5,29.41
2026-05-30T11:11:54Z,2026-06-01,1,17,9,52.94
2026-05-30T11:11:54Z,2026-06-01,2,17,7,41.18
2026-05-30T11:11:54Z,2026-06-01,3,17,6,35.29
2026-05-30T11:12:03Z,2026-06-02,1,17,4,23.53
2026-05-30T11:12:03Z,2026-06-02,2,17,8.5,50.0
2026-05-30T11:12:03Z,2026-06-02,3,17,4,23.53
2026-05-30T11:12:12Z,2026-06-03,1,17,7,41.18
2026-05-30T11:12:12Z,2026-06-03,2,17,6,35.29
2026-05-30T11:12:12Z,2026-06-03,3,17,4,23.53
2026-05-30T11:12:21Z,2026-06-04,1,17,11,64.71
2026-05-30T11:12:21Z,2026-06-04,2,17,9,52.94
2026-05-30T11:12:21Z,2026-06-04,3,17,5,29.41
2026-05-30T11:12:30Z,2026-06-05,1,17,9,52.94
2026-05-30T11:12:30Z,2026-06-05,2,17,6,35.29
2026-05-30T11:12:30Z,2026-06-05,3,17,5,29.41
2026-05-30T11:21:54Z,2026-06-01,1,17,9,52.94
2026-05-30T11:21:54Z,2026-06-01,2,17,7,41.18
2026-05-30T11:21:54Z,2026-06-01,3,17,6,35.29
2026-05-30T11:22:03Z,2026-06-02,1,17,4,23.53
2026-05-30T11:22:03Z,2026-06-02,2,17,8.5,50.0
2026-05-30T11:22:03Z,2026-06-02,3,17,4,23.53
2026-05-30T11:22:12Z,2026-06-03,1,17,7,41.18
2026-05-30T11:22:12Z,2026-06-03,2,17,6,35.29
2026-05-30T11:22:12Z,2026-06-03,3,17,4,23.53
2026-05-30T11:22:21Z,2026-06-04,1,17,11,64.71
2026-05-30T11:22:21Z,2026-06-04,2,17,9,52.94
2026-05-30T11:22:21Z,2026-06-04,3,17,5,29.41
2026-05-30T11:22:30Z,2026-06-05,1,17,9,52.94
2026-05-30T11:22:30Z,2026-06-05,2,17,6,35.29
2026-05-30T11:22:30Z,2026-06-05,3,17,5,29.41
2026-05-30T11:26:50Z,2026-06-01,1,17,9,52.94
2026-05-30T11:26:50Z,2026-06-01,2,17,7,41.18
2026-05-30T11:26:50Z,2026-06-01,3,17,6,35.29
2026-05-30T11:26:59Z,2026-06-02,1,17,4,23.53
2026-05-30T11:26:59Z,2026-06-02,2,17,8.5,50.0
2026-05-30T11:26:59Z,2026-06-02,3,17,4,23.53
2026-05-30T11:27:08Z,2026-06-03,1,17,7,41.18
2026-05-30T11:27:08Z,2026-06-03,2,17,6,35.29
2026-05-30T11:27:08Z,2026-06-03,3,17,4,23.53
2026-05-30T11:27:17Z,2026-06-04,1,17,11,64.71
2026-05-30T11:27:17Z,2026-06-04,2,17,9,52.94
2026-05-30T11:27:17Z,2026-06-04,3,17,5,29.41
2026-05-30T11:27:26Z,2026-06-05,1,17,9,52.94
2026-05-30T11:27:26Z,2026-06-05,2,17,6,35.29
2026-05-30T11:27:26Z,2026-06-05,3,17,5,29.41
2026-05-30T12:15:26Z,2026-06-01,1,17,9,52.94
2026-05-30T12:15:26Z,2026-06-01,2,17,7,41.18
2026-05-30T12:15:26Z,2026-06-01,3,17,6,35.29
2026-05-30T12:15:34Z,2026-06-02,1,17,4,23.53
2026-05-30T12:15:34Z,2026-06-02,2,17,8.5,50.0
2026-05-30T12:15:34Z,2026-06-02,3,17,4,23.53
2026-05-30T12:15:43Z,2026-06-03,1,17,7,41.18
2026-05-30T12:15:43Z,2026-06-03,2,17,6,35.29
2026-05-30T12:15:43Z,2026-06-03,3,17,4,23.53
2026-05-30T12:15:52Z,2026-06-04,1,17,11,64.71
2026-05-30T12:15:52Z,2026-06-04,2,17,9,52.94
2026-05-30T12:15:52Z,2026-06-04,3,17,5,29.41
2026-05-30T12:16:01Z,2026-06-05,1,17,9,52.94
2026-05-30T12:16:01Z,2026-06-05,2,17,6,35.29
2026-05-30T12:16:01Z,2026-06-05,3,17,5,29.41
2026-05-30T12:21:59Z,2026-06-01,1,17,9,52.94
2026-05-30T12:21:59Z,2026-06-01,2,17,7,41.18
2026-05-30T12:21:59Z,2026-06-01,3,17,6,35.29
2026-05-30T12:22:07Z,2026-06-02,1,17,4,23.53
2026-05-30T12:22:07Z,2026-06-02,2,17,8.5,50.0
2026-05-30T12:22:07Z,2026-06-02,3,17,4,23.53
2026-05-30T12:22:16Z,2026-06-03,1,17,7,41.18
2026-05-30T12:22:16Z,2026-06-03,2,17,6,35.29
2026-05-30T12:22:16Z,2026-06-03,3,17,4,23.53
2026-05-30T12:22:25Z,2026-06-04,1,17,11,64.71
2026-05-30T12:22:25Z,2026-06-04,2,17,9,52.94
2026-05-30T12:22:25Z,2026-06-04,3,17,5,29.41
2026-05-30T12:22:34Z,2026-06-05,1,17,9,52.94
2026-05-30T12:22:34Z,2026-06-05,2,17,6,35.29
2026-05-30T12:22:34Z,2026-06-05,3,17,5,29.41
2026-05-30T12:51:47Z,2026-06-01,1,17,9,52.94
2026-05-30T12:51:47Z,2026-06-01,2,17,7,41.18
2026-05-30T12:51:47Z,2026-06-01,3,17,6,35.29
2026-05-30T12:51:56Z,2026-06-02,1,17,4,23.53
2026-05-30T12:51:56Z,2026-06-02,2,17,8.5,50.0
2026-05-30T12:51:56Z,2026-06-02,3,17,4,23.53
2026-05-30T12:52:05Z,2026-06-03,1,17,7,41.18
2026-05-30T12:52:05Z,2026-06-03,2,17,6,35.29
2026-05-30T12:52:05Z,2026-06-03,3,17,4,23.53
2026-05-30T12:52:14Z,2026-06-04,1,17,11,64.71
2026-05-30T12:52:14Z,2026-06-04,2,17,9,52.94
2026-05-30T12:52:14Z,2026-06-04,3,17,5,29.41
2026-05-30T12:52:23Z,2026-06-05,1,17,9,52.94
2026-05-30T12:52:23Z,2026-06-05,2,17,6,35.29
2026-05-30T12:52:23Z,2026-06-05,3,17,5,29.41
2026-05-30T12:56:50Z,2026-06-01,1,17,9,52.94
2026-05-30T12:56:50Z,2026-06-01,2,17,7,41.18
2026-05-30T12:56:50Z,2026-06-01,3,17,6,35.29
2026-05-30T12:56:59Z,2026-06-02,1,17,4,23.53
2026-05-30T12:56:59Z,2026-06-02,2,17,8.5,50.0
2026-05-30T12:56:59Z,2026-06-02,3,17,4,23.53
2026-05-30T12:57:08Z,2026-06-03,1,17,7,41.18
2026-05-30T12:57:08Z,2026-06-03,2,17,6,35.29
2026-05-30T12:57:08Z,2026-06-03,3,17,4,23.53
2026-05-30T12:57:17Z,2026-06-04,1,17,11,64.71
2026-05-30T12:57:17Z,2026-06-04,2,17,9,52.94
2026-05-30T12:57:17Z,2026-06-04,3,17,5,29.41
2026-05-30T12:57:26Z,2026-06-05,1,17,9,52.94
2026-05-30T12:57:26Z,2026-06-05,2,17,6,35.29
2026-05-30T12:57:26Z,2026-06-05,3,17,5,29.41
2026-05-30T14:08:17Z,2026-06-01,1,17,9,52.94
2026-05-30T14:08:17Z,2026-06-01,2,17,7,41.18
2026-05-30T14:08:17Z,2026-06-01,3,17,6,35.29
2026-05-30T14:08:26Z,2026-06-02,1,17,4,23.53
2026-05-30T14:08:26Z,2026-06-02,2,17,8.5,50.0
2026-05-30T14:08:26Z,2026-06-02,3,17,4,23.53
2026-05-30T14:08:35Z,2026-06-03,1,17,7,41.18
2026-05-30T14:08:35Z,2026-06-03,2,17,6,35.29
2026-05-30T14:08:35Z,2026-06-03,3,17,4,23.53
2026-05-30T14:08:44Z,2026-06-04,1,17,11,64.71
2026-05-30T14:08:44Z,2026-06-04,2,17,9,52.94
2026-05-30T14:08:44Z,2026-06-04,3,17,5,29.41
2026-05-30T14:08:54Z,2026-06-05,1,17,9,52.94
2026-05-30T14:08:54Z,2026-06-05,2,17,6,35.29
2026-05-30T14:08:54Z,2026-06-05,3,17,5,29.41
2026-05-30T14:51:55Z,2026-06-01,1,17,9,52.94
2026-05-30T14:51:55Z,2026-06-01,2,17,7,41.18
2026-05-30T14:51:55Z,2026-06-01,3,17,6,35.29
2026-05-30T14:52:04Z,2026-06-02,1,17,4,23.53
2026-05-30T14:52:04Z,2026-06-02,2,17,8.5,50.0
2026-05-30T14:52:04Z,2026-06-02,3,17,4,23.53
2026-05-30T14:52:13Z,2026-06-03,1,17,7,41.18
2026-05-30T14:52:13Z,2026-06-03,2,17,6,35.29
2026-05-30T14:52:13Z,2026-06-03,3,17,4,23.53
2026-05-30T14:52:22Z,2026-06-04,1,17,11,64.71
2026-05-30T14:52:22Z,2026-06-04,2,17,9,52.94
2026-05-30T14:52:22Z,2026-06-04,3,17,5,29.41
2026-05-30T14:52:30Z,2026-06-05,1,17,9,52.94
2026-05-30T14:52:30Z,2026-06-05,2,17,6,35.29
2026-05-30T14:52:30Z,2026-06-05,3,17,5,29.41
2026-05-30T15:21:51Z,2026-06-01,1,17,9,52.94
2026-05-30T15:21:51Z,2026-06-01,2,17,7,41.18
2026-05-30T15:21:51Z,2026-06-01,3,17,6,35.29
2026-05-30T15:22:00Z,2026-06-02,1,17,4,23.53
2026-05-30T15:22:00Z,2026-06-02,2,17,8.5,50.0
2026-05-30T15:22:00Z,2026-06-02,3,17,4,23.53
2026-05-30T15:22:08Z,2026-06-03,1,17,7,41.18
2026-05-30T15:22:08Z,2026-06-03,2,17,6,35.29
2026-05-30T15:22:08Z,2026-06-03,3,17,4,23.53
2026-05-30T15:22:17Z,2026-06-04,1,17,11,64.71
2026-05-30T15:22:17Z,2026-06-04,2,17,9,52.94
2026-05-30T15:22:17Z,2026-06-04,3,17,5,29.41
2026-05-30T15:22:26Z,2026-06-05,1,17,9,52.94
2026-05-30T15:22:26Z,2026-06-05,2,17,6,35.29
2026-05-30T15:22:26Z,2026-06-05,3,17,5,29.41
2026-05-30T15:41:49Z,2026-06-01,1,17,9,52.94
2026-05-30T15:41:49Z,2026-06-01,2,17,7,41.18
2026-05-30T15:41:49Z,2026-06-01,3,17,6,35.29
2026-05-30T15:41:58Z,2026-06-02,1,17,4,23.53
2026-05-30T15:41:58Z,2026-06-02,2,17,8.5,50.0
2026-05-30T15:41:58Z,2026-06-02,3,17,4,23.53
2026-05-30T15:42:07Z,2026-06-03,1,17,7,41.18
2026-05-30T15:42:07Z,2026-06-03,2,17,6,35.29
2026-05-30T15:42:07Z,2026-06-03,3,17,4,23.53
2026-05-30T15:42:16Z,2026-06-04,1,17,11,64.71
2026-05-30T15:42:16Z,2026-06-04,2,17,9,52.94
2026-05-30T15:42:16Z,2026-06-04,3,17,5,29.41
2026-05-30T15:42:25Z,2026-06-05,1,17,9,52.94
2026-05-30T15:42:25Z,2026-06-05,2,17,6,35.29
2026-05-30T15:42:25Z,2026-06-05,3,17,5,29.41
2026-05-30T15:46:51Z,2026-06-01,1,17,9,52.94
2026-05-30T15:46:51Z,2026-06-01,2,17,7,41.18
2026-05-30T15:46:51Z,2026-06-01,3,17,6,35.29
2026-05-30T15:47:00Z,2026-06-02,1,17,4,23.53
2026-05-30T15:47:00Z,2026-06-02,2,17,8.5,50.0
2026-05-30T15:47:00Z,2026-06-02,3,17,4,23.53
2026-05-30T15:47:09Z,2026-06-03,1,17,7,41.18
2026-05-30T15:47:09Z,2026-06-03,2,17,6,35.29
2026-05-30T15:47:09Z,2026-06-03,3,17,4,23.53
2026-05-30T15:47:18Z,2026-06-04,1,17,11,64.71
2026-05-30T15:47:18Z,2026-06-04,2,17,9,52.94
2026-05-30T15:47:18Z,2026-06-04,3,17,5,29.41
2026-05-30T15:47:27Z,2026-06-05,1,17,9,52.94
2026-05-30T15:47:27Z,2026-06-05,2,17,6,35.29
2026-05-30T15:47:27Z,2026-06-05,3,17,5,29.41
2026-05-30T16:33:42Z,2026-06-01,1,17,9,52.94
2026-05-30T16:33:42Z,2026-06-01,2,17,7,41.18
2026-05-30T16:33:42Z,2026-06-01,3,17,6,35.29
2026-05-30T16:33:51Z,2026-06-02,1,17,4,23.53
2026-05-30T16:33:51Z,2026-06-02,2,17,8.5,50.0
2026-05-30T16:33:51Z,2026-06-02,3,17,4,23.53
2026-05-30T16:34:00Z,2026-06-03,1,17,7,41.18
2026-05-30T16:34:00Z,2026-06-03,2,17,6,35.29
2026-05-30T16:34:00Z,2026-06-03,3,17,4,23.53
2026-05-30T16:34:08Z,2026-06-04,1,17,11,64.71
2026-05-30T16:34:08Z,2026-06-04,2,17,9,52.94
2026-05-30T16:34:08Z,2026-06-04,3,17,5,29.41
2026-05-30T16:34:17Z,2026-06-05,1,17,9,52.94
2026-05-30T16:34:17Z,2026-06-05,2,17,6,35.29
2026-05-30T16:34:17Z,2026-06-05,3,17,5,29.41
2026-05-30T16:36:56Z,2026-06-01,1,17,9,52.94
2026-05-30T16:36:56Z,2026-06-01,2,17,7,41.18
2026-05-30T16:36:56Z,2026-06-01,3,17,6,35.29
2026-05-30T16:37:05Z,2026-06-02,1,17,4,23.53
2026-05-30T16:37:05Z,2026-06-02,2,17,8.5,50.0
2026-05-30T16:37:05Z,2026-06-02,3,17,4,23.53
2026-05-30T16:37:14Z,2026-06-03,1,17,7,41.18
2026-05-30T16:37:14Z,2026-06-03,2,17,6,35.29
2026-05-30T16:37:14Z,2026-06-03,3,17,4,23.53
2026-05-30T16:37:23Z,2026-06-04,1,17,11,64.71
2026-05-30T16:37:23Z,2026-06-04,2,17,9,52.94
2026-05-30T16:37:23Z,2026-06-04,3,17,5,29.41
2026-05-30T16:37:32Z,2026-06-05,1,17,9,52.94
2026-05-30T16:37:32Z,2026-06-05,2,17,6,35.29
2026-05-30T16:37:32Z,2026-06-05,3,17,5,29.41
2026-05-30T16:56:56Z,2026-06-01,1,17,9,52.94
2026-05-30T16:56:56Z,2026-06-01,2,17,7,41.18
2026-05-30T16:56:56Z,2026-06-01,3,17,6,35.29
2026-05-30T16:57:05Z,2026-06-02,1,17,4,23.53
2026-05-30T16:57:05Z,2026-06-02,2,17,8.5,50.0
2026-05-30T16:57:05Z,2026-06-02,3,17,4,23.53
2026-05-30T16:57:14Z,2026-06-03,1,17,7,41.18
2026-05-30T16:57:14Z,2026-06-03,2,17,6,35.29
2026-05-30T16:57:14Z,2026-06-03,3,17,4,23.53
2026-05-30T16:57:23Z,2026-06-04,1,17,11,64.71
2026-05-30T16:57:23Z,2026-06-04,2,17,9,52.94
2026-05-30T16:57:23Z,2026-06-04,3,17,5,29.41
2026-05-30T16:57:32Z,2026-06-05,1,17,9,52.94
2026-05-30T16:57:32Z,2026-06-05,2,17,6,35.29
2026-05-30T16:57:32Z,2026-06-05,3,17,5,29.41
2026-05-30T18:01:56Z,2026-06-01,1,17,9,52.94
2026-05-30T18:01:56Z,2026-06-01,2,17,7,41.18
2026-05-30T18:01:56Z,2026-06-01,3,17,6,35.29
2026-05-30T18:02:05Z,2026-06-02,1,17,4,23.53
2026-05-30T18:02:05Z,2026-06-02,2,17,8.5,50.0
2026-05-30T18:02:05Z,2026-06-02,3,17,4,23.53
2026-05-30T18:02:14Z,2026-06-03,1,17,7,41.18
2026-05-30T18:02:14Z,2026-06-03,2,17,6,35.29
2026-05-30T18:02:14Z,2026-06-03,3,17,4,23.53
2026-05-30T18:02:23Z,2026-06-04,1,17,11,64.71
2026-05-30T18:02:23Z,2026-06-04,2,17,9,52.94
2026-05-30T18:02:23Z,2026-06-04,3,17,5,29.41
2026-05-30T18:02:32Z,2026-06-05,1,17,9,52.94
2026-05-30T18:02:32Z,2026-06-05,2,17,6,35.29
2026-05-30T18:02:32Z,2026-06-05,3,17,5,29.41
2026-05-30T19:06:49Z,2026-06-01,1,17,9,52.94
2026-05-30T19:06:49Z,2026-06-01,2,17,7,41.18
2026-05-30T19:06:49Z,2026-06-01,3,17,6,35.29
2026-05-30T19:06:58Z,2026-06-02,1,17,4,23.53
2026-05-30T19:06:58Z,2026-06-02,2,17,8.5,50.0
2026-05-30T19:06:58Z,2026-06-02,3,17,4,23.53
2026-05-30T19:07:07Z,2026-06-03,1,17,7,41.18
2026-05-30T19:07:07Z,2026-06-03,2,17,6,35.29
2026-05-30T19:07:07Z,2026-06-03,3,17,4,23.53
2026-05-30T19:07:16Z,2026-06-04,1,17,11,64.71
2026-05-30T19:07:16Z,2026-06-04,2,17,9,52.94
2026-05-30T19:07:16Z,2026-06-04,3,17,5,29.41
2026-05-30T19:07:25Z,2026-06-05,1,17,9,52.94
2026-05-30T19:07:25Z,2026-06-05,2,17,6,35.29
2026-05-30T19:07:25Z,2026-06-05,3,17,5,29.41
2026-05-30T19:16:53Z,2026-06-01,1,17,9,52.94
2026-05-30T19:16:53Z,2026-06-01,2,17,7,41.18
2026-05-30T19:16:53Z,2026-06-01,3,17,6,35.29
2026-05-30T19:17:02Z,2026-06-02,1,17,4,23.53
2026-05-30T19:17:02Z,2026-06-02,2,17,8.5,50.0
2026-05-30T19:17:02Z,2026-06-02,3,17,4,23.53
2026-05-30T19:17:11Z,2026-06-03,1,17,7,41.18
2026-05-30T19:17:11Z,2026-06-03,2,17,6,35.29
2026-05-30T19:17:11Z,2026-06-03,3,17,4,23.53
2026-05-30T19:17:20Z,2026-06-04,1,17,11,64.71
2026-05-30T19:17:20Z,2026-06-04,2,17,9,52.94
2026-05-30T19:17:20Z,2026-06-04,3,17,5,29.41
2026-05-30T19:17:28Z,2026-06-05,1,17,9,52.94
2026-05-30T19:17:28Z,2026-06-05,2,17,6,35.29
2026-05-30T19:17:28Z,2026-06-05,3,17,5,29.41
2026-05-30T19:26:54Z,2026-06-01,1,17,9,52.94
2026-05-30T19:26:54Z,2026-06-01,2,17,7,41.18
2026-05-30T19:26:54Z,2026-06-01,3,17,6,35.29
2026-05-30T19:27:03Z,2026-06-02,1,17,4,23.53
2026-05-30T19:27:03Z,2026-06-02,2,17,8.5,50.0
2026-05-30T19:27:03Z,2026-06-02,3,17,4,23.53
2026-05-30T19:27:12Z,2026-06-03,1,17,7,41.18
2026-05-30T19:27:12Z,2026-06-03,2,17,6,35.29
2026-05-30T19:27:12Z,2026-06-03,3,17,4,23.53
2026-05-30T19:27:21Z,2026-06-04,1,17,11,64.71
2026-05-30T19:27:21Z,2026-06-04,2,17,9,52.94
2026-05-30T19:27:21Z,2026-06-04,3,17,5,29.41
2026-05-30T19:27:29Z,2026-06-05,1,17,9,52.94
2026-05-30T19:27:29Z,2026-06-05,2,17,6,35.29
2026-05-30T19:27:29Z,2026-06-05,3,17,5,29.41
2026-05-30T20:46:50Z,2026-06-01,1,17,9,52.94
2026-05-30T20:46:50Z,2026-06-01,2,17,7,41.18
2026-05-30T20:46:50Z,2026-06-01,3,17,6,35.29
2026-05-30T20:46:59Z,2026-06-02,1,17,4,23.53
2026-05-30T20:46:59Z,2026-06-02,2,17,8.5,50.0
2026-05-30T20:46:59Z,2026-06-02,3,17,4,23.53
2026-05-30T20:47:08Z,2026-06-03,1,17,7,41.18
2026-05-30T20:47:08Z,2026-06-03,2,17,6,35.29
2026-05-30T20:47:08Z,2026-06-03,3,17,4,23.53
2026-05-30T20:47:17Z,2026-06-04,1,17,11,64.71
2026-05-30T20:47:17Z,2026-06-04,2,17,9,52.94
2026-05-30T20:47:17Z,2026-06-04,3,17,5,29.41
2026-05-30T20:47:25Z,2026-06-05,1,17,9,52.94
2026-05-30T20:47:25Z,2026-06-05,2,17,6,35.29
2026-05-30T20:47:25Z,2026-06-05,3,17,5,29.41
2026-05-30T21:11:51Z,2026-06-01,1,17,9,52.94
2026-05-30T21:11:51Z,2026-06-01,2,17,7,41.18
2026-05-30T21:11:51Z,2026-06-01,3,17,6,35.29
2026-05-30T21:12:00Z,2026-06-02,1,17,4,23.53
2026-05-30T21:12:00Z,2026-06-02,2,17,8.5,50.0
2026-05-30T21:12:00Z,2026-06-02,3,17,4,23.53
2026-05-30T21:12:09Z,2026-06-03,1,17,7,41.18
2026-05-30T21:12:09Z,2026-06-03,2,17,6,35.29
2026-05-30T21:12:09Z,2026-06-03,3,17,4,23.53
2026-05-30T21:12:18Z,2026-06-04,1,17,11,64.71
2026-05-30T21:12:18Z,2026-06-04,2,17,9,52.94
2026-05-30T21:12:18Z,2026-06-04,3,17,5,29.41
2026-05-30T21:12:27Z,2026-06-05,1,17,9,52.94
2026-05-30T21:12:27Z,2026-06-05,2,17,6,35.29
2026-05-30T21:12:27Z,2026-06-05,3,17,5,29.41
2026-05-30T21:21:52Z,2026-06-01,1,17,9,52.94
2026-05-30T21:21:52Z,2026-06-01,2,17,7,41.18
2026-05-30T21:21:52Z,2026-06-01,3,17,6,35.29
2026-05-30T21:22:01Z,2026-06-02,1,17,4,23.53
2026-05-30T21:22:01Z,2026-06-02,2,17,8.5,50.0
2026-05-30T21:22:01Z,2026-06-02,3,17,4,23.53
2026-05-30T21:22:10Z,2026-06-03,1,17,7,41.18
2026-05-30T21:22:10Z,2026-06-03,2,17,6,35.29
2026-05-30T21:22:10Z,2026-06-03,3,17,4,23.53
2026-05-30T21:22:19Z,2026-06-04,1,17,11,64.71
2026-05-30T21:22:19Z,2026-06-04,2,17,9,52.94
2026-05-30T21:22:19Z,2026-06-04,3,17,5,29.41
2026-05-30T21:22:28Z,2026-06-05,1,17,9,52.94
2026-05-30T21:22:28Z,2026-06-05,2,17,6,35.29
2026-05-30T21:22:28Z,2026-06-05,3,17,5,29.41
2026-05-30T21:36:53Z,2026-06-01,1,17,9,52.94
2026-05-30T21:36:53Z,2026-06-01,2,17,7,41.18
2026-05-30T21:36:53Z,2026-06-01,3,17,6,35.29
2026-05-30T21:37:02Z,2026-06-02,1,17,4,23.53
2026-05-30T21:37:02Z,2026-06-02,2,17,8.5,50.0
2026-05-30T21:37:02Z,2026-06-02,3,17,4,23.53
2026-05-30T21:37:11Z,2026-06-03,1,17,7,41.18
2026-05-30T21:37:11Z,2026-06-03,2,17,6,35.29
2026-05-30T21:37:11Z,2026-06-03,3,17,4,23.53
2026-05-30T21:37:20Z,2026-06-04,1,17,11,64.71
2026-05-30T21:37:20Z,2026-06-04,2,17,9,52.94
2026-05-30T21:37:20Z,2026-06-04,3,17,5,29.41
2026-05-30T21:37:29Z,2026-06-05,1,17,9,52.94
2026-05-30T21:37:29Z,2026-06-05,2,17,6,35.29
2026-05-30T21:37:29Z,2026-06-05,3,17,5,29.41
2026-05-30T21:46:49Z,2026-06-01,1,17,9,52.94
2026-05-30T21:46:49Z,2026-06-01,2,17,7,41.18
2026-05-30T21:46:49Z,2026-06-01,3,17,6,35.29
2026-05-30T21:46:58Z,2026-06-02,1,17,4,23.53
2026-05-30T21:46:58Z,2026-06-02,2,17,8.5,50.0
2026-05-30T21:46:58Z,2026-06-02,3,17,4,23.53
2026-05-30T21:47:07Z,2026-06-03,1,17,7,41.18
2026-05-30T21:47:07Z,2026-06-03,2,17,6,35.29
2026-05-30T21:47:07Z,2026-06-03,3,17,4,23.53
2026-05-30T21:47:16Z,2026-06-04,1,17,11,64.71
2026-05-30T21:47:16Z,2026-06-04,2,17,9,52.94
2026-05-30T21:47:16Z,2026-06-04,3,17,5,29.41
2026-05-30T21:47:25Z,2026-06-05,1,17,9,52.94
2026-05-30T21:47:25Z,2026-06-05,2,17,6,35.29
2026-05-30T21:47:25Z,2026-06-05,3,17,5,29.41
2026-05-30T22:31:54Z,2026-06-01,1,17,9,52.94
2026-05-30T22:31:54Z,2026-06-01,2,17,7,41.18
2026-05-30T22:31:54Z,2026-06-01,3,17,6,35.29
2026-05-30T22:32:03Z,2026-06-02,1,17,4,23.53
2026-05-30T22:32:03Z,2026-06-02,2,17,8.5,50.0
2026-05-30T22:32:03Z,2026-06-02,3,17,4,23.53
2026-05-30T22:32:11Z,2026-06-03,1,17,7,41.18
2026-05-30T22:32:11Z,2026-06-03,2,17,6,35.29
2026-05-30T22:32:11Z,2026-06-03,3,17,4,23.53
2026-05-30T22:32:20Z,2026-06-04,1,17,11,64.71
2026-05-30T22:32:20Z,2026-06-04,2,17,9,52.94
2026-05-30T22:32:20Z,2026-06-04,3,17,5,29.41
2026-05-30T22:32:29Z,2026-06-05,1,17,9,52.94
2026-05-30T22:32:29Z,2026-06-05,2,17,6,35.29
2026-05-30T22:32:29Z,2026-06-05,3,17,5,29.41
2026-05-30T22:36:50Z,2026-06-01,1,17,9,52.94
2026-05-30T22:36:50Z,2026-06-01,2,17,7,41.18
2026-05-30T22:36:50Z,2026-06-01,3,17,6,35.29
2026-05-30T22:36:59Z,2026-06-02,1,17,4,23.53
2026-05-30T22:36:59Z,2026-06-02,2,17,8.5,50.0
2026-05-30T22:36:59Z,2026-06-02,3,17,4,23.53
2026-05-30T22:37:08Z,2026-06-03,1,17,7,41.18
2026-05-30T22:37:08Z,2026-06-03,2,17,6,35.29
2026-05-30T22:37:08Z,2026-06-03,3,17,4,23.53
2026-05-30T22:37:17Z,2026-06-04,1,17,11,64.71
2026-05-30T22:37:17Z,2026-06-04,2,17,9,52.94
2026-05-30T22:37:17Z,2026-06-04,3,17,5,29.41
2026-05-30T22:37:26Z,2026-06-05,1,17,9,52.94
2026-05-30T22:37:26Z,2026-06-05,2,17,6,35.29
2026-05-30T22:37:26Z,2026-06-05,3,17,5,29.41
2026-05-30T23:01:58Z,2026-06-01,1,17,9,52.94
2026-05-30T23:01:58Z,2026-06-01,2,17,7,41.18
2026-05-30T23:01:58Z,2026-06-01,3,17,6,35.29
2026-05-30T23:02:07Z,2026-06-02,1,17,4,23.53
2026-05-30T23:02:07Z,2026-06-02,2,17,8.5,50.0
2026-05-30T23:02:07Z,2026-06-02,3,17,4,23.53
2026-05-30T23:02:16Z,2026-06-03,1,17,7,41.18
2026-05-30T23:02:16Z,2026-06-03,2,17,6,35.29
2026-05-30T23:02:16Z,2026-06-03,3,17,4,23.53
2026-05-30T23:02:25Z,2026-06-04,1,17,11,64.71
2026-05-30T23:02:25Z,2026-06-04,2,17,9,52.94
2026-05-30T23:02:25Z,2026-06-04,3,17,5,29.41
2026-05-30T23:02:34Z,2026-06-05,1,17,9,52.94
2026-05-30T23:02:34Z,2026-06-05,2,17,6,35.29
2026-05-30T23:02:34Z,2026-06-05,3,17,5,29.41
2026-05-30T23:06:53Z,2026-06-01,1,17,9,52.94
2026-05-30T23:06:53Z,2026-06-01,2,17,7,41.18
2026-05-30T23:06:53Z,2026-06-01,3,17,6,35.29
2026-05-30T23:07:02Z,2026-06-02,1,17,4,23.53
2026-05-30T23:07:02Z,2026-06-02,2,17,8.5,50.0
2026-05-30T23:07:02Z,2026-06-02,3,17,4,23.53
2026-05-30T23:07:11Z,2026-06-03,1,17,7,41.18
2026-05-30T23:07:11Z,2026-06-03,2,17,6,35.29
2026-05-30T23:07:11Z,2026-06-03,3,17,4,23.53
2026-05-30T23:07:20Z,2026-06-04,1,17,11,64.71
2026-05-30T23:07:20Z,2026-06-04,2,17,9,52.94
2026-05-30T23:07:20Z,2026-06-04,3,17,5,29.41
2026-05-30T23:07:29Z,2026-06-05,1,17,9,52.94
2026-05-30T23:07:29Z,2026-06-05,2,17,6,35.29
2026-05-30T23:07:29Z,2026-06-05,3,17,5,29.41
2026-05-30T23:21:57Z,2026-06-01,1,17,9,52.94
2026-05-30T23:21:57Z,2026-06-01,2,17,7,41.18
2026-05-30T23:21:57Z,2026-06-01,3,17,6,35.29
2026-05-30T23:22:06Z,2026-06-02,1,17,4,23.53
2026-05-30T23:22:06Z,2026-06-02,2,17,8.5,50.0
2026-05-30T23:22:06Z,2026-06-02,3,17,4,23.53
2026-05-30T23:22:15Z,2026-06-03,1,17,7,41.18
2026-05-30T23:22:15Z,2026-06-03,2,17,6,35.29
2026-05-30T23:22:15Z,2026-06-03,3,17,4,23.53
2026-05-30T23:22:24Z,2026-06-04,1,17,11,64.71
2026-05-30T23:22:24Z,2026-06-04,2,17,9,52.94
2026-05-30T23:22:24Z,2026-06-04,3,17,5,29.41
2026-05-30T23:22:33Z,2026-06-05,1,17,9,52.94
2026-05-30T23:22:33Z,2026-06-05,2,17,6,35.29
2026-05-30T23:22:33Z,2026-06-05,3,17,5,29.41
2026-05-30T23:26:50Z,2026-06-01,1,17,9,52.94
2026-05-30T23:26:50Z,2026-06-01,2,17,7,41.18
2026-05-30T23:26:50Z,2026-06-01,3,17,6,35.29
2026-05-30T23:26:59Z,2026-06-02,1,17,4,23.53
2026-05-30T23:26:59Z,2026-06-02,2,17,8.5,50.0
2026-05-30T23:26:59Z,2026-06-02,3,17,4,23.53
2026-05-30T23:27:08Z,2026-06-03,1,17,7,41.18
2026-05-30T23:27:08Z,2026-06-03,2,17,6,35.29
2026-05-30T23:27:08Z,2026-06-03,3,17,4,23.53
2026-05-30T23:27:17Z,2026-06-04,1,17,11,64.71
2026-05-30T23:27:17Z,2026-06-04,2,17,9,52.94
2026-05-30T23:27:17Z,2026-06-04,3,17,5,29.41
2026-05-30T23:27:26Z,2026-06-05,1,17,9,52.94
2026-05-30T23:27:26Z,2026-06-05,2,17,6,35.29
2026-05-30T23:27:26Z,2026-06-05,3,17,5,29.41
2026-05-30T23:46:51Z,2026-06-01,1,17,9,52.94
2026-05-30T23:46:51Z,2026-06-01,2,17,7,41.18
2026-05-30T23:46:51Z,2026-06-01,3,17,6,35.29
2026-05-30T23:47:00Z,2026-06-02,1,17,4,23.53
2026-05-30T23:47:00Z,2026-06-02,2,17,8.5,50.0
2026-05-30T23:47:00Z,2026-06-02,3,17,4,23.53
2026-05-30T23:47:09Z,2026-06-03,1,17,7,41.18
2026-05-30T23:47:09Z,2026-06-03,2,17,6,35.29
2026-05-30T23:47:09Z,2026-06-03,3,17,4,23.53
2026-05-30T23:47:18Z,2026-06-04,1,17,11,64.71
2026-05-30T23:47:18Z,2026-06-04,2,17,9,52.94
2026-05-30T23:47:18Z,2026-06-04,3,17,5,29.41
2026-05-30T23:47:27Z,2026-06-05,1,17,9,52.94
2026-05-30T23:47:27Z,2026-06-05,2,17,6,35.29
2026-05-30T23:47:27Z,2026-06-05,3,17,5,29.41
2026-05-30T23:51:51Z,2026-06-01,1,17,9,52.94
2026-05-30T23:51:51Z,2026-06-01,2,17,7,41.18
2026-05-30T23:51:51Z,2026-06-01,3,17,6,35.29
2026-05-30T23:52:00Z,2026-06-02,1,17,4,23.53
2026-05-30T23:52:00Z,2026-06-02,2,17,8.5,50.0
2026-05-30T23:52:00Z,2026-06-02,3,17,4,23.53
2026-05-30T23:52:08Z,2026-06-03,1,17,7,41.18
2026-05-30T23:52:08Z,2026-06-03,2,17,6,35.29
2026-05-30T23:52:08Z,2026-06-03,3,17,4,23.53
2026-05-30T23:52:17Z,2026-06-04,1,17,11,64.71
2026-05-30T23:52:17Z,2026-06-04,2,17,9,52.94
2026-05-30T23:52:17Z,2026-06-04,3,17,5,29.41
2026-05-30T23:52:26Z,2026-06-05,1,17,9,52.94
2026-05-30T23:52:26Z,2026-06-05,2,17,6,35.29
2026-05-30T23:52:26Z,2026-06-05,3,17,5,29.41
2026-05-31T00:36:20Z,2026-06-01,1,17,9,52.94
2026-05-31T00:36:20Z,2026-06-01,2,17,7,41.18
2026-05-31T00:36:20Z,2026-06-01,3,17,6,35.29
2026-05-31T00:36:29Z,2026-06-02,1,17,4,23.53
2026-05-31T00:36:29Z,2026-06-02,2,17,8.5,50.0
2026-05-31T00:36:29Z,2026-06-02,3,17,4,23.53
2026-05-31T00:36:38Z,2026-06-03,1,17,7,41.18
2026-05-31T00:36:38Z,2026-06-03,2,17,6,35.29
2026-05-31T00:36:38Z,2026-06-03,3,17,4,23.53
2026-05-31T00:36:47Z,2026-06-04,1,17,11,64.71
2026-05-31T00:36:47Z,2026-06-04,2,17,9,52.94
2026-05-31T00:36:47Z,2026-06-04,3,17,5,29.41
2026-05-31T00:36:55Z,2026-06-05,1,17,9,52.94
2026-05-31T00:36:55Z,2026-06-05,2,17,6,35.29
2026-05-31T00:36:55Z,2026-06-05,3,17,5,29.41
2026-05-31T00:37:04Z,2026-06-06,1,17,2,11.76
2026-05-31T00:37:04Z,2026-06-06,2,17,6,35.29
2026-05-31T00:37:04Z,2026-06-06,3,17,10,58.82
2026-05-31T09:20:54Z,2026-05-31,1,17,12,70.59
2026-05-31T09:20:54Z,2026-05-31,2,17,12,70.59
2026-05-31T09:20:54Z,2026-05-31,3,17,12,70.59
2026-05-31T09:21:00Z,2026-06-01,1,17,9,52.94
2026-05-31T09:21:00Z,2026-06-01,2,17,7,41.18
2026-05-31T09:21:00Z,2026-06-01,3,17,6,35.29
2026-05-31T09:21:09Z,2026-06-02,1,17,4,23.53
2026-05-31T09:21:09Z,2026-06-02,2,17,8.5,50.0
2026-05-31T09:21:09Z,2026-06-02,3,17,4,23.53
2026-05-31T09:21:18Z,2026-06-03,1,17,7,41.18
2026-05-31T09:21:18Z,2026-06-03,2,17,6,35.29
2026-05-31T09:21:18Z,2026-06-03,3,17,4,23.53
2026-05-31T09:21:27Z,2026-06-04,1,17,11,64.71
2026-05-31T09:21:27Z,2026-06-04,2,17,9,52.94
2026-05-31T09:21:27Z,2026-06-04,3,17,5,29.41
2026-05-31T09:21:36Z,2026-06-05,1,17,9,52.94
2026-05-31T09:21:36Z,2026-06-05,2,17,6,35.29
2026-05-31T09:21:36Z,2026-06-05,3,17,5,29.41
2026-05-31T09:21:45Z,2026-06-06,1,17,2,11.76
2026-05-31T09:21:45Z,2026-06-06,2,17,6,35.29
2026-05-31T09:21:45Z,2026-06-06,3,17,10,58.82
2026-05-31T09:41:03Z,2026-05-31,1,17,12,70.59
2026-05-31T09:41:03Z,2026-05-31,2,17,12,70.59
2026-05-31T09:41:03Z,2026-05-31,3,17,12,70.59
2026-05-31T09:41:08Z,2026-06-01,1,17,9,52.94
2026-05-31T09:41:08Z,2026-06-01,2,17,7,41.18
2026-05-31T09:41:08Z,2026-06-01,3,17,6,35.29
2026-05-31T09:41:17Z,2026-06-02,1,17,4,23.53
2026-05-31T09:41:17Z,2026-06-02,2,17,8.5,50.0
2026-05-31T09:41:17Z,2026-06-02,3,17,4,23.53
2026-05-31T09:41:26Z,2026-06-03,1,17,7,41.18
2026-05-31T09:41:26Z,2026-06-03,2,17,6,35.29
2026-05-31T09:41:26Z,2026-06-03,3,17,4,23.53
2026-05-31T09:41:35Z,2026-06-04,1,17,11,64.71
2026-05-31T09:41:35Z,2026-06-04,2,17,9,52.94
2026-05-31T09:41:35Z,2026-06-04,3,17,5,29.41
2026-05-31T09:41:44Z,2026-06-05,1,17,9,52.94
2026-05-31T09:41:44Z,2026-06-05,2,17,6,35.29
2026-05-31T09:41:44Z,2026-06-05,3,17,5,29.41
2026-05-31T09:41:53Z,2026-06-06,1,17,2,11.76
2026-05-31T09:41:53Z,2026-06-06,2,17,6,35.29
2026-05-31T09:41:53Z,2026-06-06,3,17,10,58.82
2026-05-31T10:15:51Z,2026-05-31,1,17,12,70.59
2026-05-31T10:15:51Z,2026-05-31,2,17,12,70.59
2026-05-31T10:15:51Z,2026-05-31,3,17,12,70.59
2026-05-31T10:15:57Z,2026-06-01,1,17,9,52.94
2026-05-31T10:15:57Z,2026-06-01,2,17,7,41.18
2026-05-31T10:15:57Z,2026-06-01,3,17,6,35.29
2026-05-31T10:16:06Z,2026-06-02,1,17,4,23.53
2026-05-31T10:16:06Z,2026-06-02,2,17,8.5,50.0
2026-05-31T10:16:06Z,2026-06-02,3,17,4,23.53
2026-05-31T10:16:14Z,2026-06-03,1,17,7,41.18
2026-05-31T10:16:14Z,2026-06-03,2,17,6,35.29
2026-05-31T10:16:14Z,2026-06-03,3,17,4,23.53
2026-05-31T10:16:23Z,2026-06-04,1,17,11,64.71
2026-05-31T10:16:23Z,2026-06-04,2,17,9,52.94
2026-05-31T10:16:23Z,2026-06-04,3,17,5,29.41
2026-05-31T10:16:32Z,2026-06-05,1,17,9,52.94
2026-05-31T10:16:32Z,2026-06-05,2,17,6,35.29
2026-05-31T10:16:32Z,2026-06-05,3,17,5,29.41
2026-05-31T10:16:41Z,2026-06-06,1,17,2,11.76
2026-05-31T10:16:41Z,2026-06-06,2,17,6,35.29
2026-05-31T10:16:41Z,2026-06-06,3,17,10,58.82
2026-05-31T10:26:00Z,2026-05-31,1,17,12,70.59
2026-05-31T10:26:00Z,2026-05-31,2,17,12,70.59
2026-05-31T10:26:00Z,2026-05-31,3,17,12,70.59
2026-05-31T10:26:05Z,2026-06-01,1,17,9,52.94
2026-05-31T10:26:05Z,2026-06-01,2,17,7,41.18
2026-05-31T10:26:05Z,2026-06-01,3,17,6,35.29
2026-05-31T10:26:14Z,2026-06-02,1,17,4,23.53
2026-05-31T10:26:14Z,2026-06-02,2,17,8.5,50.0
2026-05-31T10:26:14Z,2026-06-02,3,17,4,23.53
2026-05-31T10:26:23Z,2026-06-03,1,17,7,41.18
2026-05-31T10:26:23Z,2026-06-03,2,17,6,35.29
2026-05-31T10:26:23Z,2026-06-03,3,17,4,23.53
2026-05-31T10:26:32Z,2026-06-04,1,17,11,64.71
2026-05-31T10:26:32Z,2026-06-04,2,17,9,52.94
2026-05-31T10:26:32Z,2026-06-04,3,17,5,29.41
2026-05-31T10:26:41Z,2026-06-05,1,17,9,52.94
2026-05-31T10:26:41Z,2026-06-05,2,17,6,35.29
2026-05-31T10:26:41Z,2026-06-05,3,17,5,29.41
2026-05-31T10:26:50Z,2026-06-06,1,17,2,11.76
2026-05-31T10:26:50Z,2026-06-06,2,17,6,35.29
2026-05-31T10:26:50Z,2026-06-06,3,17,10,58.82
2026-05-31T11:11:26Z,2026-05-31,1,17,12,70.59
2026-05-31T11:11:26Z,2026-05-31,2,17,12,70.59
2026-05-31T11:11:26Z,2026-05-31,3,17,12,70.59
2026-05-31T11:11:31Z,2026-06-01,1,17,9,52.94
2026-05-31T11:11:31Z,2026-06-01,2,17,7,41.18
2026-05-31T11:11:31Z,2026-06-01,3,17,6,35.29
2026-05-31T11:11:41Z,2026-06-02,1,17,4,23.53
2026-05-31T11:11:41Z,2026-06-02,2,17,8.5,50.0
2026-05-31T11:11:41Z,2026-06-02,3,17,4,23.53
2026-05-31T11:11:50Z,2026-06-03,1,17,7,41.18
2026-05-31T11:11:50Z,2026-06-03,2,17,6,35.29
2026-05-31T11:11:50Z,2026-06-03,3,17,4,23.53
2026-05-31T11:11:58Z,2026-06-04,1,17,11,64.71
2026-05-31T11:11:58Z,2026-06-04,2,17,9,52.94
2026-05-31T11:11:58Z,2026-06-04,3,17,5,29.41
2026-05-31T11:12:07Z,2026-06-05,1,17,9,52.94
2026-05-31T11:12:07Z,2026-06-05,2,17,6,35.29
2026-05-31T11:12:07Z,2026-06-05,3,17,5,29.41
2026-05-31T11:12:16Z,2026-06-06,1,17,2,11.76
2026-05-31T11:12:16Z,2026-06-06,2,17,6,35.29
2026-05-31T11:12:16Z,2026-06-06,3,17,10,58.82
2026-05-31T11:35:52Z,2026-05-31,1,17,12,70.59
2026-05-31T11:35:52Z,2026-05-31,2,17,12,70.59
2026-05-31T11:35:52Z,2026-05-31,3,17,12,70.59
2026-05-31T11:35:57Z,2026-06-01,1,17,9,52.94
2026-05-31T11:35:57Z,2026-06-01,2,17,7,41.18
2026-05-31T11:35:57Z,2026-06-01,3,17,6,35.29
2026-05-31T11:36:07Z,2026-06-02,1,17,4,23.53
2026-05-31T11:36:07Z,2026-06-02,2,17,8.5,50.0
2026-05-31T11:36:07Z,2026-06-02,3,17,4,23.53
2026-05-31T11:36:16Z,2026-06-03,1,17,7,41.18
2026-05-31T11:36:16Z,2026-06-03,2,17,6,35.29
2026-05-31T11:36:16Z,2026-06-03,3,17,4,23.53
2026-05-31T11:36:25Z,2026-06-04,1,17,11,64.71
2026-05-31T11:36:25Z,2026-06-04,2,17,9,52.94
2026-05-31T11:36:25Z,2026-06-04,3,17,5,29.41
2026-05-31T11:36:33Z,2026-06-05,1,17,9,52.94
2026-05-31T11:36:33Z,2026-06-05,2,17,6,35.29
2026-05-31T11:36:33Z,2026-06-05,3,17,5,29.41
2026-05-31T11:36:42Z,2026-06-06,1,17,2,11.76
2026-05-31T11:36:42Z,2026-06-06,2,17,6,35.29
2026-05-31T11:36:42Z,2026-06-06,3,17,10,58.82
2026-05-31T11:50:57Z,2026-05-31,1,17,12,70.59
2026-05-31T11:50:57Z,2026-05-31,2,17,12,70.59
2026-05-31T11:50:57Z,2026-05-31,3,17,12,70.59
2026-05-31T11:51:03Z,2026-06-01,1,17,9,52.94
2026-05-31T11:51:03Z,2026-06-01,2,17,7,41.18
2026-05-31T11:51:03Z,2026-06-01,3,17,6,35.29
2026-05-31T11:51:12Z,2026-06-02,1,17,4,23.53
2026-05-31T11:51:12Z,2026-06-02,2,17,8.5,50.0
2026-05-31T11:51:12Z,2026-06-02,3,17,4,23.53
2026-05-31T11:51:21Z,2026-06-03,1,17,7,41.18
2026-05-31T11:51:21Z,2026-06-03,2,17,6,35.29
2026-05-31T11:51:21Z,2026-06-03,3,17,4,23.53
2026-05-31T11:51:30Z,2026-06-04,1,17,11,64.71
2026-05-31T11:51:30Z,2026-06-04,2,17,9,52.94
2026-05-31T11:51:30Z,2026-06-04,3,17,5,29.41
2026-05-31T11:51:39Z,2026-06-05,1,17,9,52.94
2026-05-31T11:51:39Z,2026-06-05,2,17,6,35.29
2026-05-31T11:51:39Z,2026-06-05,3,17,5,29.41
2026-05-31T11:51:48Z,2026-06-06,1,17,2,11.76
2026-05-31T11:51:48Z,2026-06-06,2,17,6,35.29
2026-05-31T11:51:48Z,2026-06-06,3,17,10,58.82
2026-05-31T12:25:49Z,2026-05-31,1,17,12,70.59
2026-05-31T12:25:49Z,2026-05-31,2,17,12,70.59
2026-05-31T12:25:49Z,2026-05-31,3,17,12,70.59
2026-05-31T12:25:55Z,2026-06-01,1,17,9,52.94
2026-05-31T12:25:55Z,2026-06-01,2,17,7,41.18
2026-05-31T12:25:55Z,2026-06-01,3,17,6,35.29
2026-05-31T12:26:04Z,2026-06-02,1,17,4,23.53
2026-05-31T12:26:04Z,2026-06-02,2,17,8.5,50.0
2026-05-31T12:26:04Z,2026-06-02,3,17,4,23.53
2026-05-31T12:26:13Z,2026-06-03,1,17,7,41.18
2026-05-31T12:26:13Z,2026-06-03,2,17,6,35.29
2026-05-31T12:26:13Z,2026-06-03,3,17,4,23.53
2026-05-31T12:26:22Z,2026-06-04,1,17,11,64.71
2026-05-31T12:26:22Z,2026-06-04,2,17,9,52.94
2026-05-31T12:26:22Z,2026-06-04,3,17,5,29.41
2026-05-31T12:26:31Z,2026-06-05,1,17,9,52.94
2026-05-31T12:26:31Z,2026-06-05,2,17,6,35.29
2026-05-31T12:26:31Z,2026-06-05,3,17,5,29.41
2026-05-31T12:26:40Z,2026-06-06,1,17,2,11.76
2026-05-31T12:26:40Z,2026-06-06,2,17,6,35.29
2026-05-31T12:26:40Z,2026-06-06,3,17,10,58.82
2026-05-31T12:35:59Z,2026-05-31,1,17,12,70.59
2026-05-31T12:35:59Z,2026-05-31,2,17,12,70.59
2026-05-31T12:35:59Z,2026-05-31,3,17,12,70.59
2026-05-31T12:36:04Z,2026-06-01,1,17,9,52.94
2026-05-31T12:36:04Z,2026-06-01,2,17,7,41.18
2026-05-31T12:36:04Z,2026-06-01,3,17,6,35.29
2026-05-31T12:36:13Z,2026-06-02,1,17,4,23.53
2026-05-31T12:36:13Z,2026-06-02,2,17,8.5,50.0
2026-05-31T12:36:13Z,2026-06-02,3,17,4,23.53
2026-05-31T12:36:22Z,2026-06-03,1,17,7,41.18
2026-05-31T12:36:22Z,2026-06-03,2,17,6,35.29
2026-05-31T12:36:22Z,2026-06-03,3,17,4,23.53
2026-05-31T12:36:31Z,2026-06-04,1,17,11,64.71
2026-05-31T12:36:31Z,2026-06-04,2,17,9,52.94
2026-05-31T12:36:31Z,2026-06-04,3,17,5,29.41
2026-05-31T12:36:40Z,2026-06-05,1,17,9,52.94
2026-05-31T12:36:40Z,2026-06-05,2,17,6,35.29
2026-05-31T12:36:40Z,2026-06-05,3,17,5,29.41
2026-05-31T12:36:49Z,2026-06-06,1,17,2,11.76
2026-05-31T12:36:49Z,2026-06-06,2,17,6,35.29
2026-05-31T12:36:49Z,2026-06-06,3,17,10,58.82
2026-05-31T12:51:01Z,2026-05-31,1,17,12,70.59
2026-05-31T12:51:01Z,2026-05-31,2,17,12,70.59
2026-05-31T12:51:01Z,2026-05-31,3,17,12,70.59
2026-05-31T12:51:06Z,2026-06-01,1,17,9,52.94
2026-05-31T12:51:06Z,2026-06-01,2,17,7,41.18
2026-05-31T12:51:06Z,2026-06-01,3,17,6,35.29
2026-05-31T12:51:15Z,2026-06-02,1,17,4,23.53
2026-05-31T12:51:15Z,2026-06-02,2,17,8.5,50.0
2026-05-31T12:51:15Z,2026-06-02,3,17,4,23.53
2026-05-31T12:51:24Z,2026-06-03,1,17,7,41.18
2026-05-31T12:51:24Z,2026-06-03,2,17,6,35.29
2026-05-31T12:51:24Z,2026-06-03,3,17,4,23.53
2026-05-31T12:51:33Z,2026-06-04,1,17,11,64.71
2026-05-31T12:51:33Z,2026-06-04,2,17,9,52.94
2026-05-31T12:51:33Z,2026-06-04,3,17,5,29.41
2026-05-31T12:51:42Z,2026-06-05,1,17,9,52.94
2026-05-31T12:51:42Z,2026-06-05,2,17,6,35.29
2026-05-31T12:51:42Z,2026-06-05,3,17,5,29.41
2026-05-31T12:51:51Z,2026-06-06,1,17,2,11.76
2026-05-31T12:51:51Z,2026-06-06,2,17,6,35.29
2026-05-31T12:51:51Z,2026-06-06,3,17,10,58.82
2026-05-31T13:05:50Z,2026-05-31,1,17,12,70.59
2026-05-31T13:05:50Z,2026-05-31,2,17,12,70.59
2026-05-31T13:05:50Z,2026-05-31,3,17,12,70.59
2026-05-31T13:05:55Z,2026-06-01,1,17,9,52.94
2026-05-31T13:05:55Z,2026-06-01,2,17,7,41.18
2026-05-31T13:05:55Z,2026-06-01,3,17,6,35.29
2026-05-31T13:06:05Z,2026-06-02,1,17,4,23.53
2026-05-31T13:06:05Z,2026-06-02,2,17,8.5,50.0
2026-05-31T13:06:05Z,2026-06-02,3,17,4,23.53
2026-05-31T13:06:14Z,2026-06-03,1,17,7,41.18
2026-05-31T13:06:14Z,2026-06-03,2,17,6,35.29
2026-05-31T13:06:14Z,2026-06-03,3,17,4,23.53
2026-05-31T13:06:22Z,2026-06-04,1,17,11,64.71
2026-05-31T13:06:22Z,2026-06-04,2,17,9,52.94
2026-05-31T13:06:22Z,2026-06-04,3,17,5,29.41
2026-05-31T13:06:31Z,2026-06-05,1,17,9,52.94
2026-05-31T13:06:31Z,2026-06-05,2,17,6,35.29
2026-05-31T13:06:31Z,2026-06-05,3,17,5,29.41
2026-05-31T13:06:40Z,2026-06-06,1,17,2,11.76
2026-05-31T13:06:40Z,2026-06-06,2,17,6,35.29
2026-05-31T13:06:40Z,2026-06-06,3,17,10,58.82
2026-05-31T13:30:56Z,2026-05-31,1,17,12,70.59
2026-05-31T13:30:56Z,2026-05-31,2,17,12,70.59
2026-05-31T13:30:56Z,2026-05-31,3,17,12,70.59
2026-05-31T13:31:01Z,2026-06-01,1,17,9,52.94
2026-05-31T13:31:01Z,2026-06-01,2,17,7,41.18
2026-05-31T13:31:01Z,2026-06-01,3,17,6,35.29
2026-05-31T13:31:10Z,2026-06-02,1,17,4,23.53
2026-05-31T13:31:10Z,2026-06-02,2,17,8.5,50.0
2026-05-31T13:31:10Z,2026-06-02,3,17,4,23.53
2026-05-31T13:31:19Z,2026-06-03,1,17,7,41.18
2026-05-31T13:31:19Z,2026-06-03,2,17,6,35.29
2026-05-31T13:31:19Z,2026-06-03,3,17,4,23.53
2026-05-31T13:31:28Z,2026-06-04,1,17,11,64.71
2026-05-31T13:31:28Z,2026-06-04,2,17,9,52.94
2026-05-31T13:31:28Z,2026-06-04,3,17,5,29.41
2026-05-31T13:31:37Z,2026-06-05,1,17,9,52.94
2026-05-31T13:31:37Z,2026-06-05,2,17,6,35.29
2026-05-31T13:31:37Z,2026-06-05,3,17,5,29.41
2026-05-31T13:31:45Z,2026-06-06,1,17,2,11.76
2026-05-31T13:31:45Z,2026-06-06,2,17,6,35.29
2026-05-31T13:31:45Z,2026-06-06,3,17,10,58.82
2026-05-31T14:05:52Z,2026-05-31,1,17,12,70.59
2026-05-31T14:05:52Z,2026-05-31,2,17,12,70.59
2026-05-31T14:05:52Z,2026-05-31,3,17,12,70.59
2026-05-31T14:05:57Z,2026-06-01,1,17,9,52.94
2026-05-31T14:05:57Z,2026-06-01,2,17,7,41.18
2026-05-31T14:05:57Z,2026-06-01,3,17,6,35.29
2026-05-31T14:06:06Z,2026-06-02,1,17,4,23.53
2026-05-31T14:06:06Z,2026-06-02,2,17,8.5,50.0
2026-05-31T14:06:06Z,2026-06-02,3,17,4,23.53
2026-05-31T14:06:15Z,2026-06-03,1,17,7,41.18
2026-05-31T14:06:15Z,2026-06-03,2,17,6,35.29
2026-05-31T14:06:15Z,2026-06-03,3,17,4,23.53
2026-05-31T14:06:24Z,2026-06-04,1,17,11,64.71
2026-05-31T14:06:24Z,2026-06-04,2,17,9,52.94
2026-05-31T14:06:24Z,2026-06-04,3,17,5,29.41
2026-05-31T14:06:33Z,2026-06-05,1,17,9,52.94
2026-05-31T14:06:33Z,2026-06-05,2,17,6,35.29
2026-05-31T14:06:33Z,2026-06-05,3,17,5,29.41
2026-05-31T14:06:42Z,2026-06-06,1,17,2,11.76
2026-05-31T14:06:42Z,2026-06-06,2,17,6,35.29
2026-05-31T14:06:42Z,2026-06-06,3,17,10,58.82
2026-05-31T14:20:51Z,2026-05-31,1,17,12,70.59
2026-05-31T14:20:51Z,2026-05-31,2,17,12,70.59
2026-05-31T14:20:51Z,2026-05-31,3,17,12,70.59
2026-05-31T14:20:56Z,2026-06-01,1,17,9,52.94
2026-05-31T14:20:56Z,2026-06-01,2,17,7,41.18
2026-05-31T14:20:56Z,2026-06-01,3,17,6,35.29
2026-05-31T14:21:05Z,2026-06-02,1,17,4,23.53
2026-05-31T14:21:05Z,2026-06-02,2,17,8.5,50.0
2026-05-31T14:21:05Z,2026-06-02,3,17,4,23.53
2026-05-31T14:21:14Z,2026-06-03,1,17,7,41.18
2026-05-31T14:21:14Z,2026-06-03,2,17,6,35.29
2026-05-31T14:21:14Z,2026-06-03,3,17,4,23.53
2026-05-31T14:21:23Z,2026-06-04,1,17,11,64.71
2026-05-31T14:21:23Z,2026-06-04,2,17,9,52.94
2026-05-31T14:21:23Z,2026-06-04,3,17,5,29.41
2026-05-31T14:21:32Z,2026-06-05,1,17,9,52.94
2026-05-31T14:21:32Z,2026-06-05,2,17,6,35.29
2026-05-31T14:21:32Z,2026-06-05,3,17,5,29.41
2026-05-31T14:21:41Z,2026-06-06,1,17,2,11.76
2026-05-31T14:21:41Z,2026-06-06,2,17,6,35.29
2026-05-31T14:21:41Z,2026-06-06,3,17,10,58.82
2026-05-31T14:25:50Z,2026-05-31,1,17,12,70.59
2026-05-31T14:25:50Z,2026-05-31,2,17,12,70.59
2026-05-31T14:25:50Z,2026-05-31,3,17,12,70.59
2026-05-31T14:25:56Z,2026-06-01,1,17,9,52.94
2026-05-31T14:25:56Z,2026-06-01,2,17,7,41.18
2026-05-31T14:25:56Z,2026-06-01,3,17,6,35.29
2026-05-31T14:26:05Z,2026-06-02,1,17,4,23.53
2026-05-31T14:26:05Z,2026-06-02,2,17,8.5,50.0
2026-05-31T14:26:05Z,2026-06-02,3,17,4,23.53
2026-05-31T14:26:14Z,2026-06-03,1,17,7,41.18
2026-05-31T14:26:14Z,2026-06-03,2,17,6,35.29
2026-05-31T14:26:14Z,2026-06-03,3,17,4,23.53
2026-05-31T14:26:23Z,2026-06-04,1,17,11,64.71
2026-05-31T14:26:23Z,2026-06-04,2,17,9,52.94
2026-05-31T14:26:23Z,2026-06-04,3,17,5,29.41
2026-05-31T14:26:32Z,2026-06-05,1,17,9,52.94
2026-05-31T14:26:32Z,2026-06-05,2,17,6,35.29
2026-05-31T14:26:32Z,2026-06-05,3,17,5,29.41
2026-05-31T14:26:41Z,2026-06-06,1,17,2,11.76
2026-05-31T14:26:41Z,2026-06-06,2,17,6,35.29
2026-05-31T14:26:41Z,2026-06-06,3,17,10,58.82
2026-05-31T14:45:58Z,2026-05-31,1,17,12,70.59
2026-05-31T14:45:58Z,2026-05-31,2,17,12,70.59
2026-05-31T14:45:58Z,2026-05-31,3,17,12,70.59
2026-05-31T14:46:03Z,2026-06-01,1,17,9,52.94
2026-05-31T14:46:03Z,2026-06-01,2,17,7,41.18
2026-05-31T14:46:03Z,2026-06-01,3,17,6,35.29
2026-05-31T14:46:12Z,2026-06-02,1,17,5,29.41
2026-05-31T14:46:12Z,2026-06-02,2,17,8.5,50.0
2026-05-31T14:46:12Z,2026-06-02,3,17,4,23.53
2026-05-31T14:46:21Z,2026-06-03,1,17,7,41.18
2026-05-31T14:46:21Z,2026-06-03,2,17,6,35.29
2026-05-31T14:46:21Z,2026-06-03,3,17,4,23.53
2026-05-31T14:46:30Z,2026-06-04,1,17,11,64.71
2026-05-31T14:46:30Z,2026-06-04,2,17,9,52.94
2026-05-31T14:46:30Z,2026-06-04,3,17,5,29.41
2026-05-31T14:46:39Z,2026-06-05,1,17,9,52.94
2026-05-31T14:46:39Z,2026-06-05,2,17,6,35.29
2026-05-31T14:46:39Z,2026-06-05,3,17,5,29.41
2026-05-31T14:46:48Z,2026-06-06,1,17,2,11.76
2026-05-31T14:46:48Z,2026-06-06,2,17,6,35.29
2026-05-31T14:46:48Z,2026-06-06,3,17,10,58.82
2026-05-31T15:10:55Z,2026-05-31,1,17,12,70.59
2026-05-31T15:10:55Z,2026-05-31,2,17,12,70.59
2026-05-31T15:10:55Z,2026-05-31,3,17,12,70.59
2026-05-31T15:11:01Z,2026-06-01,1,17,9,52.94
2026-05-31T15:11:01Z,2026-06-01,2,17,7,41.18
2026-05-31T15:11:01Z,2026-06-01,3,17,6,35.29
2026-05-31T15:11:10Z,2026-06-02,1,17,5,29.41
2026-05-31T15:11:10Z,2026-06-02,2,17,8.5,50.0
2026-05-31T15:11:10Z,2026-06-02,3,17,4,23.53
2026-05-31T15:11:19Z,2026-06-03,1,17,7,41.18
2026-05-31T15:11:19Z,2026-06-03,2,17,6,35.29
2026-05-31T15:11:19Z,2026-06-03,3,17,4,23.53
2026-05-31T15:11:28Z,2026-06-04,1,17,11,64.71
2026-05-31T15:11:28Z,2026-06-04,2,17,9,52.94
2026-05-31T15:11:28Z,2026-06-04,3,17,5,29.41
2026-05-31T15:11:37Z,2026-06-05,1,17,9,52.94
2026-05-31T15:11:37Z,2026-06-05,2,17,6,35.29
2026-05-31T15:11:37Z,2026-06-05,3,17,5,29.41
2026-05-31T15:11:46Z,2026-06-06,1,17,2,11.76
2026-05-31T15:11:46Z,2026-06-06,2,17,6,35.29
2026-05-31T15:11:46Z,2026-06-06,3,17,10,58.82
2026-05-31T15:15:53Z,2026-05-31,1,17,12,70.59
2026-05-31T15:15:53Z,2026-05-31,2,17,12,70.59
2026-05-31T15:15:53Z,2026-05-31,3,17,12,70.59
2026-05-31T15:15:58Z,2026-06-01,1,17,9,52.94
2026-05-31T15:15:58Z,2026-06-01,2,17,7,41.18
2026-05-31T15:15:58Z,2026-06-01,3,17,6,35.29
2026-05-31T15:16:07Z,2026-06-02,1,17,5,29.41
2026-05-31T15:16:07Z,2026-06-02,2,17,8.5,50.0
2026-05-31T15:16:07Z,2026-06-02,3,17,4,23.53
2026-05-31T15:16:16Z,2026-06-03,1,17,7,41.18
2026-05-31T15:16:16Z,2026-06-03,2,17,6,35.29
2026-05-31T15:16:16Z,2026-06-03,3,17,4,23.53
2026-05-31T15:16:25Z,2026-06-04,1,17,11,64.71
2026-05-31T15:16:25Z,2026-06-04,2,17,9,52.94
2026-05-31T15:16:25Z,2026-06-04,3,17,5,29.41
2026-05-31T15:16:33Z,2026-06-05,1,17,9,52.94
2026-05-31T15:16:33Z,2026-06-05,2,17,6,35.29
2026-05-31T15:16:33Z,2026-06-05,3,17,5,29.41
2026-05-31T15:16:42Z,2026-06-06,1,17,2,11.76
2026-05-31T15:16:42Z,2026-06-06,2,17,6,35.29
2026-05-31T15:16:42Z,2026-06-06,3,17,10,58.82
2026-05-31T15:25:49Z,2026-05-31,1,17,12,70.59
2026-05-31T15:25:49Z,2026-05-31,2,17,12,70.59
2026-05-31T15:25:49Z,2026-05-31,3,17,12,70.59
2026-05-31T15:25:54Z,2026-06-01,1,17,9,52.94
2026-05-31T15:25:54Z,2026-06-01,2,17,7,41.18
2026-05-31T15:25:54Z,2026-06-01,3,17,6,35.29
2026-05-31T15:26:03Z,2026-06-02,1,17,5,29.41
2026-05-31T15:26:03Z,2026-06-02,2,17,8.5,50.0
2026-05-31T15:26:03Z,2026-06-02,3,17,4,23.53
2026-05-31T15:26:12Z,2026-06-03,1,17,7,41.18
2026-05-31T15:26:12Z,2026-06-03,2,17,6,35.29
2026-05-31T15:26:12Z,2026-06-03,3,17,4,23.53
2026-05-31T15:26:21Z,2026-06-04,1,17,11,64.71
2026-05-31T15:26:21Z,2026-06-04,2,17,9,52.94
2026-05-31T15:26:21Z,2026-06-04,3,17,5,29.41
2026-05-31T15:26:30Z,2026-06-05,1,17,9,52.94
2026-05-31T15:26:30Z,2026-06-05,2,17,6,35.29
2026-05-31T15:26:30Z,2026-06-05,3,17,5,29.41
2026-05-31T15:26:39Z,2026-06-06,1,17,2,11.76
2026-05-31T15:26:39Z,2026-06-06,2,17,6,35.29
2026-05-31T15:26:39Z,2026-06-06,3,17,10,58.82
2026-05-31T15:30:50Z,2026-05-31,1,17,12,70.59
2026-05-31T15:30:50Z,2026-05-31,2,17,12,70.59
2026-05-31T15:30:50Z,2026-05-31,3,17,12,70.59
2026-05-31T15:30:55Z,2026-06-01,1,17,9,52.94
2026-05-31T15:30:55Z,2026-06-01,2,17,7,41.18
2026-05-31T15:30:55Z,2026-06-01,3,17,6,35.29
2026-05-31T15:31:04Z,2026-06-02,1,17,5,29.41
2026-05-31T15:31:04Z,2026-06-02,2,17,8.5,50.0
2026-05-31T15:31:04Z,2026-06-02,3,17,4,23.53
2026-05-31T15:31:13Z,2026-06-03,1,17,7,41.18
2026-05-31T15:31:13Z,2026-06-03,2,17,6,35.29
2026-05-31T15:31:13Z,2026-06-03,3,17,4,23.53
2026-05-31T15:31:22Z,2026-06-04,1,17,11,64.71
2026-05-31T15:31:22Z,2026-06-04,2,17,9,52.94
2026-05-31T15:31:22Z,2026-06-04,3,17,5,29.41
2026-05-31T15:31:31Z,2026-06-05,1,17,9,52.94
2026-05-31T15:31:31Z,2026-06-05,2,17,6,35.29
2026-05-31T15:31:31Z,2026-06-05,3,17,5,29.41
2026-05-31T15:31:40Z,2026-06-06,1,17,2,11.76
2026-05-31T15:31:40Z,2026-06-06,2,17,6,35.29
2026-05-31T15:31:40Z,2026-06-06,3,17,10,58.82
2026-05-31T16:00:57Z,2026-05-31,1,17,12,70.59
2026-05-31T16:00:57Z,2026-05-31,2,17,12,70.59
2026-05-31T16:00:57Z,2026-05-31,3,17,12,70.59
2026-05-31T16:01:03Z,2026-06-01,1,17,9,52.94
2026-05-31T16:01:03Z,2026-06-01,2,17,7,41.18
2026-05-31T16:01:03Z,2026-06-01,3,17,6,35.29
2026-05-31T16:01:12Z,2026-06-02,1,17,5,29.41
2026-05-31T16:01:12Z,2026-06-02,2,17,8.5,50.0
2026-05-31T16:01:12Z,2026-06-02,3,17,4,23.53
2026-05-31T16:01:21Z,2026-06-03,1,17,7,41.18
2026-05-31T16:01:21Z,2026-06-03,2,17,6,35.29
2026-05-31T16:01:21Z,2026-06-03,3,17,4,23.53
2026-05-31T16:01:30Z,2026-06-04,1,17,11,64.71
2026-05-31T16:01:30Z,2026-06-04,2,17,9,52.94
2026-05-31T16:01:30Z,2026-06-04,3,17,5,29.41
2026-05-31T16:01:39Z,2026-06-05,1,17,9,52.94
2026-05-31T16:01:39Z,2026-06-05,2,17,6,35.29
2026-05-31T16:01:39Z,2026-06-05,3,17,5,29.41
2026-05-31T16:01:48Z,2026-06-06,1,17,2,11.76
2026-05-31T16:01:48Z,2026-06-06,2,17,6,35.29
2026-05-31T16:01:48Z,2026-06-06,3,17,10,58.82
2026-05-31T16:10:57Z,2026-05-31,1,17,12,70.59
2026-05-31T16:10:57Z,2026-05-31,2,17,12,70.59
2026-05-31T16:10:57Z,2026-05-31,3,17,12,70.59
2026-05-31T16:11:02Z,2026-06-01,1,17,9,52.94
2026-05-31T16:11:02Z,2026-06-01,2,17,7,41.18
2026-05-31T16:11:02Z,2026-06-01,3,17,6,35.29
2026-05-31T16:11:11Z,2026-06-02,1,17,5,29.41
2026-05-31T16:11:11Z,2026-06-02,2,17,8.5,50.0
2026-05-31T16:11:11Z,2026-06-02,3,17,4,23.53
2026-05-31T16:11:20Z,2026-06-03,1,17,7,41.18
2026-05-31T16:11:20Z,2026-06-03,2,17,6,35.29
2026-05-31T16:11:20Z,2026-06-03,3,17,4,23.53
2026-05-31T16:11:29Z,2026-06-04,1,17,11,64.71
2026-05-31T16:11:29Z,2026-06-04,2,17,9,52.94
2026-05-31T16:11:29Z,2026-06-04,3,17,5,29.41
2026-05-31T16:11:38Z,2026-06-05,1,17,9,52.94
2026-05-31T16:11:38Z,2026-06-05,2,17,6,35.29
2026-05-31T16:11:38Z,2026-06-05,3,17,5,29.41
2026-05-31T16:11:47Z,2026-06-06,1,17,2,11.76
2026-05-31T16:11:47Z,2026-06-06,2,17,6,35.29
2026-05-31T16:11:47Z,2026-06-06,3,17,10,58.82
2026-05-31T16:25:48Z,2026-05-31,1,17,12,70.59
2026-05-31T16:25:48Z,2026-05-31,2,17,12,70.59
2026-05-31T16:25:48Z,2026-05-31,3,17,12,70.59
2026-05-31T16:25:53Z,2026-06-01,1,17,9,52.94
2026-05-31T16:25:53Z,2026-06-01,2,17,7,41.18
2026-05-31T16:25:53Z,2026-06-01,3,17,6,35.29
2026-05-31T16:26:02Z,2026-06-02,1,17,5,29.41
2026-05-31T16:26:02Z,2026-06-02,2,17,8.5,50.0
2026-05-31T16:26:02Z,2026-06-02,3,17,4,23.53
2026-05-31T16:26:11Z,2026-06-03,1,17,7,41.18
2026-05-31T16:26:11Z,2026-06-03,2,17,6,35.29
2026-05-31T16:26:11Z,2026-06-03,3,17,4,23.53
2026-05-31T16:26:20Z,2026-06-04,1,17,11,64.71
2026-05-31T16:26:20Z,2026-06-04,2,17,9,52.94
2026-05-31T16:26:20Z,2026-06-04,3,17,5,29.41
2026-05-31T16:26:29Z,2026-06-05,1,17,9,52.94
2026-05-31T16:26:29Z,2026-06-05,2,17,6,35.29
2026-05-31T16:26:29Z,2026-06-05,3,17,5,29.41
2026-05-31T16:26:38Z,2026-06-06,1,17,2,11.76
2026-05-31T16:26:38Z,2026-06-06,2,17,6,35.29
2026-05-31T16:26:38Z,2026-06-06,3,17,10,58.82
2026-05-31T17:20:52Z,2026-05-31,1,17,12,70.59
2026-05-31T17:20:52Z,2026-05-31,2,17,12,70.59
2026-05-31T17:20:52Z,2026-05-31,3,17,12,70.59
2026-05-31T17:20:57Z,2026-06-01,1,17,9,52.94
2026-05-31T17:20:57Z,2026-06-01,2,17,7,41.18
2026-05-31T17:20:57Z,2026-06-01,3,17,6,35.29
2026-05-31T17:21:06Z,2026-06-02,1,17,5,29.41
2026-05-31T17:21:06Z,2026-06-02,2,17,8.5,50.0
2026-05-31T17:21:06Z,2026-06-02,3,17,4,23.53
2026-05-31T17:21:15Z,2026-06-03,1,17,7,41.18
2026-05-31T17:21:15Z,2026-06-03,2,17,6,35.29
2026-05-31T17:21:15Z,2026-06-03,3,17,4,23.53
2026-05-31T17:21:24Z,2026-06-04,1,17,11,64.71
2026-05-31T17:21:24Z,2026-06-04,2,17,9,52.94
2026-05-31T17:21:24Z,2026-06-04,3,17,5,29.41
2026-05-31T17:21:33Z,2026-06-05,1,17,9,52.94
2026-05-31T17:21:33Z,2026-06-05,2,17,6,35.29
2026-05-31T17:21:33Z,2026-06-05,3,17,5,29.41
2026-05-31T17:21:42Z,2026-06-06,1,17,2,11.76
2026-05-31T17:21:42Z,2026-06-06,2,17,6,35.29
2026-05-31T17:21:42Z,2026-06-06,3,17,10,58.82
2026-05-31T17:35:48Z,2026-05-31,1,17,12,70.59
2026-05-31T17:35:48Z,2026-05-31,2,17,12,70.59
2026-05-31T17:35:48Z,2026-05-31,3,17,12,70.59
2026-05-31T17:35:53Z,2026-06-01,1,17,9,52.94
2026-05-31T17:35:53Z,2026-06-01,2,17,7,41.18
2026-05-31T17:35:53Z,2026-06-01,3,17,6,35.29
2026-05-31T17:36:02Z,2026-06-02,1,17,5,29.41
2026-05-31T17:36:02Z,2026-06-02,2,17,8.5,50.0
2026-05-31T17:36:02Z,2026-06-02,3,17,4,23.53
2026-05-31T17:36:11Z,2026-06-03,1,17,7,41.18
2026-05-31T17:36:11Z,2026-06-03,2,17,6,35.29
2026-05-31T17:36:11Z,2026-06-03,3,17,4,23.53
2026-05-31T17:36:20Z,2026-06-04,1,17,11,64.71
2026-05-31T17:36:20Z,2026-06-04,2,17,9,52.94
2026-05-31T17:36:20Z,2026-06-04,3,17,5,29.41
2026-05-31T17:36:29Z,2026-06-05,1,17,9,52.94
2026-05-31T17:36:29Z,2026-06-05,2,17,6,35.29
2026-05-31T17:36:29Z,2026-06-05,3,17,5,29.41
2026-05-31T17:36:38Z,2026-06-06,1,17,2,11.76
2026-05-31T17:36:38Z,2026-06-06,2,17,6,35.29
2026-05-31T17:36:38Z,2026-06-06,3,17,10,58.82
2026-05-31T17:45:51Z,2026-05-31,1,17,12,70.59
2026-05-31T17:45:51Z,2026-05-31,2,17,12,70.59
2026-05-31T17:45:51Z,2026-05-31,3,17,12,70.59
2026-05-31T17:45:56Z,2026-06-01,1,17,9,52.94
2026-05-31T17:45:56Z,2026-06-01,2,17,3,17.65
2026-05-31T17:45:56Z,2026-06-01,3,17,6,35.29
2026-05-31T17:46:05Z,2026-06-02,1,17,5,29.41
2026-05-31T17:46:05Z,2026-06-02,2,17,8.5,50.0
2026-05-31T17:46:05Z,2026-06-02,3,17,4,23.53
2026-05-31T17:46:14Z,2026-06-03,1,17,7,41.18
2026-05-31T17:46:14Z,2026-06-03,2,17,6,35.29
2026-05-31T17:46:14Z,2026-06-03,3,17,4,23.53
2026-05-31T17:46:23Z,2026-06-04,1,17,11,64.71
2026-05-31T17:46:23Z,2026-06-04,2,17,9,52.94
2026-05-31T17:46:23Z,2026-06-04,3,17,5,29.41
2026-05-31T17:46:32Z,2026-06-05,1,17,9,52.94
2026-05-31T17:46:32Z,2026-06-05,2,17,6,35.29
2026-05-31T17:46:32Z,2026-06-05,3,17,5,29.41
2026-05-31T17:46:41Z,2026-06-06,1,17,2,11.76
2026-05-31T17:46:41Z,2026-06-06,2,17,6,35.29
2026-05-31T17:46:41Z,2026-06-06,3,17,10,58.82
2026-05-31T18:06:03Z,2026-05-31,1,17,12,70.59
2026-05-31T18:06:03Z,2026-05-31,2,17,12,70.59
2026-05-31T18:06:03Z,2026-05-31,3,17,12,70.59
2026-05-31T18:06:08Z,2026-06-01,1,17,9,52.94
2026-05-31T18:06:08Z,2026-06-01,2,17,3,17.65
2026-05-31T18:06:08Z,2026-06-01,3,17,6,35.29
2026-05-31T18:06:17Z,2026-06-02,1,17,5,29.41
2026-05-31T18:06:17Z,2026-06-02,2,17,8.5,50.0
2026-05-31T18:06:17Z,2026-06-02,3,17,4,23.53
2026-05-31T18:06:26Z,2026-06-03,1,17,7,41.18
2026-05-31T18:06:26Z,2026-06-03,2,17,6,35.29
2026-05-31T18:06:26Z,2026-06-03,3,17,4,23.53
2026-05-31T18:06:35Z,2026-06-04,1,17,11,64.71
2026-05-31T18:06:35Z,2026-06-04,2,17,9,52.94
2026-05-31T18:06:35Z,2026-06-04,3,17,5,29.41
2026-05-31T18:06:44Z,2026-06-05,1,17,9,52.94
2026-05-31T18:06:44Z,2026-06-05,2,17,6,35.29
2026-05-31T18:06:44Z,2026-06-05,3,17,5,29.41
2026-05-31T18:06:53Z,2026-06-06,1,17,2,11.76
2026-05-31T18:06:53Z,2026-06-06,2,17,6,35.29
2026-05-31T18:06:53Z,2026-06-06,3,17,10,58.82
2026-05-31T18:15:49Z,2026-05-31,1,17,12,70.59
2026-05-31T18:15:49Z,2026-05-31,2,17,12,70.59
2026-05-31T18:15:49Z,2026-05-31,3,17,12,70.59
2026-05-31T18:15:54Z,2026-06-01,1,17,9,52.94
2026-05-31T18:15:54Z,2026-06-01,2,17,3,17.65
2026-05-31T18:15:54Z,2026-06-01,3,17,6,35.29
2026-05-31T18:16:03Z,2026-06-02,1,17,5,29.41
2026-05-31T18:16:03Z,2026-06-02,2,17,8.5,50.0
2026-05-31T18:16:03Z,2026-06-02,3,17,4,23.53
2026-05-31T18:16:12Z,2026-06-03,1,17,7,41.18
2026-05-31T18:16:12Z,2026-06-03,2,17,6,35.29
2026-05-31T18:16:12Z,2026-06-03,3,17,4,23.53
2026-05-31T18:16:21Z,2026-06-04,1,17,11,64.71
2026-05-31T18:16:21Z,2026-06-04,2,17,9,52.94
2026-05-31T18:16:21Z,2026-06-04,3,17,5,29.41
2026-05-31T18:16:30Z,2026-06-05,1,17,9,52.94
2026-05-31T18:16:30Z,2026-06-05,2,17,6,35.29
2026-05-31T18:16:30Z,2026-06-05,3,17,5,29.41
2026-05-31T18:16:39Z,2026-06-06,1,17,2,11.76
2026-05-31T18:16:39Z,2026-06-06,2,17,6,35.29
2026-05-31T18:16:39Z,2026-06-06,3,17,10,58.82
2026-05-31T18:40:57Z,2026-05-31,1,17,12,70.59
2026-05-31T18:40:57Z,2026-05-31,2,17,12,70.59
2026-05-31T18:40:57Z,2026-05-31,3,17,12,70.59
2026-05-31T18:41:02Z,2026-06-01,1,17,9,52.94
2026-05-31T18:41:02Z,2026-06-01,2,17,3,17.65
2026-05-31T18:41:02Z,2026-06-01,3,17,6,35.29
2026-05-31T18:41:11Z,2026-06-02,1,17,5,29.41
2026-05-31T18:41:11Z,2026-06-02,2,17,8.5,50.0
2026-05-31T18:41:11Z,2026-06-02,3,17,4,23.53
2026-05-31T18:41:20Z,2026-06-03,1,17,7,41.18
2026-05-31T18:41:20Z,2026-06-03,2,17,6,35.29
2026-05-31T18:41:20Z,2026-06-03,3,17,4,23.53
2026-05-31T18:41:29Z,2026-06-04,1,17,11,64.71
2026-05-31T18:41:29Z,2026-06-04,2,17,9,52.94
2026-05-31T18:41:29Z,2026-06-04,3,17,5,29.41
2026-05-31T18:41:38Z,2026-06-05,1,17,9,52.94
2026-05-31T18:41:38Z,2026-06-05,2,17,6,35.29
2026-05-31T18:41:38Z,2026-06-05,3,17,5,29.41
2026-05-31T18:41:47Z,2026-06-06,1,17,2,11.76
2026-05-31T18:41:47Z,2026-06-06,2,17,6,35.29
2026-05-31T18:41:47Z,2026-06-06,3,17,10,58.82
2026-05-31T18:45:51Z,2026-05-31,1,17,12,70.59
2026-05-31T18:45:51Z,2026-05-31,2,17,12,70.59
2026-05-31T18:45:51Z,2026-05-31,3,17,12,70.59
2026-05-31T18:45:56Z,2026-06-01,1,17,9,52.94
2026-05-31T18:45:56Z,2026-06-01,2,17,3,17.65
2026-05-31T18:45:56Z,2026-06-01,3,17,6,35.29
2026-05-31T18:46:05Z,2026-06-02,1,17,5,29.41
2026-05-31T18:46:05Z,2026-06-02,2,17,8.5,50.0
2026-05-31T18:46:05Z,2026-06-02,3,17,4,23.53
2026-05-31T18:46:14Z,2026-06-03,1,17,7,41.18
2026-05-31T18:46:14Z,2026-06-03,2,17,6,35.29
2026-05-31T18:46:14Z,2026-06-03,3,17,4,23.53
2026-05-31T18:46:23Z,2026-06-04,1,17,11,64.71
2026-05-31T18:46:23Z,2026-06-04,2,17,9,52.94
2026-05-31T18:46:23Z,2026-06-04,3,17,5,29.41
2026-05-31T18:46:32Z,2026-06-05,1,17,9,52.94
2026-05-31T18:46:32Z,2026-06-05,2,17,6,35.29
2026-05-31T18:46:32Z,2026-06-05,3,17,5,29.41
2026-05-31T18:46:41Z,2026-06-06,1,17,2,11.76
2026-05-31T18:46:41Z,2026-06-06,2,17,6,35.29
2026-05-31T18:46:41Z,2026-06-06,3,17,10,58.82
2026-05-31T19:10:51Z,2026-05-31,1,17,12,70.59
2026-05-31T19:10:51Z,2026-05-31,2,17,12,70.59
2026-05-31T19:10:51Z,2026-05-31,3,17,12,70.59
2026-05-31T19:10:56Z,2026-06-01,1,17,9,52.94
2026-05-31T19:10:56Z,2026-06-01,2,17,3,17.65
2026-05-31T19:10:56Z,2026-06-01,3,17,6,35.29
2026-05-31T19:11:05Z,2026-06-02,1,17,5,29.41
2026-05-31T19:11:05Z,2026-06-02,2,17,8.5,50.0
2026-05-31T19:11:05Z,2026-06-02,3,17,4,23.53
2026-05-31T19:11:15Z,2026-06-03,1,17,7,41.18
2026-05-31T19:11:15Z,2026-06-03,2,17,6,35.29
2026-05-31T19:11:15Z,2026-06-03,3,17,4,23.53
2026-05-31T19:11:24Z,2026-06-04,1,17,11,64.71
2026-05-31T19:11:24Z,2026-06-04,2,17,9,52.94
2026-05-31T19:11:24Z,2026-06-04,3,17,5,29.41
2026-05-31T19:11:33Z,2026-06-05,1,17,9,52.94
2026-05-31T19:11:33Z,2026-06-05,2,17,6,35.29
2026-05-31T19:11:33Z,2026-06-05,3,17,5,29.41
2026-05-31T19:11:42Z,2026-06-06,1,17,2,11.76
2026-05-31T19:11:42Z,2026-06-06,2,17,6,35.29
2026-05-31T19:11:42Z,2026-06-06,3,17,10,58.82
2026-05-31T19:16:04Z,2026-05-31,1,17,12,70.59
2026-05-31T19:16:04Z,2026-05-31,2,17,12,70.59
2026-05-31T19:16:04Z,2026-05-31,3,17,12,70.59
2026-05-31T19:16:10Z,2026-06-01,1,17,9,52.94
2026-05-31T19:16:10Z,2026-06-01,2,17,3,17.65
2026-05-31T19:16:10Z,2026-06-01,3,17,6,35.29
2026-05-31T19:16:18Z,2026-06-02,1,17,5,29.41
2026-05-31T19:16:18Z,2026-06-02,2,17,8.5,50.0
2026-05-31T19:16:18Z,2026-06-02,3,17,4,23.53
2026-05-31T19:16:27Z,2026-06-03,1,17,7,41.18
2026-05-31T19:16:27Z,2026-06-03,2,17,6,35.29
2026-05-31T19:16:27Z,2026-06-03,3,17,4,23.53
2026-05-31T19:16:36Z,2026-06-04,1,17,11,64.71
2026-05-31T19:16:36Z,2026-06-04,2,17,9,52.94
2026-05-31T19:16:36Z,2026-06-04,3,17,5,29.41
2026-05-31T19:16:45Z,2026-06-05,1,17,9,52.94
2026-05-31T19:16:45Z,2026-06-05,2,17,6,35.29
2026-05-31T19:16:45Z,2026-06-05,3,17,5,29.41
2026-05-31T19:16:54Z,2026-06-06,1,17,2,11.76
2026-05-31T19:16:54Z,2026-06-06,2,17,6,35.29
2026-05-31T19:16:54Z,2026-06-06,3,17,10,58.82
2026-05-31T19:35:48Z,2026-05-31,1,17,12,70.59
2026-05-31T19:35:48Z,2026-05-31,2,17,12,70.59
2026-05-31T19:35:48Z,2026-05-31,3,17,12,70.59
2026-05-31T19:35:53Z,2026-06-01,1,17,9,52.94
2026-05-31T19:35:53Z,2026-06-01,2,17,3,17.65
2026-05-31T19:35:53Z,2026-06-01,3,17,6,35.29
2026-05-31T19:36:02Z,2026-06-02,1,17,5,29.41
2026-05-31T19:36:02Z,2026-06-02,2,17,8.5,50.0
2026-05-31T19:36:02Z,2026-06-02,3,17,4,23.53
2026-05-31T19:36:11Z,2026-06-03,1,17,7,41.18
2026-05-31T19:36:11Z,2026-06-03,2,17,6,35.29
2026-05-31T19:36:11Z,2026-06-03,3,17,4,23.53
2026-05-31T19:36:20Z,2026-06-04,1,17,11,64.71
2026-05-31T19:36:20Z,2026-06-04,2,17,9,52.94
2026-05-31T19:36:20Z,2026-06-04,3,17,5,29.41
2026-05-31T19:36:29Z,2026-06-05,1,17,9,52.94
2026-05-31T19:36:29Z,2026-06-05,2,17,6,35.29
2026-05-31T19:36:29Z,2026-06-05,3,17,5,29.41
2026-05-31T19:36:38Z,2026-06-06,1,17,2,11.76
2026-05-31T19:36:38Z,2026-06-06,2,17,6,35.29
2026-05-31T19:36:38Z,2026-06-06,3,17,10,58.82
2026-05-31T20:15:46Z,2026-05-31,1,17,12,70.59
2026-05-31T20:15:46Z,2026-05-31,2,17,12,70.59
2026-05-31T20:15:46Z,2026-05-31,3,17,12,70.59
2026-05-31T20:15:52Z,2026-06-01,1,17,9,52.94
2026-05-31T20:15:52Z,2026-06-01,2,17,3,17.65
2026-05-31T20:15:52Z,2026-06-01,3,17,6,35.29
2026-05-31T20:16:00Z,2026-06-02,1,17,5,29.41
2026-05-31T20:16:00Z,2026-06-02,2,17,8.5,50.0
2026-05-31T20:16:00Z,2026-06-02,3,17,4,23.53
2026-05-31T20:16:09Z,2026-06-03,1,17,7,41.18
2026-05-31T20:16:09Z,2026-06-03,2,17,6,35.29
2026-05-31T20:16:09Z,2026-06-03,3,17,4,23.53
2026-05-31T20:16:18Z,2026-06-04,1,17,11,64.71
2026-05-31T20:16:18Z,2026-06-04,2,17,9,52.94
2026-05-31T20:16:18Z,2026-06-04,3,17,5,29.41
2026-05-31T20:16:27Z,2026-06-05,1,17,9,52.94
2026-05-31T20:16:27Z,2026-06-05,2,17,6,35.29
2026-05-31T20:16:27Z,2026-06-05,3,17,5,29.41
2026-05-31T20:16:36Z,2026-06-06,1,17,2,11.76
2026-05-31T20:16:36Z,2026-06-06,2,17,6,35.29
2026-05-31T20:16:36Z,2026-06-06,3,17,10,58.82
2026-05-31T21:55:55Z,2026-05-31,1,17,12,70.59
2026-05-31T21:55:55Z,2026-05-31,2,17,12,70.59
2026-05-31T21:55:55Z,2026-05-31,3,17,12,70.59
2026-05-31T21:56:01Z,2026-06-01,1,17,9,52.94
2026-05-31T21:56:01Z,2026-06-01,2,17,6,35.29
2026-05-31T21:56:01Z,2026-06-01,3,17,6,35.29
2026-05-31T21:56:10Z,2026-06-02,1,17,5,29.41
2026-05-31T21:56:10Z,2026-06-02,2,17,8.5,50.0
2026-05-31T21:56:10Z,2026-06-02,3,17,4,23.53
2026-05-31T21:56:19Z,2026-06-03,1,17,7,41.18
2026-05-31T21:56:19Z,2026-06-03,2,17,6,35.29
2026-05-31T21:56:19Z,2026-06-03,3,17,4,23.53
2026-05-31T21:56:28Z,2026-06-04,1,17,11,64.71
2026-05-31T21:56:28Z,2026-06-04,2,17,9,52.94
2026-05-31T21:56:28Z,2026-06-04,3,17,5,29.41
2026-05-31T21:56:37Z,2026-06-05,1,17,9,52.94
2026-05-31T21:56:37Z,2026-06-05,2,17,6,35.29
2026-05-31T21:56:37Z,2026-06-05,3,17,5,29.41
2026-05-31T21:56:45Z,2026-06-06,1,17,2,11.76
2026-05-31T21:56:45Z,2026-06-06,2,17,6,35.29
2026-05-31T21:56:45Z,2026-06-06,3,17,10,58.82
2026-05-31T22:05:50Z,2026-05-31,1,17,12,70.59
2026-05-31T22:05:50Z,2026-05-31,2,17,12,70.59
2026-05-31T22:05:50Z,2026-05-31,3,17,12,70.59
2026-05-31T22:05:55Z,2026-06-01,1,17,9,52.94
2026-05-31T22:05:55Z,2026-06-01,2,17,6,35.29
2026-05-31T22:05:55Z,2026-06-01,3,17,6,35.29
2026-05-31T22:06:04Z,2026-06-02,1,17,5,29.41
2026-05-31T22:06:04Z,2026-06-02,2,17,8.5,50.0
2026-05-31T22:06:04Z,2026-06-02,3,17,4,23.53
2026-05-31T22:06:13Z,2026-06-03,1,17,7,41.18
2026-05-31T22:06:13Z,2026-06-03,2,17,6,35.29
2026-05-31T22:06:13Z,2026-06-03,3,17,4,23.53
2026-05-31T22:06:22Z,2026-06-04,1,17,11,64.71
2026-05-31T22:06:22Z,2026-06-04,2,17,9,52.94
2026-05-31T22:06:22Z,2026-06-04,3,17,5,29.41
2026-05-31T22:06:31Z,2026-06-05,1,17,9,52.94
2026-05-31T22:06:31Z,2026-06-05,2,17,6,35.29
2026-05-31T22:06:31Z,2026-06-05,3,17,5,29.41
2026-05-31T22:06:40Z,2026-06-06,1,17,2,11.76
2026-05-31T22:06:40Z,2026-06-06,2,17,6,35.29
2026-05-31T22:06:40Z,2026-06-06,3,17,10,58.82
2026-05-31T22:10:48Z,2026-05-31,1,17,12,70.59
2026-05-31T22:10:48Z,2026-05-31,2,17,12,70.59
2026-05-31T22:10:48Z,2026-05-31,3,17,12,70.59
2026-05-31T22:10:54Z,2026-06-01,1,17,9,52.94
2026-05-31T22:10:54Z,2026-06-01,2,17,6,35.29
2026-05-31T22:10:54Z,2026-06-01,3,17,6,35.29
2026-05-31T22:11:03Z,2026-06-02,1,17,5,29.41
2026-05-31T22:11:03Z,2026-06-02,2,17,8.5,50.0
2026-05-31T22:11:03Z,2026-06-02,3,17,4,23.53
2026-05-31T22:11:12Z,2026-06-03,1,17,7,41.18
2026-05-31T22:11:12Z,2026-06-03,2,17,6,35.29
2026-05-31T22:11:12Z,2026-06-03,3,17,4,23.53
2026-05-31T22:11:20Z,2026-06-04,1,17,11,64.71
2026-05-31T22:11:20Z,2026-06-04,2,17,9,52.94
2026-05-31T22:11:20Z,2026-06-04,3,17,5,29.41
2026-05-31T22:11:29Z,2026-06-05,1,17,9,52.94
2026-05-31T22:11:29Z,2026-06-05,2,17,6,35.29
2026-05-31T22:11:29Z,2026-06-05,3,17,5,29.41
2026-05-31T22:11:38Z,2026-06-06,1,17,2,11.76
2026-05-31T22:11:38Z,2026-06-06,2,17,6,35.29
2026-05-31T22:11:38Z,2026-06-06,3,17,10,58.82
2026-05-31T22:55:48Z,2026-05-31,1,17,12,70.59
2026-05-31T22:55:48Z,2026-05-31,2,17,12,70.59
2026-05-31T22:55:48Z,2026-05-31,3,17,12,70.59
2026-05-31T22:55:54Z,2026-06-01,1,17,9,52.94
2026-05-31T22:55:54Z,2026-06-01,2,17,6,35.29
2026-05-31T22:55:54Z,2026-06-01,3,17,6,35.29
2026-05-31T22:56:03Z,2026-06-02,1,17,5,29.41
2026-05-31T22:56:03Z,2026-06-02,2,17,8.5,50.0
2026-05-31T22:56:03Z,2026-06-02,3,17,4,23.53
2026-05-31T22:56:12Z,2026-06-03,1,17,7,41.18
2026-05-31T22:56:12Z,2026-06-03,2,17,6,35.29
2026-05-31T22:56:12Z,2026-06-03,3,17,4,23.53
2026-05-31T22:56:21Z,2026-06-04,1,17,11,64.71
2026-05-31T22:56:21Z,2026-06-04,2,17,9,52.94
2026-05-31T22:56:21Z,2026-06-04,3,17,5,29.41
2026-05-31T22:56:30Z,2026-06-05,1,17,9,52.94
2026-05-31T22:56:30Z,2026-06-05,2,17,6,35.29
2026-05-31T22:56:30Z,2026-06-05,3,17,5,29.41
2026-05-31T22:56:39Z,2026-06-06,1,17,2,11.76
2026-05-31T22:56:39Z,2026-06-06,2,17,6,35.29
2026-05-31T22:56:39Z,2026-06-06,3,17,10,58.82
2026-05-31T23:05:48Z,2026-05-31,1,17,12,70.59
2026-05-31T23:05:48Z,2026-05-31,2,17,12,70.59
2026-05-31T23:05:48Z,2026-05-31,3,17,12,70.59
2026-05-31T23:05:53Z,2026-06-01,1,17,9,52.94
2026-05-31T23:05:53Z,2026-06-01,2,17,6,35.29
2026-05-31T23:05:53Z,2026-06-01,3,17,6,35.29
2026-05-31T23:06:02Z,2026-06-02,1,17,5,29.41
2026-05-31T23:06:02Z,2026-06-02,2,17,8.5,50.0
2026-05-31T23:06:02Z,2026-06-02,3,17,4,23.53
2026-05-31T23:06:11Z,2026-06-03,1,17,7,41.18
2026-05-31T23:06:11Z,2026-06-03,2,17,6,35.29
2026-05-31T23:06:11Z,2026-06-03,3,17,4,23.53
2026-05-31T23:06:20Z,2026-06-04,1,17,11,64.71
2026-05-31T23:06:20Z,2026-06-04,2,17,9,52.94
2026-05-31T23:06:20Z,2026-06-04,3,17,5,29.41
2026-05-31T23:06:29Z,2026-06-05,1,17,9,52.94
2026-05-31T23:06:29Z,2026-06-05,2,17,6,35.29
2026-05-31T23:06:29Z,2026-06-05,3,17,5,29.41
2026-05-31T23:06:38Z,2026-06-06,1,17,2,11.76
2026-05-31T23:06:38Z,2026-06-06,2,17,6,35.29
2026-05-31T23:06:38Z,2026-06-06,3,17,10,58.82
2026-05-31T23:15:52Z,2026-05-31,1,17,12,70.59
2026-05-31T23:15:52Z,2026-05-31,2,17,12,70.59
2026-05-31T23:15:52Z,2026-05-31,3,17,12,70.59
2026-05-31T23:15:57Z,2026-06-01,1,17,11,64.71
2026-05-31T23:15:57Z,2026-06-01,2,17,6,35.29
2026-05-31T23:15:57Z,2026-06-01,3,17,6,35.29
2026-05-31T23:16:06Z,2026-06-02,1,17,5,29.41
2026-05-31T23:16:06Z,2026-06-02,2,17,8.5,50.0
2026-05-31T23:16:06Z,2026-06-02,3,17,4,23.53
2026-05-31T23:16:15Z,2026-06-03,1,17,7,41.18
2026-05-31T23:16:15Z,2026-06-03,2,17,6,35.29
2026-05-31T23:16:15Z,2026-06-03,3,17,4,23.53
2026-05-31T23:16:24Z,2026-06-04,1,17,11,64.71
2026-05-31T23:16:24Z,2026-06-04,2,17,9,52.94
2026-05-31T23:16:24Z,2026-06-04,3,17,5,29.41
2026-05-31T23:16:33Z,2026-06-05,1,17,9,52.94
2026-05-31T23:16:33Z,2026-06-05,2,17,6,35.29
2026-05-31T23:16:33Z,2026-06-05,3,17,5,29.41
2026-05-31T23:16:42Z,2026-06-06,1,17,2,11.76
2026-05-31T23:16:42Z,2026-06-06,2,17,6,35.29
2026-05-31T23:16:42Z,2026-06-06,3,17,10,58.82
2026-06-01T00:06:01Z,2026-06-01,1,17,11,64.71
2026-06-01T00:06:01Z,2026-06-01,2,17,6,35.29
2026-06-01T00:06:01Z,2026-06-01,3,17,6,35.29
2026-06-01T00:06:10Z,2026-06-02,1,17,5,29.41
2026-06-01T00:06:10Z,2026-06-02,2,17,8.5,50.0
2026-06-01T00:06:10Z,2026-06-02,3,17,4,23.53
2026-06-01T00:06:19Z,2026-06-03,1,17,7,41.18
2026-06-01T00:06:19Z,2026-06-03,2,17,6,35.29
2026-06-01T00:06:19Z,2026-06-03,3,17,4,23.53
2026-06-01T00:06:28Z,2026-06-04,1,17,11,64.71
2026-06-01T00:06:28Z,2026-06-04,2,17,9,52.94
2026-06-01T00:06:28Z,2026-06-04,3,17,5,29.41
2026-06-01T00:06:37Z,2026-06-05,1,17,9,52.94
2026-06-01T00:06:37Z,2026-06-05,2,17,6,35.29
2026-06-01T00:06:37Z,2026-06-05,3,17,5,29.41
2026-06-01T00:06:46Z,2026-06-06,1,17,2,11.76
2026-06-01T00:06:46Z,2026-06-06,2,17,6,35.29
2026-06-01T00:06:46Z,2026-06-06,3,17,10,58.82
2026-06-01T00:10:48Z,2026-06-01,1,17,11,64.71
2026-06-01T00:10:48Z,2026-06-01,2,17,6,35.29
2026-06-01T00:10:48Z,2026-06-01,3,17,6,35.29
2026-06-01T00:10:57Z,2026-06-02,1,17,5,29.41
2026-06-01T00:10:57Z,2026-06-02,2,17,8.5,50.0
2026-06-01T00:10:57Z,2026-06-02,3,17,4,23.53
2026-06-01T00:11:06Z,2026-06-03,1,17,7,41.18
2026-06-01T00:11:06Z,2026-06-03,2,17,6,35.29
2026-06-01T00:11:06Z,2026-06-03,3,17,4,23.53
2026-06-01T00:11:15Z,2026-06-04,1,17,11,64.71
2026-06-01T00:11:15Z,2026-06-04,2,17,9,52.94
2026-06-01T00:11:15Z,2026-06-04,3,17,5,29.41
2026-06-01T00:11:23Z,2026-06-05,1,17,9,52.94
2026-06-01T00:11:23Z,2026-06-05,2,17,6,35.29
2026-06-01T00:11:23Z,2026-06-05,3,17,5,29.41
2026-06-01T00:11:32Z,2026-06-06,1,17,2,11.76
2026-06-01T00:11:32Z,2026-06-06,2,17,6,35.29
2026-06-01T00:11:32Z,2026-06-06,3,17,10,58.82
2026-06-01T00:21:00Z,2026-06-01,1,17,11,64.71
2026-06-01T00:21:00Z,2026-06-01,2,17,6,35.29
2026-06-01T00:21:00Z,2026-06-01,3,17,6,35.29
2026-06-01T00:21:09Z,2026-06-02,1,17,5,29.41
2026-06-01T00:21:09Z,2026-06-02,2,17,8.5,50.0
2026-06-01T00:21:09Z,2026-06-02,3,17,4,23.53
2026-06-01T00:21:18Z,2026-06-03,1,17,7,41.18
2026-06-01T00:21:18Z,2026-06-03,2,17,6,35.29
2026-06-01T00:21:18Z,2026-06-03,3,17,4,23.53
2026-06-01T00:21:27Z,2026-06-04,1,17,11,64.71
2026-06-01T00:21:27Z,2026-06-04,2,17,9,52.94
2026-06-01T00:21:27Z,2026-06-04,3,17,5,29.41
2026-06-01T00:21:36Z,2026-06-05,1,17,9,52.94
2026-06-01T00:21:36Z,2026-06-05,2,17,6,35.29
2026-06-01T00:21:36Z,2026-06-05,3,17,5,29.41
2026-06-01T00:21:45Z,2026-06-06,1,17,2,11.76
2026-06-01T00:21:45Z,2026-06-06,2,17,6,35.29
2026-06-01T00:21:45Z,2026-06-06,3,17,10,58.82
2026-06-01T00:55:56Z,2026-06-01,1,17,11,64.71
2026-06-01T00:55:56Z,2026-06-01,2,17,6,35.29
2026-06-01T00:55:56Z,2026-06-01,3,17,6,35.29
2026-06-01T00:56:05Z,2026-06-02,1,17,5,29.41
2026-06-01T00:56:05Z,2026-06-02,2,17,8.5,50.0
2026-06-01T00:56:05Z,2026-06-02,3,17,4,23.53
2026-06-01T00:56:15Z,2026-06-03,1,17,7,41.18
2026-06-01T00:56:15Z,2026-06-03,2,17,6,35.29
2026-06-01T00:56:15Z,2026-06-03,3,17,4,23.53
2026-06-01T00:56:24Z,2026-06-04,1,17,11,64.71
2026-06-01T00:56:24Z,2026-06-04,2,17,9,52.94
2026-06-01T00:56:24Z,2026-06-04,3,17,5,29.41
2026-06-01T00:56:33Z,2026-06-05,1,17,9,52.94
2026-06-01T00:56:33Z,2026-06-05,2,17,6,35.29
2026-06-01T00:56:33Z,2026-06-05,3,17,5,29.41
2026-06-01T00:56:42Z,2026-06-06,1,17,2,11.76
2026-06-01T00:56:42Z,2026-06-06,2,17,6,35.29
2026-06-01T00:56:42Z,2026-06-06,3,17,10,58.82
2026-06-01T10:30:56Z,2026-06-01,1,17,10,58.82
2026-06-01T10:30:56Z,2026-06-01,2,17,6,35.29
2026-06-01T10:30:56Z,2026-06-01,3,17,6,35.29
2026-06-01T10:31:01Z,2026-06-02,1,17,5,29.41
2026-06-01T10:31:01Z,2026-06-02,2,17,8.5,50.0
2026-06-01T10:31:01Z,2026-06-02,3,17,4,23.53
2026-06-01T10:31:06Z,2026-06-03,1,17,7,41.18
2026-06-01T10:31:06Z,2026-06-03,2,17,6,35.29
2026-06-01T10:31:06Z,2026-06-03,3,17,2,11.76
2026-06-01T10:31:11Z,2026-06-04,1,17,11,64.71
2026-06-01T10:31:11Z,2026-06-04,2,17,9,52.94
2026-06-01T10:31:11Z,2026-06-04,3,17,5,29.41
2026-06-01T10:31:16Z,2026-06-05,1,17,9,52.94
2026-06-01T10:31:16Z,2026-06-05,2,17,6,35.29
2026-06-01T10:31:16Z,2026-06-05,3,17,5,29.41
2026-06-01T10:31:22Z,2026-06-06,1,17,2,11.76
2026-06-01T10:31:22Z,2026-06-06,2,17,6,35.29
2026-06-01T10:31:22Z,2026-06-06,3,17,10,58.82
2026-06-01T10:35:48Z,2026-06-01,1,17,10,58.82
2026-06-01T10:35:48Z,2026-06-01,2,17,6,35.29
2026-06-01T10:35:48Z,2026-06-01,3,17,6,35.29
2026-06-01T10:35:53Z,2026-06-02,1,17,5,29.41
2026-06-01T10:35:53Z,2026-06-02,2,17,8.5,50.0
2026-06-01T10:35:53Z,2026-06-02,3,17,4,23.53
2026-06-01T10:35:58Z,2026-06-03,1,17,7,41.18
2026-06-01T10:35:58Z,2026-06-03,2,17,6,35.29
2026-06-01T10:35:58Z,2026-06-03,3,17,2,11.76
2026-06-01T10:36:03Z,2026-06-04,1,17,11,64.71
2026-06-01T10:36:03Z,2026-06-04,2,17,9,52.94
2026-06-01T10:36:03Z,2026-06-04,3,17,5,29.41
2026-06-01T10:36:08Z,2026-06-05,1,17,9,52.94
2026-06-01T10:36:08Z,2026-06-05,2,17,6,35.29
2026-06-01T10:36:08Z,2026-06-05,3,17,5,29.41
2026-06-01T10:36:13Z,2026-06-06,1,17,2,11.76
2026-06-01T10:36:13Z,2026-06-06,2,17,6,35.29
2026-06-01T10:36:13Z,2026-06-06,3,17,10,58.82
2026-06-01T10:40:50Z,2026-06-01,1,17,10,58.82
2026-06-01T10:40:50Z,2026-06-01,2,17,6,35.29
2026-06-01T10:40:50Z,2026-06-01,3,17,6,35.29
2026-06-01T10:40:55Z,2026-06-02,1,17,5,29.41
2026-06-01T10:40:55Z,2026-06-02,2,17,8.5,50.0
2026-06-01T10:40:55Z,2026-06-02,3,17,4,23.53
2026-06-01T10:41:00Z,2026-06-03,1,17,7,41.18
2026-06-01T10:41:00Z,2026-06-03,2,17,6,35.29
2026-06-01T10:41:00Z,2026-06-03,3,17,2,11.76
2026-06-01T10:41:05Z,2026-06-04,1,17,11,64.71
2026-06-01T10:41:05Z,2026-06-04,2,17,9,52.94
2026-06-01T10:41:05Z,2026-06-04,3,17,5,29.41
2026-06-01T10:41:10Z,2026-06-05,1,17,9,52.94
2026-06-01T10:41:10Z,2026-06-05,2,17,6,35.29
2026-06-01T10:41:10Z,2026-06-05,3,17,5,29.41
2026-06-01T10:41:15Z,2026-06-06,1,17,2,11.76
2026-06-01T10:41:15Z,2026-06-06,2,17,6,35.29
2026-06-01T10:41:15Z,2026-06-06,3,17,10,58.82
2026-06-01T10:45:56Z,2026-06-01,1,17,10,58.82
2026-06-01T10:45:56Z,2026-06-01,2,17,6,35.29
2026-06-01T10:45:56Z,2026-06-01,3,17,6,35.29
2026-06-01T10:46:02Z,2026-06-02,1,17,5,29.41
2026-06-01T10:46:02Z,2026-06-02,2,17,8.5,50.0
2026-06-01T10:46:02Z,2026-06-02,3,17,4,23.53
2026-06-01T10:46:07Z,2026-06-03,1,17,7,41.18
2026-06-01T10:46:07Z,2026-06-03,2,17,6,35.29
2026-06-01T10:46:07Z,2026-06-03,3,17,2,11.76
2026-06-01T10:46:12Z,2026-06-04,1,17,11,64.71
2026-06-01T10:46:12Z,2026-06-04,2,17,9,52.94
2026-06-01T10:46:12Z,2026-06-04,3,17,5,29.41
2026-06-01T10:46:17Z,2026-06-05,1,17,9,52.94
2026-06-01T10:46:17Z,2026-06-05,2,17,6,35.29
2026-06-01T10:46:17Z,2026-06-05,3,17,5,29.41
2026-06-01T10:46:22Z,2026-06-06,1,17,2,11.76
2026-06-01T10:46:22Z,2026-06-06,2,17,6,35.29
2026-06-01T10:46:22Z,2026-06-06,3,17,10,58.82
2026-06-01T11:15:55Z,2026-06-01,1,17,10,58.82
2026-06-01T11:15:55Z,2026-06-01,2,17,6,35.29
2026-06-01T11:15:55Z,2026-06-01,3,17,6,35.29
2026-06-01T11:16:00Z,2026-06-02,1,17,5,29.41
2026-06-01T11:16:00Z,2026-06-02,2,17,8.5,50.0
2026-06-01T11:16:00Z,2026-06-02,3,17,4,23.53
2026-06-01T11:16:05Z,2026-06-03,1,17,7,41.18
2026-06-01T11:16:05Z,2026-06-03,2,17,6,35.29
2026-06-01T11:16:05Z,2026-06-03,3,17,2,11.76
2026-06-01T11:16:10Z,2026-06-04,1,17,11,64.71
2026-06-01T11:16:10Z,2026-06-04,2,17,9,52.94
2026-06-01T11:16:10Z,2026-06-04,3,17,5,29.41
2026-06-01T11:16:15Z,2026-06-05,1,17,9,52.94
2026-06-01T11:16:15Z,2026-06-05,2,17,6,35.29
2026-06-01T11:16:15Z,2026-06-05,3,17,5,29.41
2026-06-01T11:16:20Z,2026-06-06,1,17,2,11.76
2026-06-01T11:16:20Z,2026-06-06,2,17,6,35.29
2026-06-01T11:16:20Z,2026-06-06,3,17,10,58.82
2026-06-01T11:25:51Z,2026-06-01,1,17,10,58.82
2026-06-01T11:25:51Z,2026-06-01,2,17,6,35.29
2026-06-01T11:25:51Z,2026-06-01,3,17,6,35.29
2026-06-01T11:25:56Z,2026-06-02,1,17,5,29.41
2026-06-01T11:25:56Z,2026-06-02,2,17,8.5,50.0
2026-06-01T11:25:56Z,2026-06-02,3,17,4,23.53
2026-06-01T11:26:01Z,2026-06-03,1,17,7,41.18
2026-06-01T11:26:01Z,2026-06-03,2,17,6,35.29
2026-06-01T11:26:01Z,2026-06-03,3,17,2,11.76
2026-06-01T11:26:06Z,2026-06-04,1,17,11,64.71
2026-06-01T11:26:06Z,2026-06-04,2,17,9,52.94
2026-06-01T11:26:06Z,2026-06-04,3,17,5,29.41
2026-06-01T11:26:11Z,2026-06-05,1,17,9,52.94
2026-06-01T11:26:11Z,2026-06-05,2,17,6,35.29
2026-06-01T11:26:11Z,2026-06-05,3,17,5,29.41
2026-06-01T11:26:16Z,2026-06-06,1,17,2,11.76
2026-06-01T11:26:16Z,2026-06-06,2,17,6,35.29
2026-06-01T11:26:16Z,2026-06-06,3,17,10,58.82
2026-06-01T11:35:54Z,2026-06-01,1,17,10,58.82
2026-06-01T11:35:54Z,2026-06-01,2,17,6,35.29
2026-06-01T11:35:54Z,2026-06-01,3,17,6,35.29
2026-06-01T11:35:59Z,2026-06-02,1,17,5,29.41
2026-06-01T11:35:59Z,2026-06-02,2,17,8.5,50.0
2026-06-01T11:35:59Z,2026-06-02,3,17,4,23.53
2026-06-01T11:36:04Z,2026-06-03,1,17,7,41.18
2026-06-01T11:36:04Z,2026-06-03,2,17,6,35.29
2026-06-01T11:36:04Z,2026-06-03,3,17,2,11.76
2026-06-01T11:36:09Z,2026-06-04,1,17,11,64.71
2026-06-01T11:36:09Z,2026-06-04,2,17,9,52.94
2026-06-01T11:36:09Z,2026-06-04,3,17,5,29.41
2026-06-01T11:36:14Z,2026-06-05,1,17,9,52.94
2026-06-01T11:36:14Z,2026-06-05,2,17,6,35.29
2026-06-01T11:36:14Z,2026-06-05,3,17,5,29.41
2026-06-01T11:36:20Z,2026-06-06,1,17,2,11.76
2026-06-01T11:36:20Z,2026-06-06,2,17,6,35.29
2026-06-01T11:36:20Z,2026-06-06,3,17,10,58.82
2026-06-01T11:45:52Z,2026-06-01,1,17,10,58.82
2026-06-01T11:45:52Z,2026-06-01,2,17,6,35.29
2026-06-01T11:45:52Z,2026-06-01,3,17,6,35.29
2026-06-01T11:45:58Z,2026-06-02,1,17,5,29.41
2026-06-01T11:45:58Z,2026-06-02,2,17,8.5,50.0
2026-06-01T11:45:58Z,2026-06-02,3,17,4,23.53
2026-06-01T11:46:03Z,2026-06-03,1,17,7,41.18
2026-06-01T11:46:03Z,2026-06-03,2,17,6,35.29
2026-06-01T11:46:03Z,2026-06-03,3,17,2,11.76
2026-06-01T11:46:08Z,2026-06-04,1,17,11,64.71
2026-06-01T11:46:08Z,2026-06-04,2,17,9,52.94
2026-06-01T11:46:08Z,2026-06-04,3,17,5,29.41
2026-06-01T11:46:13Z,2026-06-05,1,17,9,52.94
2026-06-01T11:46:13Z,2026-06-05,2,17,6,35.29
2026-06-01T11:46:13Z,2026-06-05,3,17,5,29.41
2026-06-01T11:46:18Z,2026-06-06,1,17,2,11.76
2026-06-01T11:46:18Z,2026-06-06,2,17,6,35.29
2026-06-01T11:46:18Z,2026-06-06,3,17,10,58.82
2026-06-01T12:26:02Z,2026-06-01,1,17,10,58.82
2026-06-01T12:26:02Z,2026-06-01,2,17,6,35.29
2026-06-01T12:26:02Z,2026-06-01,3,17,6,35.29
2026-06-01T12:26:07Z,2026-06-02,1,17,5,29.41
2026-06-01T12:26:07Z,2026-06-02,2,17,8.5,50.0
2026-06-01T12:26:07Z,2026-06-02,3,17,4,23.53
2026-06-01T12:26:12Z,2026-06-03,1,17,7,41.18
2026-06-01T12:26:12Z,2026-06-03,2,17,6,35.29
2026-06-01T12:26:12Z,2026-06-03,3,17,2,11.76
2026-06-01T12:26:17Z,2026-06-04,1,17,11,64.71
2026-06-01T12:26:17Z,2026-06-04,2,17,9,52.94
2026-06-01T12:26:17Z,2026-06-04,3,17,5,29.41
2026-06-01T12:26:22Z,2026-06-05,1,17,9,52.94
2026-06-01T12:26:22Z,2026-06-05,2,17,6,35.29
2026-06-01T12:26:22Z,2026-06-05,3,17,5,29.41
2026-06-01T12:26:27Z,2026-06-06,1,17,2,11.76
2026-06-01T12:26:27Z,2026-06-06,2,17,6,35.29
2026-06-01T12:26:27Z,2026-06-06,3,17,10,58.82
2026-06-01T12:31:03Z,2026-06-01,1,17,10,58.82
2026-06-01T12:31:03Z,2026-06-01,2,17,6,35.29
2026-06-01T12:31:03Z,2026-06-01,3,17,6,35.29
2026-06-01T12:31:08Z,2026-06-02,1,17,5,29.41
2026-06-01T12:31:08Z,2026-06-02,2,17,8.5,50.0
2026-06-01T12:31:08Z,2026-06-02,3,17,4,23.53
2026-06-01T12:31:13Z,2026-06-03,1,17,7,41.18
2026-06-01T12:31:13Z,2026-06-03,2,17,6,35.29
2026-06-01T12:31:13Z,2026-06-03,3,17,2,11.76
2026-06-01T12:31:18Z,2026-06-04,1,17,11,64.71
2026-06-01T12:31:18Z,2026-06-04,2,17,9,52.94
2026-06-01T12:31:18Z,2026-06-04,3,17,5,29.41
2026-06-01T12:31:23Z,2026-06-05,1,17,9,52.94
2026-06-01T12:31:23Z,2026-06-05,2,17,6,35.29
2026-06-01T12:31:23Z,2026-06-05,3,17,5,29.41
2026-06-01T12:31:28Z,2026-06-06,1,17,2,11.76
2026-06-01T12:31:28Z,2026-06-06,2,17,6,35.29
2026-06-01T12:31:28Z,2026-06-06,3,17,10,58.82
2026-06-01T12:45:53Z,2026-06-01,1,17,10,58.82
2026-06-01T12:45:53Z,2026-06-01,2,17,6,35.29
2026-06-01T12:45:53Z,2026-06-01,3,17,6,35.29
2026-06-01T12:45:58Z,2026-06-02,1,17,5,29.41
2026-06-01T12:45:58Z,2026-06-02,2,17,8.5,50.0
2026-06-01T12:45:58Z,2026-06-02,3,17,4,23.53
2026-06-01T12:46:03Z,2026-06-03,1,17,7,41.18
2026-06-01T12:46:03Z,2026-06-03,2,17,6,35.29
2026-06-01T12:46:03Z,2026-06-03,3,17,2,11.76
2026-06-01T12:46:08Z,2026-06-04,1,17,11,64.71
2026-06-01T12:46:08Z,2026-06-04,2,17,9,52.94
2026-06-01T12:46:08Z,2026-06-04,3,17,5,29.41
2026-06-01T12:46:14Z,2026-06-05,1,17,9,52.94
2026-06-01T12:46:14Z,2026-06-05,2,17,6,35.29
2026-06-01T12:46:14Z,2026-06-05,3,17,5,29.41
2026-06-01T12:46:19Z,2026-06-06,1,17,2,11.76
2026-06-01T12:46:19Z,2026-06-06,2,17,6,35.29
2026-06-01T12:46:19Z,2026-06-06,3,17,10,58.82
2026-06-01T13:15:56Z,2026-06-01,1,17,9,52.94
2026-06-01T13:15:56Z,2026-06-01,2,17,6,35.29
2026-06-01T13:15:56Z,2026-06-01,3,17,6,35.29
2026-06-01T13:16:01Z,2026-06-02,1,17,5,29.41
2026-06-01T13:16:01Z,2026-06-02,2,17,8.5,50.0
2026-06-01T13:16:01Z,2026-06-02,3,17,4,23.53
2026-06-01T13:16:07Z,2026-06-03,1,17,7,41.18
2026-06-01T13:16:07Z,2026-06-03,2,17,6,35.29
2026-06-01T13:16:07Z,2026-06-03,3,17,2,11.76
2026-06-01T13:16:12Z,2026-06-04,1,17,11,64.71
2026-06-01T13:16:12Z,2026-06-04,2,17,9,52.94
2026-06-01T13:16:12Z,2026-06-04,3,17,5,29.41
2026-06-01T13:16:17Z,2026-06-05,1,17,9,52.94
2026-06-01T13:16:17Z,2026-06-05,2,17,6,35.29
2026-06-01T13:16:17Z,2026-06-05,3,17,5,29.41
2026-06-01T13:16:22Z,2026-06-06,1,17,2,11.76
2026-06-01T13:16:22Z,2026-06-06,2,17,6,35.29
2026-06-01T13:16:22Z,2026-06-06,3,17,10,58.82
2026-06-01T13:21:00Z,2026-06-01,1,17,9,52.94
2026-06-01T13:21:00Z,2026-06-01,2,17,6,35.29
2026-06-01T13:21:00Z,2026-06-01,3,17,6,35.29
2026-06-01T13:21:05Z,2026-06-02,1,17,5,29.41
2026-06-01T13:21:05Z,2026-06-02,2,17,8.5,50.0
2026-06-01T13:21:05Z,2026-06-02,3,17,4,23.53
2026-06-01T13:21:10Z,2026-06-03,1,17,7,41.18
2026-06-01T13:21:10Z,2026-06-03,2,17,6,35.29
2026-06-01T13:21:10Z,2026-06-03,3,17,2,11.76
2026-06-01T13:21:15Z,2026-06-04,1,17,11,64.71
2026-06-01T13:21:15Z,2026-06-04,2,17,9,52.94
2026-06-01T13:21:15Z,2026-06-04,3,17,5,29.41
2026-06-01T13:21:20Z,2026-06-05,1,17,9,52.94
2026-06-01T13:21:20Z,2026-06-05,2,17,6,35.29
2026-06-01T13:21:20Z,2026-06-05,3,17,5,29.41
2026-06-01T13:21:25Z,2026-06-06,1,17,2,11.76
2026-06-01T13:21:25Z,2026-06-06,2,17,6,35.29
2026-06-01T13:21:25Z,2026-06-06,3,17,10,58.82
2026-06-01T13:30:59Z,2026-06-01,1,17,9,52.94
2026-06-01T13:30:59Z,2026-06-01,2,17,6,35.29
2026-06-01T13:30:59Z,2026-06-01,3,17,6,35.29
2026-06-01T13:31:04Z,2026-06-02,1,17,5,29.41
2026-06-01T13:31:04Z,2026-06-02,2,17,8.5,50.0
2026-06-01T13:31:04Z,2026-06-02,3,17,4,23.53
2026-06-01T13:31:09Z,2026-06-03,1,17,7,41.18
2026-06-01T13:31:09Z,2026-06-03,2,17,6,35.29
2026-06-01T13:31:09Z,2026-06-03,3,17,2,11.76
2026-06-01T13:31:14Z,2026-06-04,1,17,11,64.71
2026-06-01T13:31:14Z,2026-06-04,2,17,9,52.94
2026-06-01T13:31:14Z,2026-06-04,3,17,5,29.41
2026-06-01T13:31:19Z,2026-06-05,1,17,9,52.94
2026-06-01T13:31:19Z,2026-06-05,2,17,6,35.29
2026-06-01T13:31:19Z,2026-06-05,3,17,5,29.41
2026-06-01T13:31:24Z,2026-06-06,1,17,2,11.76
2026-06-01T13:31:24Z,2026-06-06,2,17,6,35.29
2026-06-01T13:31:24Z,2026-06-06,3,17,10,58.82
2026-06-01T13:41:19Z,2026-06-01,1,17,9,52.94
2026-06-01T13:41:19Z,2026-06-01,2,17,6,35.29
2026-06-01T13:41:19Z,2026-06-01,3,17,6,35.29
2026-06-01T13:41:24Z,2026-06-02,1,17,5,29.41
2026-06-01T13:41:24Z,2026-06-02,2,17,8.5,50.0
2026-06-01T13:41:24Z,2026-06-02,3,17,4,23.53
2026-06-01T13:41:29Z,2026-06-03,1,17,7,41.18
2026-06-01T13:41:29Z,2026-06-03,2,17,6,35.29
2026-06-01T13:41:29Z,2026-06-03,3,17,2,11.76
2026-06-01T13:41:34Z,2026-06-04,1,17,11,64.71
2026-06-01T13:41:34Z,2026-06-04,2,17,9,52.94
2026-06-01T13:41:34Z,2026-06-04,3,17,5,29.41
2026-06-01T13:41:39Z,2026-06-05,1,17,9,52.94
2026-06-01T13:41:39Z,2026-06-05,2,17,6,35.29
2026-06-01T13:41:39Z,2026-06-05,3,17,5,29.41
2026-06-01T13:41:44Z,2026-06-06,1,17,2,11.76
2026-06-01T13:41:44Z,2026-06-06,2,17,6,35.29
2026-06-01T13:41:44Z,2026-06-06,3,17,10,58.82
2026-06-01T13:51:06Z,2026-06-01,1,17,9,52.94
2026-06-01T13:51:06Z,2026-06-01,2,17,6,35.29
2026-06-01T13:51:06Z,2026-06-01,3,17,6,35.29
2026-06-01T13:51:11Z,2026-06-02,1,17,5,29.41
2026-06-01T13:51:11Z,2026-06-02,2,17,8.5,50.0
2026-06-01T13:51:11Z,2026-06-02,3,17,4,23.53
2026-06-01T13:51:16Z,2026-06-03,1,17,7,41.18
2026-06-01T13:51:16Z,2026-06-03,2,17,6,35.29
2026-06-01T13:51:16Z,2026-06-03,3,17,2,11.76
2026-06-01T13:51:21Z,2026-06-04,1,17,11,64.71
2026-06-01T13:51:21Z,2026-06-04,2,17,9,52.94
2026-06-01T13:51:21Z,2026-06-04,3,17,5,29.41
2026-06-01T13:51:26Z,2026-06-05,1,17,9,52.94
2026-06-01T13:51:26Z,2026-06-05,2,17,6,35.29
2026-06-01T13:51:26Z,2026-06-05,3,17,5,29.41
2026-06-01T13:51:31Z,2026-06-06,1,17,2,11.76
2026-06-01T13:51:31Z,2026-06-06,2,17,6,35.29
2026-06-01T13:51:31Z,2026-06-06,3,17,10,58.82
2026-06-01T14:01:11Z,2026-06-01,1,17,9,52.94
2026-06-01T14:01:11Z,2026-06-01,2,17,6,35.29
2026-06-01T14:01:11Z,2026-06-01,3,17,6,35.29
2026-06-01T14:01:16Z,2026-06-02,1,17,5,29.41
2026-06-01T14:01:16Z,2026-06-02,2,17,8.5,50.0
2026-06-01T14:01:16Z,2026-06-02,3,17,4,23.53
2026-06-01T14:01:21Z,2026-06-03,1,17,7,41.18
2026-06-01T14:01:21Z,2026-06-03,2,17,6,35.29
2026-06-01T14:01:21Z,2026-06-03,3,17,2,11.76
2026-06-01T14:01:26Z,2026-06-04,1,17,11,64.71
2026-06-01T14:01:26Z,2026-06-04,2,17,9,52.94
2026-06-01T14:01:26Z,2026-06-04,3,17,5,29.41
2026-06-01T14:01:31Z,2026-06-05,1,17,9,52.94
2026-06-01T14:01:31Z,2026-06-05,2,17,6,35.29
2026-06-01T14:01:31Z,2026-06-05,3,17,5,29.41
2026-06-01T14:01:36Z,2026-06-06,1,17,2,11.76
2026-06-01T14:01:36Z,2026-06-06,2,17,6,35.29
2026-06-01T14:01:36Z,2026-06-06,3,17,10,58.82
2026-06-01T14:06:01Z,2026-06-01,1,17,9,52.94
2026-06-01T14:06:01Z,2026-06-01,2,17,6,35.29
2026-06-01T14:06:01Z,2026-06-01,3,17,6,35.29
2026-06-01T14:06:06Z,2026-06-02,1,17,5,29.41
2026-06-01T14:06:06Z,2026-06-02,2,17,8.5,50.0
2026-06-01T14:06:06Z,2026-06-02,3,17,4,23.53
2026-06-01T14:06:11Z,2026-06-03,1,17,7,41.18
2026-06-01T14:06:11Z,2026-06-03,2,17,6,35.29
2026-06-01T14:06:11Z,2026-06-03,3,17,2,11.76
2026-06-01T14:06:17Z,2026-06-04,1,17,11,64.71
2026-06-01T14:06:17Z,2026-06-04,2,17,9,52.94
2026-06-01T14:06:17Z,2026-06-04,3,17,5,29.41
2026-06-01T14:06:22Z,2026-06-05,1,17,9,52.94
2026-06-01T14:06:22Z,2026-06-05,2,17,6,35.29
2026-06-01T14:06:22Z,2026-06-05,3,17,5,29.41
2026-06-01T14:06:27Z,2026-06-06,1,17,2,11.76
2026-06-01T14:06:27Z,2026-06-06,2,17,6,35.29
2026-06-01T14:06:27Z,2026-06-06,3,17,10,58.82
2026-06-01T14:10:58Z,2026-06-01,1,17,9,52.94
2026-06-01T14:10:58Z,2026-06-01,2,17,6,35.29
2026-06-01T14:10:58Z,2026-06-01,3,17,6,35.29
2026-06-01T14:11:03Z,2026-06-02,1,17,8.5,50.0
2026-06-01T14:11:03Z,2026-06-02,2,17,4,23.53
2026-06-01T14:11:03Z,2026-06-02,3,17,4,23.53
2026-06-01T14:11:09Z,2026-06-03,1,17,7,41.18
2026-06-01T14:11:09Z,2026-06-03,2,17,6,35.29
2026-06-01T14:11:09Z,2026-06-03,3,17,2,11.76
2026-06-01T14:11:14Z,2026-06-04,1,17,11,64.71
2026-06-01T14:11:14Z,2026-06-04,2,17,9,52.94
2026-06-01T14:11:14Z,2026-06-04,3,17,5,29.41
2026-06-01T14:11:19Z,2026-06-05,1,17,9,52.94
2026-06-01T14:11:19Z,2026-06-05,2,17,6,35.29
2026-06-01T14:11:19Z,2026-06-05,3,17,5,29.41
2026-06-01T14:11:24Z,2026-06-06,1,17,2,11.76
2026-06-01T14:11:24Z,2026-06-06,2,17,6,35.29
2026-06-01T14:11:24Z,2026-06-06,3,17,10,58.82
2026-06-01T14:31:05Z,2026-06-01,1,17,9,52.94
2026-06-01T14:31:05Z,2026-06-01,2,17,6,35.29
2026-06-01T14:31:05Z,2026-06-01,3,17,6,35.29
2026-06-01T14:31:10Z,2026-06-02,1,17,8.5,50.0
2026-06-01T14:31:10Z,2026-06-02,2,17,4,23.53
2026-06-01T14:31:10Z,2026-06-02,3,17,4,23.53
2026-06-01T14:31:15Z,2026-06-03,1,17,8,47.06
2026-06-01T14:31:15Z,2026-06-03,2,17,5,29.41
2026-06-01T14:31:15Z,2026-06-03,3,17,2,11.76
2026-06-01T14:31:20Z,2026-06-04,1,17,11,64.71
2026-06-01T14:31:20Z,2026-06-04,2,17,9,52.94
2026-06-01T14:31:20Z,2026-06-04,3,17,5,29.41
2026-06-01T14:31:25Z,2026-06-05,1,17,9,52.94
2026-06-01T14:31:25Z,2026-06-05,2,17,6,35.29
2026-06-01T14:31:25Z,2026-06-05,3,17,5,29.41
2026-06-01T14:31:30Z,2026-06-06,1,17,2,11.76
2026-06-01T14:31:30Z,2026-06-06,2,17,6,35.29
2026-06-01T14:31:30Z,2026-06-06,3,17,10,58.82
2026-06-01T14:36:00Z,2026-06-01,1,17,9,52.94
2026-06-01T14:36:00Z,2026-06-01,2,17,6,35.29
2026-06-01T14:36:00Z,2026-06-01,3,17,6,35.29
2026-06-01T14:36:05Z,2026-06-02,1,17,8.5,50.0
2026-06-01T14:36:05Z,2026-06-02,2,17,4,23.53
2026-06-01T14:36:05Z,2026-06-02,3,17,4,23.53
2026-06-01T14:36:10Z,2026-06-03,1,17,8,47.06
2026-06-01T14:36:10Z,2026-06-03,2,17,6,35.29
2026-06-01T14:36:10Z,2026-06-03,3,17,2,11.76
2026-06-01T14:36:16Z,2026-06-04,1,17,11,64.71
2026-06-01T14:36:16Z,2026-06-04,2,17,9,52.94
2026-06-01T14:36:16Z,2026-06-04,3,17,5,29.41
2026-06-01T14:36:21Z,2026-06-05,1,17,9,52.94
2026-06-01T14:36:21Z,2026-06-05,2,17,6,35.29
2026-06-01T14:36:21Z,2026-06-05,3,17,5,29.41
2026-06-01T14:36:26Z,2026-06-06,1,17,2,11.76
2026-06-01T14:36:26Z,2026-06-06,2,17,6,35.29
2026-06-01T14:36:26Z,2026-06-06,3,17,10,58.82
2026-06-01T14:45:56Z,2026-06-01,1,17,9,52.94
2026-06-01T14:45:56Z,2026-06-01,2,17,6,35.29
2026-06-01T14:45:56Z,2026-06-01,3,17,6,35.29
2026-06-01T14:46:01Z,2026-06-02,1,17,8.5,50.0
2026-06-01T14:46:01Z,2026-06-02,2,17,4,23.53
2026-06-01T14:46:01Z,2026-06-02,3,17,4,23.53
2026-06-01T14:46:06Z,2026-06-03,1,17,8,47.06
2026-06-01T14:46:06Z,2026-06-03,2,17,6,35.29
2026-06-01T14:46:06Z,2026-06-03,3,17,2,11.76
2026-06-01T14:46:11Z,2026-06-04,1,17,11,64.71
2026-06-01T14:46:11Z,2026-06-04,2,17,9,52.94
2026-06-01T14:46:11Z,2026-06-04,3,17,5,29.41
2026-06-01T14:46:16Z,2026-06-05,1,17,9,52.94
2026-06-01T14:46:16Z,2026-06-05,2,17,6,35.29
2026-06-01T14:46:16Z,2026-06-05,3,17,5,29.41
2026-06-01T14:46:21Z,2026-06-06,1,17,2,11.76
2026-06-01T14:46:21Z,2026-06-06,2,17,6,35.29
2026-06-01T14:46:21Z,2026-06-06,3,17,10,58.82
2026-06-01T14:56:00Z,2026-06-01,1,17,9,52.94
2026-06-01T14:56:00Z,2026-06-01,2,17,6,35.29
2026-06-01T14:56:00Z,2026-06-01,3,17,6,35.29
2026-06-01T14:56:05Z,2026-06-02,1,17,8.5,50.0
2026-06-01T14:56:05Z,2026-06-02,2,17,4,23.53
2026-06-01T14:56:05Z,2026-06-02,3,17,4,23.53
2026-06-01T14:56:10Z,2026-06-03,1,17,8,47.06
2026-06-01T14:56:10Z,2026-06-03,2,17,6,35.29
2026-06-01T14:56:10Z,2026-06-03,3,17,2,11.76
2026-06-01T14:56:15Z,2026-06-04,1,17,11,64.71
2026-06-01T14:56:15Z,2026-06-04,2,17,9,52.94
2026-06-01T14:56:15Z,2026-06-04,3,17,5,29.41
2026-06-01T14:56:21Z,2026-06-05,1,17,9,52.94
2026-06-01T14:56:21Z,2026-06-05,2,17,6,35.29
2026-06-01T14:56:21Z,2026-06-05,3,17,5,29.41
2026-06-01T14:56:26Z,2026-06-06,1,17,2,11.76
2026-06-01T14:56:26Z,2026-06-06,2,17,6,35.29
2026-06-01T14:56:26Z,2026-06-06,3,17,10,58.82
2026-06-01T15:01:05Z,2026-06-01,1,17,9,52.94
2026-06-01T15:01:05Z,2026-06-01,2,17,6,35.29
2026-06-01T15:01:05Z,2026-06-01,3,17,6,35.29
2026-06-01T15:01:10Z,2026-06-02,1,17,8.5,50.0
2026-06-01T15:01:10Z,2026-06-02,2,17,4,23.53
2026-06-01T15:01:10Z,2026-06-02,3,17,4,23.53
2026-06-01T15:01:16Z,2026-06-03,1,17,8,47.06
2026-06-01T15:01:16Z,2026-06-03,2,17,6,35.29
2026-06-01T15:01:16Z,2026-06-03,3,17,2,11.76
2026-06-01T15:01:21Z,2026-06-04,1,17,11,64.71
2026-06-01T15:01:21Z,2026-06-04,2,17,9,52.94
2026-06-01T15:01:21Z,2026-06-04,3,17,5,29.41
2026-06-01T15:01:26Z,2026-06-05,1,17,9,52.94
2026-06-01T15:01:26Z,2026-06-05,2,17,6,35.29
2026-06-01T15:01:26Z,2026-06-05,3,17,5,29.41
2026-06-01T15:01:31Z,2026-06-06,1,17,2,11.76
2026-06-01T15:01:31Z,2026-06-06,2,17,6,35.29
2026-06-01T15:01:31Z,2026-06-06,3,17,10,58.82
2026-06-01T15:16:09Z,2026-06-01,1,17,9,52.94
2026-06-01T15:16:09Z,2026-06-01,2,17,6,35.29
2026-06-01T15:16:09Z,2026-06-01,3,17,6,35.29
2026-06-01T15:16:14Z,2026-06-02,1,17,8.5,50.0
2026-06-01T15:16:14Z,2026-06-02,2,17,4,23.53
2026-06-01T15:16:14Z,2026-06-02,3,17,4,23.53
2026-06-01T15:16:19Z,2026-06-03,1,17,8,47.06
2026-06-01T15:16:19Z,2026-06-03,2,17,6,35.29
2026-06-01T15:16:19Z,2026-06-03,3,17,2,11.76
2026-06-01T15:16:25Z,2026-06-04,1,17,11,64.71
2026-06-01T15:16:25Z,2026-06-04,2,17,9,52.94
2026-06-01T15:16:25Z,2026-06-04,3,17,5,29.41
2026-06-01T15:16:30Z,2026-06-05,1,17,9,52.94
2026-06-01T15:16:30Z,2026-06-05,2,17,6,35.29
2026-06-01T15:16:30Z,2026-06-05,3,17,5,29.41
2026-06-01T15:16:35Z,2026-06-06,1,17,2,11.76
2026-06-01T15:16:35Z,2026-06-06,2,17,6,35.29
2026-06-01T15:16:35Z,2026-06-06,3,17,10,58.82
2026-06-01T16:26:59Z,2026-06-01,1,17,9,52.94
2026-06-01T16:26:59Z,2026-06-01,2,17,6,35.29
2026-06-01T16:26:59Z,2026-06-01,3,17,6,35.29
2026-06-01T16:27:04Z,2026-06-02,1,17,9.5,55.88
2026-06-01T16:27:04Z,2026-06-02,2,17,3,17.65
2026-06-01T16:27:04Z,2026-06-02,3,17,4,23.53
2026-06-01T16:27:09Z,2026-06-03,1,17,8,47.06
2026-06-01T16:27:09Z,2026-06-03,2,17,6,35.29
2026-06-01T16:27:09Z,2026-06-03,3,17,2,11.76
2026-06-01T16:27:14Z,2026-06-04,1,17,11,64.71
2026-06-01T16:27:14Z,2026-06-04,2,17,9,52.94
2026-06-01T16:27:14Z,2026-06-04,3,17,5,29.41
2026-06-01T16:27:19Z,2026-06-05,1,17,9,52.94
2026-06-01T16:27:19Z,2026-06-05,2,17,6,35.29
2026-06-01T16:27:19Z,2026-06-05,3,17,5,29.41
2026-06-01T16:27:24Z,2026-06-06,1,17,2,11.76
2026-06-01T16:27:24Z,2026-06-06,2,17,6,35.29
2026-06-01T16:27:24Z,2026-06-06,3,17,10,58.82
2026-06-01T16:35:59Z,2026-06-01,1,17,9,52.94
2026-06-01T16:35:59Z,2026-06-01,2,17,6,35.29
2026-06-01T16:35:59Z,2026-06-01,3,17,6,35.29
2026-06-01T16:36:04Z,2026-06-02,1,17,9.5,55.88
2026-06-01T16:36:04Z,2026-06-02,2,17,3,17.65
2026-06-01T16:36:04Z,2026-06-02,3,17,4,23.53
2026-06-01T16:36:09Z,2026-06-03,1,17,8,47.06
2026-06-01T16:36:09Z,2026-06-03,2,17,6,35.29
2026-06-01T16:36:09Z,2026-06-03,3,17,2,11.76
2026-06-01T16:36:14Z,2026-06-04,1,17,11,64.71
2026-06-01T16:36:14Z,2026-06-04,2,17,9,52.94
2026-06-01T16:36:14Z,2026-06-04,3,17,5,29.41
2026-06-01T16:36:19Z,2026-06-05,1,17,9,52.94
2026-06-01T16:36:19Z,2026-06-05,2,17,6,35.29
2026-06-01T16:36:19Z,2026-06-05,3,17,5,29.41
2026-06-01T16:36:25Z,2026-06-06,1,17,2,11.76
2026-06-01T16:36:25Z,2026-06-06,2,17,6,35.29
2026-06-01T16:36:25Z,2026-06-06,3,17,10,58.82
2026-06-01T17:01:20Z,2026-06-01,1,17,9,52.94
2026-06-01T17:01:20Z,2026-06-01,2,17,6,35.29
2026-06-01T17:01:20Z,2026-06-01,3,17,6,35.29
2026-06-01T17:01:25Z,2026-06-02,1,17,9.5,55.88
2026-06-01T17:01:25Z,2026-06-02,2,17,5,29.41
2026-06-01T17:01:25Z,2026-06-02,3,17,4,23.53
2026-06-01T17:01:31Z,2026-06-03,1,17,8,47.06
2026-06-01T17:01:31Z,2026-06-03,2,17,6,35.29
2026-06-01T17:01:31Z,2026-06-03,3,17,2,11.76
2026-06-01T17:01:36Z,2026-06-04,1,17,11,64.71
2026-06-01T17:01:36Z,2026-06-04,2,17,9,52.94
2026-06-01T17:01:36Z,2026-06-04,3,17,5,29.41
2026-06-01T17:01:41Z,2026-06-05,1,17,9,52.94
2026-06-01T17:01:41Z,2026-06-05,2,17,6,35.29
2026-06-01T17:01:41Z,2026-06-05,3,17,5,29.41
2026-06-01T17:01:46Z,2026-06-06,1,17,2,11.76
2026-06-01T17:01:46Z,2026-06-06,2,17,6,35.29
2026-06-01T17:01:46Z,2026-06-06,3,17,10,58.82
2026-06-01T17:20:53Z,2026-06-01,1,17,9,52.94
2026-06-01T17:20:53Z,2026-06-01,2,17,6,35.29
2026-06-01T17:20:53Z,2026-06-01,3,17,6,35.29
2026-06-01T17:20:58Z,2026-06-02,1,17,9.5,55.88
2026-06-01T17:20:58Z,2026-06-02,2,17,5,29.41
2026-06-01T17:20:58Z,2026-06-02,3,17,4,23.53
2026-06-01T17:21:04Z,2026-06-03,1,17,8,47.06
2026-06-01T17:21:04Z,2026-06-03,2,17,6,35.29
2026-06-01T17:21:04Z,2026-06-03,3,17,2,11.76
2026-06-01T17:21:09Z,2026-06-04,1,17,11,64.71
2026-06-01T17:21:09Z,2026-06-04,2,17,9,52.94
2026-06-01T17:21:09Z,2026-06-04,3,17,5,29.41
2026-06-01T17:21:14Z,2026-06-05,1,17,9,52.94
2026-06-01T17:21:14Z,2026-06-05,2,17,6,35.29
2026-06-01T17:21:14Z,2026-06-05,3,17,5,29.41
2026-06-01T17:21:19Z,2026-06-06,1,17,2,11.76
2026-06-01T17:21:19Z,2026-06-06,2,17,6,35.29
2026-06-01T17:21:19Z,2026-06-06,3,17,8,47.06
2026-06-01T18:41:02Z,2026-06-01,1,17,9,52.94
2026-06-01T18:41:02Z,2026-06-01,2,17,6,35.29
2026-06-01T18:41:02Z,2026-06-01,3,17,6,35.29
2026-06-01T18:41:07Z,2026-06-02,1,17,10.5,61.76
2026-06-01T18:41:07Z,2026-06-02,2,17,5,29.41
2026-06-01T18:41:07Z,2026-06-02,3,17,4,23.53
2026-06-01T18:41:12Z,2026-06-03,1,17,8,47.06
2026-06-01T18:41:12Z,2026-06-03,2,17,6,35.29
2026-06-01T18:41:12Z,2026-06-03,3,17,2,11.76
2026-06-01T18:41:17Z,2026-06-04,1,17,9,52.94
2026-06-01T18:41:17Z,2026-06-04,2,17,7,41.18
2026-06-01T18:41:17Z,2026-06-04,3,17,5,29.41
2026-06-01T18:41:22Z,2026-06-05,1,17,9,52.94
2026-06-01T18:41:22Z,2026-06-05,2,17,6,35.29
2026-06-01T18:41:22Z,2026-06-05,3,17,5,29.41
2026-06-01T18:41:27Z,2026-06-06,1,17,2,11.76
2026-06-01T18:41:27Z,2026-06-06,2,17,6,35.29
2026-06-01T18:41:27Z,2026-06-06,3,17,8,47.06
2026-06-01T19:30:55Z,2026-06-01,1,17,9,52.94
2026-06-01T19:30:55Z,2026-06-01,2,17,6,35.29
2026-06-01T19:30:55Z,2026-06-01,3,17,6,35.29
2026-06-01T19:31:00Z,2026-06-02,1,17,10.5,61.76
2026-06-01T19:31:00Z,2026-06-02,2,17,5,29.41
2026-06-01T19:31:00Z,2026-06-02,3,17,4,23.53
2026-06-01T19:31:05Z,2026-06-03,1,17,10,58.82
2026-06-01T19:31:05Z,2026-06-03,2,17,6,35.29
2026-06-01T19:31:05Z,2026-06-03,3,17,2,11.76
2026-06-01T19:31:10Z,2026-06-04,1,17,9,52.94
2026-06-01T19:31:10Z,2026-06-04,2,17,7,41.18
2026-06-01T19:31:10Z,2026-06-04,3,17,5,29.41
2026-06-01T19:31:15Z,2026-06-05,1,17,9,52.94
2026-06-01T19:31:15Z,2026-06-05,2,17,6,35.29
2026-06-01T19:31:15Z,2026-06-05,3,17,5,29.41
2026-06-01T19:31:20Z,2026-06-06,1,17,2,11.76
2026-06-01T19:31:20Z,2026-06-06,2,17,6,35.29
2026-06-01T19:31:20Z,2026-06-06,3,17,8,47.06
2026-06-01T20:45:52Z,2026-06-01,1,17,9,52.94
2026-06-01T20:45:52Z,2026-06-01,2,17,6,35.29
2026-06-01T20:45:52Z,2026-06-01,3,17,6,35.29
2026-06-01T20:45:57Z,2026-06-02,1,17,10.5,61.76
2026-06-01T20:45:57Z,2026-06-02,2,17,5,29.41
2026-06-01T20:45:57Z,2026-06-02,3,17,4,23.53
2026-06-01T20:46:02Z,2026-06-03,1,17,8,47.06
2026-06-01T20:46:02Z,2026-06-03,2,17,6,35.29
2026-06-01T20:46:02Z,2026-06-03,3,17,2,11.76
2026-06-01T20:46:07Z,2026-06-04,1,17,9,52.94
2026-06-01T20:46:07Z,2026-06-04,2,17,7,41.18
2026-06-01T20:46:07Z,2026-06-04,3,17,5,29.41
2026-06-01T20:46:12Z,2026-06-05,1,17,9,52.94
2026-06-01T20:46:12Z,2026-06-05,2,17,6,35.29
2026-06-01T20:46:12Z,2026-06-05,3,17,5,29.41
2026-06-01T20:46:17Z,2026-06-06,1,17,2,11.76
2026-06-01T20:46:17Z,2026-06-06,2,17,6,35.29
2026-06-01T20:46:17Z,2026-06-06,3,17,8,47.06
2026-06-01T20:51:01Z,2026-06-01,1,17,9,52.94
2026-06-01T20:51:01Z,2026-06-01,2,17,6,35.29
2026-06-01T20:51:01Z,2026-06-01,3,17,6,35.29
2026-06-01T20:51:06Z,2026-06-02,1,17,10.5,61.76
2026-06-01T20:51:06Z,2026-06-02,2,17,5,29.41
2026-06-01T20:51:06Z,2026-06-02,3,17,4,23.53
2026-06-01T20:51:11Z,2026-06-03,1,17,8,47.06
2026-06-01T20:51:11Z,2026-06-03,2,17,6,35.29
2026-06-01T20:51:11Z,2026-06-03,3,17,2,11.76
2026-06-01T20:51:16Z,2026-06-04,1,17,9,52.94
2026-06-01T20:51:16Z,2026-06-04,2,17,7,41.18
2026-06-01T20:51:16Z,2026-06-04,3,17,5,29.41
2026-06-01T20:51:21Z,2026-06-05,1,17,9,52.94
2026-06-01T20:51:21Z,2026-06-05,2,17,6,35.29
2026-06-01T20:51:21Z,2026-06-05,3,17,5,29.41
2026-06-01T20:51:26Z,2026-06-06,1,17,2,11.76
2026-06-01T20:51:26Z,2026-06-06,2,17,6,35.29
2026-06-01T20:51:26Z,2026-06-06,3,17,8,47.06
2026-06-01T21:05:59Z,2026-06-01,1,17,9,52.94
2026-06-01T21:05:59Z,2026-06-01,2,17,6,35.29
2026-06-01T21:05:59Z,2026-06-01,3,17,6,35.29
2026-06-01T21:06:05Z,2026-06-02,1,17,10.5,61.76
2026-06-01T21:06:05Z,2026-06-02,2,17,5,29.41
2026-06-01T21:06:05Z,2026-06-02,3,17,4,23.53
2026-06-01T21:06:10Z,2026-06-03,1,17,8,47.06
2026-06-01T21:06:10Z,2026-06-03,2,17,6,35.29
2026-06-01T21:06:10Z,2026-06-03,3,17,2,11.76
2026-06-01T21:06:15Z,2026-06-04,1,17,9,52.94
2026-06-01T21:06:15Z,2026-06-04,2,17,7,41.18
2026-06-01T21:06:15Z,2026-06-04,3,17,5,29.41
2026-06-01T21:06:20Z,2026-06-05,1,17,9,52.94
2026-06-01T21:06:20Z,2026-06-05,2,17,6,35.29
2026-06-01T21:06:20Z,2026-06-05,3,17,5,29.41
2026-06-01T21:06:25Z,2026-06-06,1,17,2,11.76
2026-06-01T21:06:25Z,2026-06-06,2,17,6,35.29
2026-06-01T21:06:25Z,2026-06-06,3,17,8,47.06
2026-06-01T21:10:52Z,2026-06-01,1,17,9,52.94
2026-06-01T21:10:52Z,2026-06-01,2,17,6,35.29
2026-06-01T21:10:52Z,2026-06-01,3,17,6,35.29
2026-06-01T21:10:57Z,2026-06-02,1,17,10.5,61.76
2026-06-01T21:10:57Z,2026-06-02,2,17,5,29.41
2026-06-01T21:10:57Z,2026-06-02,3,17,4,23.53
2026-06-01T21:11:02Z,2026-06-03,1,17,8,47.06
2026-06-01T21:11:02Z,2026-06-03,2,17,6,35.29
2026-06-01T21:11:02Z,2026-06-03,3,17,2,11.76
2026-06-01T21:11:07Z,2026-06-04,1,17,9,52.94
2026-06-01T21:11:07Z,2026-06-04,2,17,7,41.18
2026-06-01T21:11:07Z,2026-06-04,3,17,5,29.41
2026-06-01T21:11:12Z,2026-06-05,1,17,9,52.94
2026-06-01T21:11:12Z,2026-06-05,2,17,6,35.29
2026-06-01T21:11:12Z,2026-06-05,3,17,5,29.41
2026-06-01T21:11:17Z,2026-06-06,1,17,2,11.76
2026-06-01T21:11:17Z,2026-06-06,2,17,6,35.29
2026-06-01T21:11:17Z,2026-06-06,3,17,8,47.06
2026-06-01T21:35:51Z,2026-06-01,1,17,9,52.94
2026-06-01T21:35:51Z,2026-06-01,2,17,6,35.29
2026-06-01T21:35:51Z,2026-06-01,3,17,6,35.29
2026-06-01T21:35:56Z,2026-06-02,1,17,10.5,61.76
2026-06-01T21:35:56Z,2026-06-02,2,17,5,29.41
2026-06-01T21:35:56Z,2026-06-02,3,17,4,23.53
2026-06-01T21:36:01Z,2026-06-03,1,17,8,47.06
2026-06-01T21:36:01Z,2026-06-03,2,17,6,35.29
2026-06-01T21:36:01Z,2026-06-03,3,17,2,11.76
2026-06-01T21:36:06Z,2026-06-04,1,17,9,52.94
2026-06-01T21:36:06Z,2026-06-04,2,17,7,41.18
2026-06-01T21:36:06Z,2026-06-04,3,17,5,29.41
2026-06-01T21:36:11Z,2026-06-05,1,17,9,52.94
2026-06-01T21:36:11Z,2026-06-05,2,17,6,35.29
2026-06-01T21:36:11Z,2026-06-05,3,17,5,29.41
2026-06-01T21:36:17Z,2026-06-06,1,17,2,11.76
2026-06-01T21:36:17Z,2026-06-06,2,17,6,35.29
2026-06-01T21:36:17Z,2026-06-06,3,17,8,47.06
2026-06-01T22:05:53Z,2026-06-01,1,17,9,52.94
2026-06-01T22:05:53Z,2026-06-01,2,17,6,35.29
2026-06-01T22:05:53Z,2026-06-01,3,17,6,35.29
2026-06-01T22:05:58Z,2026-06-02,1,17,10.5,61.76
2026-06-01T22:05:58Z,2026-06-02,2,17,5,29.41
2026-06-01T22:05:58Z,2026-06-02,3,17,4,23.53
2026-06-01T22:06:03Z,2026-06-03,1,17,8,47.06
2026-06-01T22:06:03Z,2026-06-03,2,17,6,35.29
2026-06-01T22:06:03Z,2026-06-03,3,17,2,11.76
2026-06-01T22:06:08Z,2026-06-04,1,17,9,52.94
2026-06-01T22:06:08Z,2026-06-04,2,17,7,41.18
2026-06-01T22:06:08Z,2026-06-04,3,17,5,29.41
2026-06-01T22:06:13Z,2026-06-05,1,17,9,52.94
2026-06-01T22:06:13Z,2026-06-05,2,17,6,35.29
2026-06-01T22:06:13Z,2026-06-05,3,17,5,29.41
2026-06-01T22:06:18Z,2026-06-06,1,17,2,11.76
2026-06-01T22:06:18Z,2026-06-06,2,17,6,35.29
2026-06-01T22:06:18Z,2026-06-06,3,17,8,47.06
2026-06-01T22:35:53Z,2026-06-01,1,17,9,52.94
2026-06-01T22:35:53Z,2026-06-01,2,17,6,35.29
2026-06-01T22:35:53Z,2026-06-01,3,17,6,35.29
2026-06-01T22:35:58Z,2026-06-02,1,17,10.5,61.76
2026-06-01T22:35:58Z,2026-06-02,2,17,5,29.41
2026-06-01T22:35:58Z,2026-06-02,3,17,4,23.53
2026-06-01T22:36:03Z,2026-06-03,1,17,8,47.06
2026-06-01T22:36:03Z,2026-06-03,2,17,6,35.29
2026-06-01T22:36:03Z,2026-06-03,3,17,2,11.76
2026-06-01T22:36:08Z,2026-06-04,1,17,9,52.94
2026-06-01T22:36:08Z,2026-06-04,2,17,7,41.18
2026-06-01T22:36:08Z,2026-06-04,3,17,5,29.41
2026-06-01T22:36:13Z,2026-06-05,1,17,9,52.94
2026-06-01T22:36:13Z,2026-06-05,2,17,6,35.29
2026-06-01T22:36:13Z,2026-06-05,3,17,5,29.41
2026-06-01T22:36:18Z,2026-06-06,1,17,2,11.76
2026-06-01T22:36:18Z,2026-06-06,2,17,6,35.29
2026-06-01T22:36:18Z,2026-06-06,3,17,8,47.06
2026-06-01T22:51:00Z,2026-06-01,1,17,9,52.94
2026-06-01T22:51:00Z,2026-06-01,2,17,6,35.29
2026-06-01T22:51:00Z,2026-06-01,3,17,6,35.29
2026-06-01T22:51:05Z,2026-06-02,1,17,10.5,61.76
2026-06-01T22:51:05Z,2026-06-02,2,17,5,29.41
2026-06-01T22:51:05Z,2026-06-02,3,17,4,23.53
2026-06-01T22:51:10Z,2026-06-03,1,17,8,47.06
2026-06-01T22:51:10Z,2026-06-03,2,17,6,35.29
2026-06-01T22:51:10Z,2026-06-03,3,17,2,11.76
2026-06-01T22:51:15Z,2026-06-04,1,17,9,52.94
2026-06-01T22:51:15Z,2026-06-04,2,17,7,41.18
2026-06-01T22:51:15Z,2026-06-04,3,17,5,29.41
2026-06-01T22:51:20Z,2026-06-05,1,17,9,52.94
2026-06-01T22:51:20Z,2026-06-05,2,17,6,35.29
2026-06-01T22:51:20Z,2026-06-05,3,17,5,29.41
2026-06-01T22:51:26Z,2026-06-06,1,17,2,11.76
2026-06-01T22:51:26Z,2026-06-06,2,17,6,35.29
2026-06-01T22:51:26Z,2026-06-06,3,17,8,47.06
2026-06-01T23:55:49Z,2026-06-01,1,17,9,52.94
2026-06-01T23:55:49Z,2026-06-01,2,17,6,35.29
2026-06-01T23:55:49Z,2026-06-01,3,17,6,35.29
2026-06-01T23:55:55Z,2026-06-02,1,17,10.5,61.76
2026-06-01T23:55:55Z,2026-06-02,2,17,5,29.41
2026-06-01T23:55:55Z,2026-06-02,3,17,4,23.53
2026-06-01T23:56:00Z,2026-06-03,1,17,8,47.06
2026-06-01T23:56:00Z,2026-06-03,2,17,8,47.06
2026-06-01T23:56:00Z,2026-06-03,3,17,2,11.76
2026-06-01T23:56:05Z,2026-06-04,1,17,9,52.94
2026-06-01T23:56:05Z,2026-06-04,2,17,7,41.18
2026-06-01T23:56:05Z,2026-06-04,3,17,5,29.41
2026-06-01T23:56:10Z,2026-06-05,1,17,9,52.94
2026-06-01T23:56:10Z,2026-06-05,2,17,6,35.29
2026-06-01T23:56:10Z,2026-06-05,3,17,5,29.41
2026-06-01T23:56:15Z,2026-06-06,1,17,2,11.76
2026-06-01T23:56:15Z,2026-06-06,2,17,6,35.29
2026-06-01T23:56:15Z,2026-06-06,3,17,8,47.06
2026-06-02T00:25:50Z,2026-06-02,1,17,10.5,61.76
2026-06-02T00:25:50Z,2026-06-02,2,17,5,29.41
2026-06-02T00:25:50Z,2026-06-02,3,17,4,23.53
2026-06-02T00:25:55Z,2026-06-03,1,17,8,47.06
2026-06-02T00:25:55Z,2026-06-03,2,17,8,47.06
2026-06-02T00:25:55Z,2026-06-03,3,17,2,11.76
2026-06-02T00:26:01Z,2026-06-04,1,17,9,52.94
2026-06-02T00:26:01Z,2026-06-04,2,17,7,41.18
2026-06-02T00:26:01Z,2026-06-04,3,17,5,29.41
2026-06-02T00:26:06Z,2026-06-05,1,17,7,41.18
2026-06-02T00:26:06Z,2026-06-05,2,17,6,35.29
2026-06-02T00:26:06Z,2026-06-05,3,17,4,23.53
2026-06-02T00:26:11Z,2026-06-06,1,17,2,11.76
2026-06-02T00:26:11Z,2026-06-06,2,17,6,35.29
2026-06-02T00:26:11Z,2026-06-06,3,17,8,47.06
2026-06-02T00:30:58Z,2026-06-02,1,17,10.5,61.76
2026-06-02T00:30:58Z,2026-06-02,2,17,6,35.29
2026-06-02T00:30:58Z,2026-06-02,3,17,6,35.29
2026-06-02T00:31:04Z,2026-06-03,1,17,8,47.06
2026-06-02T00:31:04Z,2026-06-03,2,17,8,47.06
2026-06-02T00:31:04Z,2026-06-03,3,17,2,11.76
2026-06-02T00:31:09Z,2026-06-04,1,17,9,52.94
2026-06-02T00:31:09Z,2026-06-04,2,17,7,41.18
2026-06-02T00:31:09Z,2026-06-04,3,17,5,29.41
2026-06-02T00:31:14Z,2026-06-05,1,17,7,41.18
2026-06-02T00:31:14Z,2026-06-05,2,17,6,35.29
2026-06-02T00:31:14Z,2026-06-05,3,17,4,23.53
2026-06-02T00:31:19Z,2026-06-06,1,17,2,11.76
2026-06-02T00:31:19Z,2026-06-06,2,17,6,35.29
2026-06-02T00:31:19Z,2026-06-06,3,17,8,47.06
2026-06-02T00:40:54Z,2026-06-02,1,17,10.5,61.76
2026-06-02T00:40:54Z,2026-06-02,2,17,6,35.29
2026-06-02T00:40:54Z,2026-06-02,3,17,6,35.29
2026-06-02T00:40:59Z,2026-06-03,1,17,8,47.06
2026-06-02T00:40:59Z,2026-06-03,2,17,8,47.06
2026-06-02T00:40:59Z,2026-06-03,3,17,2,11.76
2026-06-02T00:41:04Z,2026-06-04,1,17,9,52.94
2026-06-02T00:41:04Z,2026-06-04,2,17,7,41.18
2026-06-02T00:41:04Z,2026-06-04,3,17,5,29.41
2026-06-02T00:41:09Z,2026-06-05,1,17,7,41.18
2026-06-02T00:41:09Z,2026-06-05,2,17,6,35.29
2026-06-02T00:41:09Z,2026-06-05,3,17,4,23.53
2026-06-02T00:41:14Z,2026-06-06,1,17,2,11.76
2026-06-02T00:41:14Z,2026-06-06,2,17,6,35.29
2026-06-02T00:41:14Z,2026-06-06,3,17,8,47.06
2026-06-02T00:50:53Z,2026-06-02,1,17,10.5,61.76
2026-06-02T00:50:53Z,2026-06-02,2,17,6,35.29
2026-06-02T00:50:53Z,2026-06-02,3,17,6,35.29
2026-06-02T00:50:58Z,2026-06-03,1,17,8,47.06
2026-06-02T00:50:58Z,2026-06-03,2,17,8,47.06
2026-06-02T00:50:58Z,2026-06-03,3,17,2,11.76
2026-06-02T00:51:03Z,2026-06-04,1,17,9,52.94
2026-06-02T00:51:03Z,2026-06-04,2,17,7,41.18
2026-06-02T00:51:03Z,2026-06-04,3,17,5,29.41
2026-06-02T00:51:08Z,2026-06-05,1,17,7,41.18
2026-06-02T00:51:08Z,2026-06-05,2,17,6,35.29
2026-06-02T00:51:08Z,2026-06-05,3,17,4,23.53
2026-06-02T00:51:13Z,2026-06-06,1,17,2,11.76
2026-06-02T00:51:13Z,2026-06-06,2,17,6,35.29
2026-06-02T00:51:13Z,2026-06-06,3,17,8,47.06
2026-06-02T00:55:54Z,2026-06-02,1,17,10.5,61.76
2026-06-02T00:55:54Z,2026-06-02,2,17,6,35.29
2026-06-02T00:55:54Z,2026-06-02,3,17,6,35.29
2026-06-02T00:55:59Z,2026-06-03,1,17,8,47.06
2026-06-02T00:55:59Z,2026-06-03,2,17,8,47.06
2026-06-02T00:55:59Z,2026-06-03,3,17,2,11.76
2026-06-02T00:56:04Z,2026-06-04,1,17,8,47.06
2026-06-02T00:56:04Z,2026-06-04,2,17,7,41.18
2026-06-02T00:56:04Z,2026-06-04,3,17,5,29.41
2026-06-02T00:56:09Z,2026-06-05,1,17,7,41.18
2026-06-02T00:56:09Z,2026-06-05,2,17,6,35.29
2026-06-02T00:56:09Z,2026-06-05,3,17,4,23.53
2026-06-02T00:56:14Z,2026-06-06,1,17,2,11.76
2026-06-02T00:56:14Z,2026-06-06,2,17,6,35.29
2026-06-02T00:56:14Z,2026-06-06,3,17,8,47.06
2026-06-02T09:01:01Z,2026-06-02,1,17,10.5,61.76
2026-06-02T09:01:01Z,2026-06-02,2,17,5,29.41
2026-06-02T09:01:01Z,2026-06-02,3,17,6,35.29
2026-06-02T09:01:07Z,2026-06-03,1,17,7,41.18
2026-06-02T09:01:07Z,2026-06-03,2,17,8,47.06
2026-06-02T09:01:07Z,2026-06-03,3,17,2,11.76
2026-06-02T09:01:12Z,2026-06-04,1,17,5,29.41
2026-06-02T09:01:12Z,2026-06-04,2,17,6,35.29
2026-06-02T09:01:12Z,2026-06-04,3,17,5,29.41
2026-06-02T09:01:17Z,2026-06-05,1,17,7,41.18
2026-06-02T09:01:17Z,2026-06-05,2,17,6,35.29
2026-06-02T09:01:17Z,2026-06-05,3,17,4,23.53
2026-06-02T09:01:22Z,2026-06-06,1,17,2,11.76
2026-06-02T09:01:22Z,2026-06-06,2,17,6,35.29
2026-06-02T09:01:22Z,2026-06-06,3,17,8,47.06
2026-06-02T09:26:00Z,2026-06-02,1,17,10.5,61.76
2026-06-02T09:26:00Z,2026-06-02,2,17,5,29.41
2026-06-02T09:26:00Z,2026-06-02,3,17,6,35.29
2026-06-02T09:26:05Z,2026-06-03,1,17,7,41.18
2026-06-02T09:26:05Z,2026-06-03,2,17,8,47.06
2026-06-02T09:26:05Z,2026-06-03,3,17,2,11.76
2026-06-02T09:26:10Z,2026-06-04,1,17,5,29.41
2026-06-02T09:26:10Z,2026-06-04,2,17,6,35.29
2026-06-02T09:26:10Z,2026-06-04,3,17,5,29.41
2026-06-02T09:26:15Z,2026-06-05,1,17,7,41.18
2026-06-02T09:26:15Z,2026-06-05,2,17,6,35.29
2026-06-02T09:26:15Z,2026-06-05,3,17,4,23.53
2026-06-02T09:26:20Z,2026-06-06,1,17,2,11.76
2026-06-02T09:26:20Z,2026-06-06,2,17,6,35.29
2026-06-02T09:26:20Z,2026-06-06,3,17,8,47.06
2026-06-02T09:36:09Z,2026-06-02,1,17,10.5,61.76
2026-06-02T09:36:09Z,2026-06-02,2,17,5,29.41
2026-06-02T09:36:09Z,2026-06-02,3,17,6,35.29
2026-06-02T09:36:14Z,2026-06-03,1,17,7,41.18
2026-06-02T09:36:14Z,2026-06-03,2,17,8,47.06
2026-06-02T09:36:14Z,2026-06-03,3,17,2,11.76
2026-06-02T09:36:19Z,2026-06-04,1,17,5,29.41
2026-06-02T09:36:19Z,2026-06-04,2,17,6,35.29
2026-06-02T09:36:19Z,2026-06-04,3,17,5,29.41
2026-06-02T09:36:24Z,2026-06-05,1,17,7,41.18
2026-06-02T09:36:24Z,2026-06-05,2,17,6,35.29
2026-06-02T09:36:24Z,2026-06-05,3,17,4,23.53
2026-06-02T09:36:29Z,2026-06-06,1,17,2,11.76
2026-06-02T09:36:29Z,2026-06-06,2,17,6,35.29
2026-06-02T09:36:29Z,2026-06-06,3,17,8,47.06
2026-06-02T09:45:57Z,2026-06-02,1,17,10.5,61.76
2026-06-02T09:45:57Z,2026-06-02,2,17,5,29.41
2026-06-02T09:45:57Z,2026-06-02,3,17,6,35.29
2026-06-02T09:46:02Z,2026-06-03,1,17,7,41.18
2026-06-02T09:46:02Z,2026-06-03,2,17,8,47.06
2026-06-02T09:46:02Z,2026-06-03,3,17,2,11.76
2026-06-02T09:46:07Z,2026-06-04,1,17,5,29.41
2026-06-02T09:46:07Z,2026-06-04,2,17,6,35.29
2026-06-02T09:46:07Z,2026-06-04,3,17,5,29.41
2026-06-02T09:46:12Z,2026-06-05,1,17,7,41.18
2026-06-02T09:46:12Z,2026-06-05,2,17,6,35.29
2026-06-02T09:46:12Z,2026-06-05,3,17,4,23.53
2026-06-02T09:46:17Z,2026-06-06,1,17,2,11.76
2026-06-02T09:46:17Z,2026-06-06,2,17,6,35.29
2026-06-02T09:46:17Z,2026-06-06,3,17,8,47.06
2026-06-02T10:01:01Z,2026-06-02,1,17,10.5,61.76
2026-06-02T10:01:01Z,2026-06-02,2,17,5,29.41
2026-06-02T10:01:01Z,2026-06-02,3,17,6,35.29
2026-06-02T10:01:06Z,2026-06-03,1,17,7,41.18
2026-06-02T10:01:06Z,2026-06-03,2,17,8,47.06
2026-06-02T10:01:06Z,2026-06-03,3,17,2,11.76
2026-06-02T10:01:11Z,2026-06-04,1,17,5,29.41
2026-06-02T10:01:11Z,2026-06-04,2,17,6,35.29
2026-06-02T10:01:11Z,2026-06-04,3,17,5,29.41
2026-06-02T10:01:16Z,2026-06-05,1,17,7,41.18
2026-06-02T10:01:16Z,2026-06-05,2,17,6,35.29
2026-06-02T10:01:16Z,2026-06-05,3,17,4,23.53
2026-06-02T10:01:21Z,2026-06-06,1,17,2,11.76
2026-06-02T10:01:21Z,2026-06-06,2,17,6,35.29
2026-06-02T10:01:21Z,2026-06-06,3,17,8,47.06
2026-06-02T10:20:49Z,2026-06-02,1,17,10.5,61.76
2026-06-02T10:20:49Z,2026-06-02,2,17,5,29.41
2026-06-02T10:20:49Z,2026-06-02,3,17,6,35.29
2026-06-02T10:20:55Z,2026-06-03,1,17,7,41.18
2026-06-02T10:20:55Z,2026-06-03,2,17,8,47.06
2026-06-02T10:20:55Z,2026-06-03,3,17,2,11.76
2026-06-02T10:21:00Z,2026-06-04,1,17,5,29.41
2026-06-02T10:21:00Z,2026-06-04,2,17,6,35.29
2026-06-02T10:21:00Z,2026-06-04,3,17,5,29.41
2026-06-02T10:21:05Z,2026-06-05,1,17,7,41.18
2026-06-02T10:21:05Z,2026-06-05,2,17,6,35.29
2026-06-02T10:21:05Z,2026-06-05,3,17,4,23.53
2026-06-02T10:21:10Z,2026-06-06,1,17,2,11.76
2026-06-02T10:21:10Z,2026-06-06,2,17,6,35.29
2026-06-02T10:21:10Z,2026-06-06,3,17,8,47.06
2026-06-02T11:15:53Z,2026-06-02,1,17,10.5,61.76
2026-06-02T11:15:53Z,2026-06-02,2,17,5,29.41
2026-06-02T11:15:53Z,2026-06-02,3,17,6,35.29
2026-06-02T11:15:59Z,2026-06-03,1,17,7,41.18
2026-06-02T11:15:59Z,2026-06-03,2,17,8,47.06
2026-06-02T11:15:59Z,2026-06-03,3,17,2,11.76
2026-06-02T11:16:04Z,2026-06-04,1,17,5,29.41
2026-06-02T11:16:04Z,2026-06-04,2,17,6,35.29
2026-06-02T11:16:04Z,2026-06-04,3,17,5,29.41
2026-06-02T11:16:09Z,2026-06-05,1,17,7,41.18
2026-06-02T11:16:09Z,2026-06-05,2,17,6,35.29
2026-06-02T11:16:09Z,2026-06-05,3,17,4,23.53
2026-06-02T11:16:14Z,2026-06-06,1,17,2,11.76
2026-06-02T11:16:14Z,2026-06-06,2,17,6,35.29
2026-06-02T11:16:14Z,2026-06-06,3,17,8,47.06
2026-06-02T11:50:58Z,2026-06-02,1,17,10.5,61.76
2026-06-02T11:50:58Z,2026-06-02,2,17,5,29.41
2026-06-02T11:50:58Z,2026-06-02,3,17,6,35.29
2026-06-02T11:51:03Z,2026-06-03,1,17,7,41.18
2026-06-02T11:51:03Z,2026-06-03,2,17,8,47.06
2026-06-02T11:51:03Z,2026-06-03,3,17,2,11.76
2026-06-02T11:51:08Z,2026-06-04,1,17,5,29.41
2026-06-02T11:51:08Z,2026-06-04,2,17,6,35.29
2026-06-02T11:51:08Z,2026-06-04,3,17,5,29.41
2026-06-02T11:51:13Z,2026-06-05,1,17,7,41.18
2026-06-02T11:51:13Z,2026-06-05,2,17,6,35.29
2026-06-02T11:51:13Z,2026-06-05,3,17,4,23.53
2026-06-02T11:51:18Z,2026-06-06,1,17,2,11.76
2026-06-02T11:51:18Z,2026-06-06,2,17,6,35.29
2026-06-02T11:51:18Z,2026-06-06,3,17,8,47.06
2026-06-02T12:11:00Z,2026-06-02,1,17,10.5,61.76
2026-06-02T12:11:00Z,2026-06-02,2,17,5,29.41
2026-06-02T12:11:00Z,2026-06-02,3,17,6,35.29
2026-06-02T12:11:06Z,2026-06-03,1,17,7,41.18
2026-06-02T12:11:06Z,2026-06-03,2,17,8,47.06
2026-06-02T12:11:06Z,2026-06-03,3,17,2,11.76
2026-06-02T12:11:11Z,2026-06-04,1,17,5,29.41
2026-06-02T12:11:11Z,2026-06-04,2,17,6,35.29
2026-06-02T12:11:11Z,2026-06-04,3,17,5,29.41
2026-06-02T12:11:16Z,2026-06-05,1,17,7,41.18
2026-06-02T12:11:16Z,2026-06-05,2,17,6,35.29
2026-06-02T12:11:16Z,2026-06-05,3,17,4,23.53
2026-06-02T12:11:21Z,2026-06-06,1,17,2,11.76
2026-06-02T12:11:21Z,2026-06-06,2,17,6,35.29
2026-06-02T12:11:21Z,2026-06-06,3,17,8,47.06
2026-06-02T12:50:51Z,2026-06-02,1,17,10.5,61.76
2026-06-02T12:50:51Z,2026-06-02,2,17,5,29.41
2026-06-02T12:50:51Z,2026-06-02,3,17,6,35.29
2026-06-02T12:50:57Z,2026-06-03,1,17,7,41.18
2026-06-02T12:50:57Z,2026-06-03,2,17,8,47.06
2026-06-02T12:50:57Z,2026-06-03,3,17,2,11.76
2026-06-02T12:51:02Z,2026-06-04,1,17,5,29.41
2026-06-02T12:51:02Z,2026-06-04,2,17,6,35.29
2026-06-02T12:51:02Z,2026-06-04,3,17,5,29.41
2026-06-02T12:51:07Z,2026-06-05,1,17,7,41.18
2026-06-02T12:51:07Z,2026-06-05,2,17,6,35.29
2026-06-02T12:51:07Z,2026-06-05,3,17,4,23.53
2026-06-02T12:51:12Z,2026-06-06,1,17,2,11.76
2026-06-02T12:51:12Z,2026-06-06,2,17,6,35.29
2026-06-02T12:51:12Z,2026-06-06,3,17,8,47.06
2026-06-02T13:01:10Z,2026-06-02,1,17,10.5,61.76
2026-06-02T13:01:10Z,2026-06-02,2,17,5,29.41
2026-06-02T13:01:10Z,2026-06-02,3,17,6,35.29
2026-06-02T13:01:15Z,2026-06-03,1,17,7,41.18
2026-06-02T13:01:15Z,2026-06-03,2,17,8,47.06
2026-06-02T13:01:15Z,2026-06-03,3,17,2,11.76
2026-06-02T13:01:20Z,2026-06-04,1,17,5,29.41
2026-06-02T13:01:20Z,2026-06-04,2,17,6,35.29
2026-06-02T13:01:20Z,2026-06-04,3,17,5,29.41
2026-06-02T13:01:25Z,2026-06-05,1,17,7,41.18
2026-06-02T13:01:25Z,2026-06-05,2,17,6,35.29
2026-06-02T13:01:25Z,2026-06-05,3,17,4,23.53
2026-06-02T13:01:30Z,2026-06-06,1,17,2,11.76
2026-06-02T13:01:30Z,2026-06-06,2,17,6,35.29
2026-06-02T13:01:30Z,2026-06-06,3,17,8,47.06
2026-06-02T13:31:06Z,2026-06-02,1,17,10.5,61.76
2026-06-02T13:31:06Z,2026-06-02,2,17,5,29.41
2026-06-02T13:31:06Z,2026-06-02,3,17,6,35.29
2026-06-02T13:31:11Z,2026-06-03,1,17,7,41.18
2026-06-02T13:31:11Z,2026-06-03,2,17,8,47.06
2026-06-02T13:31:11Z,2026-06-03,3,17,2,11.76
2026-06-02T13:31:16Z,2026-06-04,1,17,5,29.41
2026-06-02T13:31:16Z,2026-06-04,2,17,6,35.29
2026-06-02T13:31:16Z,2026-06-04,3,17,5,29.41
2026-06-02T13:31:21Z,2026-06-05,1,17,7,41.18
2026-06-02T13:31:21Z,2026-06-05,2,17,6,35.29
2026-06-02T13:31:21Z,2026-06-05,3,17,4,23.53
2026-06-02T13:31:26Z,2026-06-06,1,17,2,11.76
2026-06-02T13:31:26Z,2026-06-06,2,17,6,35.29
2026-06-02T13:31:26Z,2026-06-06,3,17,8,47.06
2026-06-02T14:01:03Z,2026-06-02,1,17,10.5,61.76
2026-06-02T14:01:03Z,2026-06-02,2,17,5,29.41
2026-06-02T14:01:03Z,2026-06-02,3,17,6,35.29
2026-06-02T14:01:08Z,2026-06-03,1,17,7,41.18
2026-06-02T14:01:08Z,2026-06-03,2,17,8,47.06
2026-06-02T14:01:08Z,2026-06-03,3,17,2,11.76
2026-06-02T14:01:13Z,2026-06-04,1,17,5,29.41
2026-06-02T14:01:13Z,2026-06-04,2,17,6,35.29
2026-06-02T14:01:13Z,2026-06-04,3,17,5,29.41
2026-06-02T14:01:18Z,2026-06-05,1,17,7,41.18
2026-06-02T14:01:18Z,2026-06-05,2,17,6,35.29
2026-06-02T14:01:18Z,2026-06-05,3,17,4,23.53
2026-06-02T14:01:24Z,2026-06-06,1,17,2,11.76
2026-06-02T14:01:24Z,2026-06-06,2,17,6,35.29
2026-06-02T14:01:24Z,2026-06-06,3,17,8,47.06
2026-06-02T14:10:59Z,2026-06-02,1,17,10.5,61.76
2026-06-02T14:10:59Z,2026-06-02,2,17,5,29.41
2026-06-02T14:10:59Z,2026-06-02,3,17,6,35.29
2026-06-02T14:11:05Z,2026-06-03,1,17,7,41.18
2026-06-02T14:11:05Z,2026-06-03,2,17,8,47.06
2026-06-02T14:11:05Z,2026-06-03,3,17,2,11.76
2026-06-02T14:11:10Z,2026-06-04,1,17,5,29.41
2026-06-02T14:11:10Z,2026-06-04,2,17,6,35.29
2026-06-02T14:11:10Z,2026-06-04,3,17,5,29.41
2026-06-02T14:11:15Z,2026-06-05,1,17,7,41.18
2026-06-02T14:11:15Z,2026-06-05,2,17,6,35.29
2026-06-02T14:11:15Z,2026-06-05,3,17,4,23.53
2026-06-02T14:11:20Z,2026-06-06,1,17,2,11.76
2026-06-02T14:11:20Z,2026-06-06,2,17,6,35.29
2026-06-02T14:11:20Z,2026-06-06,3,17,8,47.06
2026-06-02T14:31:02Z,2026-06-02,1,17,10.5,61.76
2026-06-02T14:31:02Z,2026-06-02,2,17,5,29.41
2026-06-02T14:31:02Z,2026-06-02,3,17,7.5,44.12
2026-06-02T14:31:07Z,2026-06-03,1,17,7,41.18
2026-06-02T14:31:07Z,2026-06-03,2,17,8,47.06
2026-06-02T14:31:07Z,2026-06-03,3,17,2,11.76
2026-06-02T14:31:12Z,2026-06-04,1,17,5,29.41
2026-06-02T14:31:12Z,2026-06-04,2,17,6,35.29
2026-06-02T14:31:12Z,2026-06-04,3,17,5,29.41
2026-06-02T14:31:18Z,2026-06-05,1,17,7,41.18
2026-06-02T14:31:18Z,2026-06-05,2,17,6,35.29
2026-06-02T14:31:18Z,2026-06-05,3,17,4,23.53
2026-06-02T14:31:23Z,2026-06-06,1,17,2,11.76
2026-06-02T14:31:23Z,2026-06-06,2,17,6,35.29
2026-06-02T14:31:23Z,2026-06-06,3,17,8,47.06
2026-06-02T15:01:14Z,2026-06-02,1,17,10.5,61.76
2026-06-02T15:01:14Z,2026-06-02,2,17,5,29.41
2026-06-02T15:01:14Z,2026-06-02,3,17,7.5,44.12
2026-06-02T15:01:19Z,2026-06-03,1,17,7,41.18
2026-06-02T15:01:19Z,2026-06-03,2,17,8,47.06
2026-06-02T15:01:19Z,2026-06-03,3,17,2,11.76
2026-06-02T15:01:24Z,2026-06-04,1,17,5,29.41
2026-06-02T15:01:24Z,2026-06-04,2,17,6,35.29
2026-06-02T15:01:24Z,2026-06-04,3,17,5,29.41
2026-06-02T15:01:29Z,2026-06-05,1,17,7,41.18
2026-06-02T15:01:29Z,2026-06-05,2,17,6,35.29
2026-06-02T15:01:29Z,2026-06-05,3,17,4,23.53
2026-06-02T15:01:34Z,2026-06-06,1,17,2,11.76
2026-06-02T15:01:34Z,2026-06-06,2,17,6,35.29
2026-06-02T15:01:34Z,2026-06-06,3,17,8,47.06
2026-06-02T15:06:00Z,2026-06-02,1,17,10.5,61.76
2026-06-02T15:06:00Z,2026-06-02,2,17,5,29.41
2026-06-02T15:06:00Z,2026-06-02,3,17,7.5,44.12
2026-06-02T15:06:05Z,2026-06-03,1,17,7,41.18
2026-06-02T15:06:05Z,2026-06-03,2,17,8,47.06
2026-06-02T15:06:05Z,2026-06-03,3,17,2,11.76
2026-06-02T15:06:10Z,2026-06-04,1,17,5,29.41
2026-06-02T15:06:10Z,2026-06-04,2,17,6,35.29
2026-06-02T15:06:10Z,2026-06-04,3,17,5,29.41
2026-06-02T15:06:15Z,2026-06-05,1,17,7,41.18
2026-06-02T15:06:15Z,2026-06-05,2,17,6,35.29
2026-06-02T15:06:15Z,2026-06-05,3,17,4,23.53
2026-06-02T15:06:20Z,2026-06-06,1,17,2,11.76
2026-06-02T15:06:20Z,2026-06-06,2,17,6,35.29
2026-06-02T15:06:20Z,2026-06-06,3,17,8,47.06
2026-06-02T15:31:25Z,2026-06-02,1,17,10.5,61.76
2026-06-02T15:31:25Z,2026-06-02,2,17,5,29.41
2026-06-02T15:31:25Z,2026-06-02,3,17,7.5,44.12
2026-06-02T15:31:30Z,2026-06-03,1,17,7,41.18
2026-06-02T15:31:30Z,2026-06-03,2,17,8,47.06
2026-06-02T15:31:30Z,2026-06-03,3,17,2,11.76
2026-06-02T15:31:35Z,2026-06-04,1,17,5,29.41
2026-06-02T15:31:35Z,2026-06-04,2,17,6,35.29
2026-06-02T15:31:35Z,2026-06-04,3,17,5,29.41
2026-06-02T15:31:41Z,2026-06-05,1,17,7,41.18
2026-06-02T15:31:41Z,2026-06-05,2,17,6,35.29
2026-06-02T15:31:41Z,2026-06-05,3,17,4,23.53
2026-06-02T15:31:46Z,2026-06-06,1,17,2,11.76
2026-06-02T15:31:46Z,2026-06-06,2,17,6,35.29
2026-06-02T15:31:46Z,2026-06-06,3,17,8,47.06
2026-06-02T15:35:59Z,2026-06-02,1,17,10.5,61.76
2026-06-02T15:35:59Z,2026-06-02,2,17,5,29.41
2026-06-02T15:35:59Z,2026-06-02,3,17,7.5,44.12
2026-06-02T15:36:04Z,2026-06-03,1,17,7,41.18
2026-06-02T15:36:04Z,2026-06-03,2,17,8,47.06
2026-06-02T15:36:04Z,2026-06-03,3,17,2,11.76
2026-06-02T15:36:09Z,2026-06-04,1,17,5,29.41
2026-06-02T15:36:09Z,2026-06-04,2,17,6,35.29
2026-06-02T15:36:09Z,2026-06-04,3,17,5,29.41
2026-06-02T15:36:14Z,2026-06-05,1,17,7,41.18
2026-06-02T15:36:14Z,2026-06-05,2,17,6,35.29
2026-06-02T15:36:14Z,2026-06-05,3,17,4,23.53
2026-06-02T15:36:19Z,2026-06-06,1,17,2,11.76
2026-06-02T15:36:19Z,2026-06-06,2,17,6,35.29
2026-06-02T15:36:19Z,2026-06-06,3,17,8,47.06
2026-06-02T16:11:01Z,2026-06-02,1,17,10.5,61.76
2026-06-02T16:11:01Z,2026-06-02,2,17,5,29.41
2026-06-02T16:11:01Z,2026-06-02,3,17,7.5,44.12
2026-06-02T16:11:06Z,2026-06-03,1,17,7,41.18
2026-06-02T16:11:06Z,2026-06-03,2,17,8,47.06
2026-06-02T16:11:06Z,2026-06-03,3,17,2,11.76
2026-06-02T16:11:11Z,2026-06-04,1,17,5,29.41
2026-06-02T16:11:11Z,2026-06-04,2,17,6,35.29
2026-06-02T16:11:11Z,2026-06-04,3,17,5,29.41
2026-06-02T16:11:16Z,2026-06-05,1,17,7,41.18
2026-06-02T16:11:16Z,2026-06-05,2,17,6,35.29
2026-06-02T16:11:16Z,2026-06-05,3,17,4,23.53
2026-06-02T16:11:21Z,2026-06-06,1,17,2,11.76
2026-06-02T16:11:21Z,2026-06-06,2,17,6,35.29
2026-06-02T16:11:21Z,2026-06-06,3,17,8,47.06
2026-06-02T16:35:58Z,2026-06-02,1,17,12.5,73.53
2026-06-02T16:35:58Z,2026-06-02,2,17,5,29.41
2026-06-02T16:35:58Z,2026-06-02,3,17,7.5,44.12
2026-06-02T16:36:03Z,2026-06-03,1,17,7,41.18
2026-06-02T16:36:03Z,2026-06-03,2,17,8,47.06
2026-06-02T16:36:03Z,2026-06-03,3,17,2,11.76
2026-06-02T16:36:08Z,2026-06-04,1,17,7,41.18
2026-06-02T16:36:08Z,2026-06-04,2,17,6,35.29
2026-06-02T16:36:08Z,2026-06-04,3,17,5,29.41
2026-06-02T16:36:13Z,2026-06-05,1,17,7,41.18
2026-06-02T16:36:13Z,2026-06-05,2,17,6,35.29
2026-06-02T16:36:13Z,2026-06-05,3,17,4,23.53
2026-06-02T16:36:18Z,2026-06-06,1,17,2,11.76
2026-06-02T16:36:18Z,2026-06-06,2,17,6,35.29
2026-06-02T16:36:18Z,2026-06-06,3,17,8,47.06
2026-06-02T16:55:56Z,2026-06-02,1,17,10.5,61.76
2026-06-02T16:55:56Z,2026-06-02,2,17,5,29.41
2026-06-02T16:55:56Z,2026-06-02,3,17,7.5,44.12
2026-06-02T16:56:01Z,2026-06-03,1,17,7,41.18
2026-06-02T16:56:01Z,2026-06-03,2,17,8,47.06
2026-06-02T16:56:01Z,2026-06-03,3,17,2,11.76
2026-06-02T16:56:06Z,2026-06-04,1,17,7,41.18
2026-06-02T16:56:06Z,2026-06-04,2,17,6,35.29
2026-06-02T16:56:06Z,2026-06-04,3,17,5,29.41
2026-06-02T16:56:11Z,2026-06-05,1,17,7,41.18
2026-06-02T16:56:11Z,2026-06-05,2,17,6,35.29
2026-06-02T16:56:11Z,2026-06-05,3,17,4,23.53
2026-06-02T16:56:16Z,2026-06-06,1,17,2,11.76
2026-06-02T16:56:16Z,2026-06-06,2,17,6,35.29
2026-06-02T16:56:16Z,2026-06-06,3,17,8,47.06
2026-06-02T18:16:01Z,2026-06-02,1,17,12.5,73.53
2026-06-02T18:16:01Z,2026-06-02,2,17,5,29.41
2026-06-02T18:16:01Z,2026-06-02,3,17,7.5,44.12
2026-06-02T18:16:06Z,2026-06-03,1,17,5,29.41
2026-06-02T18:16:06Z,2026-06-03,2,17,6,35.29
2026-06-02T18:16:06Z,2026-06-03,3,17,3,17.65
2026-06-02T18:16:12Z,2026-06-04,1,17,9,52.94
2026-06-02T18:16:12Z,2026-06-04,2,17,6,35.29
2026-06-02T18:16:12Z,2026-06-04,3,17,5,29.41
2026-06-02T18:16:17Z,2026-06-05,1,17,6,35.29
2026-06-02T18:16:17Z,2026-06-05,2,17,5,29.41
2026-06-02T18:16:17Z,2026-06-05,3,17,4,23.53
2026-06-02T18:16:22Z,2026-06-06,1,17,2,11.76
2026-06-02T18:16:22Z,2026-06-06,2,17,6,35.29
2026-06-02T18:16:22Z,2026-06-06,3,17,8,47.06
2026-06-02T18:45:56Z,2026-06-02,1,17,12.5,73.53
2026-06-02T18:45:56Z,2026-06-02,2,17,5,29.41
2026-06-02T18:45:56Z,2026-06-02,3,17,7.5,44.12
2026-06-02T18:46:01Z,2026-06-03,1,17,5,29.41
2026-06-02T18:46:01Z,2026-06-03,2,17,6,35.29
2026-06-02T18:46:01Z,2026-06-03,3,17,3,17.65
2026-06-02T18:46:06Z,2026-06-04,1,17,9,52.94
2026-06-02T18:46:06Z,2026-06-04,2,17,6,35.29
2026-06-02T18:46:06Z,2026-06-04,3,17,5,29.41
2026-06-02T18:46:11Z,2026-06-05,1,17,6,35.29
2026-06-02T18:46:11Z,2026-06-05,2,17,5,29.41
2026-06-02T18:46:11Z,2026-06-05,3,17,4,23.53
2026-06-02T18:46:16Z,2026-06-06,1,17,2,11.76
2026-06-02T18:46:16Z,2026-06-06,2,17,6,35.29
2026-06-02T18:46:16Z,2026-06-06,3,17,8,47.06
2026-06-02T18:56:04Z,2026-06-02,1,17,12.5,73.53
2026-06-02T18:56:04Z,2026-06-02,2,17,5,29.41
2026-06-02T18:56:04Z,2026-06-02,3,17,7.5,44.12
2026-06-02T18:56:09Z,2026-06-03,1,17,5,29.41
2026-06-02T18:56:09Z,2026-06-03,2,17,6,35.29
2026-06-02T18:56:09Z,2026-06-03,3,17,3,17.65
2026-06-02T18:56:14Z,2026-06-04,1,17,9,52.94
2026-06-02T18:56:14Z,2026-06-04,2,17,6,35.29
2026-06-02T18:56:14Z,2026-06-04,3,17,5,29.41
2026-06-02T18:56:19Z,2026-06-05,1,17,6,35.29
2026-06-02T18:56:19Z,2026-06-05,2,17,5,29.41
2026-06-02T18:56:19Z,2026-06-05,3,17,4,23.53
2026-06-02T18:56:24Z,2026-06-06,1,17,2,11.76
2026-06-02T18:56:24Z,2026-06-06,2,17,6,35.29
2026-06-02T18:56:24Z,2026-06-06,3,17,8,47.06
2026-06-02T19:20:59Z,2026-06-02,1,17,12.5,73.53
2026-06-02T19:20:59Z,2026-06-02,2,17,5,29.41
2026-06-02T19:20:59Z,2026-06-02,3,17,7.5,44.12
2026-06-02T19:21:04Z,2026-06-03,1,17,5,29.41
2026-06-02T19:21:04Z,2026-06-03,2,17,6,35.29
2026-06-02T19:21:04Z,2026-06-03,3,17,3,17.65
2026-06-02T19:21:09Z,2026-06-04,1,17,9,52.94
2026-06-02T19:21:09Z,2026-06-04,2,17,6,35.29
2026-06-02T19:21:09Z,2026-06-04,3,17,5,29.41
2026-06-02T19:21:14Z,2026-06-05,1,17,6,35.29
2026-06-02T19:21:14Z,2026-06-05,2,17,5,29.41
2026-06-02T19:21:14Z,2026-06-05,3,17,4,23.53
2026-06-02T19:21:19Z,2026-06-06,1,17,2,11.76
2026-06-02T19:21:19Z,2026-06-06,2,17,6,35.29
2026-06-02T19:21:19Z,2026-06-06,3,17,8,47.06
2026-06-02T19:35:54Z,2026-06-02,1,17,12.5,73.53
2026-06-02T19:35:54Z,2026-06-02,2,17,5,29.41
2026-06-02T19:35:54Z,2026-06-02,3,17,7.5,44.12
2026-06-02T19:35:59Z,2026-06-03,1,17,5,29.41
2026-06-02T19:35:59Z,2026-06-03,2,17,6,35.29
2026-06-02T19:35:59Z,2026-06-03,3,17,3,17.65
2026-06-02T19:36:05Z,2026-06-04,1,17,9,52.94
2026-06-02T19:36:05Z,2026-06-04,2,17,6,35.29
2026-06-02T19:36:05Z,2026-06-04,3,17,5,29.41
2026-06-02T19:36:10Z,2026-06-05,1,17,6,35.29
2026-06-02T19:36:10Z,2026-06-05,2,17,5,29.41
2026-06-02T19:36:10Z,2026-06-05,3,17,4,23.53
2026-06-02T19:36:15Z,2026-06-06,1,17,2,11.76
2026-06-02T19:36:15Z,2026-06-06,2,17,6,35.29
2026-06-02T19:36:15Z,2026-06-06,3,17,8,47.06
2026-06-02T19:50:57Z,2026-06-02,1,17,12.5,73.53
2026-06-02T19:50:57Z,2026-06-02,2,17,5,29.41
2026-06-02T19:50:57Z,2026-06-02,3,17,7.5,44.12
2026-06-02T19:51:02Z,2026-06-03,1,17,5,29.41
2026-06-02T19:51:02Z,2026-06-03,2,17,6,35.29
2026-06-02T19:51:02Z,2026-06-03,3,17,3,17.65
2026-06-02T19:51:08Z,2026-06-04,1,17,9,52.94
2026-06-02T19:51:08Z,2026-06-04,2,17,6,35.29
2026-06-02T19:51:08Z,2026-06-04,3,17,5,29.41
2026-06-02T19:51:13Z,2026-06-05,1,17,6,35.29
2026-06-02T19:51:13Z,2026-06-05,2,17,5,29.41
2026-06-02T19:51:13Z,2026-06-05,3,17,4,23.53
2026-06-02T19:51:18Z,2026-06-06,1,17,2,11.76
2026-06-02T19:51:18Z,2026-06-06,2,17,6,35.29
2026-06-02T19:51:18Z,2026-06-06,3,17,8,47.06
2026-06-02T20:55:51Z,2026-06-02,1,17,12.5,73.53
2026-06-02T20:55:51Z,2026-06-02,2,17,5,29.41
2026-06-02T20:55:51Z,2026-06-02,3,17,7.5,44.12
2026-06-02T20:55:57Z,2026-06-03,1,17,5,29.41
2026-06-02T20:55:57Z,2026-06-03,2,17,6,35.29
2026-06-02T20:55:57Z,2026-06-03,3,17,3,17.65
2026-06-02T20:56:02Z,2026-06-04,1,17,9,52.94
2026-06-02T20:56:02Z,2026-06-04,2,17,6,35.29
2026-06-02T20:56:02Z,2026-06-04,3,17,5,29.41
2026-06-02T20:56:07Z,2026-06-05,1,17,6,35.29
2026-06-02T20:56:07Z,2026-06-05,2,17,5,29.41
2026-06-02T20:56:07Z,2026-06-05,3,17,4,23.53
2026-06-02T20:56:12Z,2026-06-06,1,17,2,11.76
2026-06-02T20:56:12Z,2026-06-06,2,17,6,35.29
2026-06-02T20:56:12Z,2026-06-06,3,17,8,47.06
2026-06-02T21:05:56Z,2026-06-02,1,17,12.5,73.53
2026-06-02T21:05:56Z,2026-06-02,2,17,5,29.41
2026-06-02T21:05:56Z,2026-06-02,3,17,7.5,44.12
2026-06-02T21:06:02Z,2026-06-03,1,17,5,29.41
2026-06-02T21:06:02Z,2026-06-03,2,17,6,35.29
2026-06-02T21:06:02Z,2026-06-03,3,17,3,17.65
2026-06-02T21:06:07Z,2026-06-04,1,17,9,52.94
2026-06-02T21:06:07Z,2026-06-04,2,17,6,35.29
2026-06-02T21:06:07Z,2026-06-04,3,17,5,29.41
2026-06-02T21:06:12Z,2026-06-05,1,17,6,35.29
2026-06-02T21:06:12Z,2026-06-05,2,17,5,29.41
2026-06-02T21:06:12Z,2026-06-05,3,17,4,23.53
2026-06-02T21:06:17Z,2026-06-06,1,17,2,11.76
2026-06-02T21:06:17Z,2026-06-06,2,17,6,35.29
2026-06-02T21:06:17Z,2026-06-06,3,17,8,47.06
2026-06-02T21:40:54Z,2026-06-02,1,17,12.5,73.53
2026-06-02T21:40:54Z,2026-06-02,2,17,5,29.41
2026-06-02T21:40:54Z,2026-06-02,3,17,7.5,44.12
2026-06-02T21:40:59Z,2026-06-03,1,17,5,29.41
2026-06-02T21:40:59Z,2026-06-03,2,17,6,35.29
2026-06-02T21:40:59Z,2026-06-03,3,17,3,17.65
2026-06-02T21:41:04Z,2026-06-04,1,17,9,52.94
2026-06-02T21:41:04Z,2026-06-04,2,17,6,35.29
2026-06-02T21:41:04Z,2026-06-04,3,17,5,29.41
2026-06-02T21:41:09Z,2026-06-05,1,17,6,35.29
2026-06-02T21:41:09Z,2026-06-05,2,17,5,29.41
2026-06-02T21:41:09Z,2026-06-05,3,17,4,23.53
2026-06-02T21:41:14Z,2026-06-06,1,17,2,11.76
2026-06-02T21:41:14Z,2026-06-06,2,17,6,35.29
2026-06-02T21:41:14Z,2026-06-06,3,17,8,47.06
2026-06-02T21:55:54Z,2026-06-02,1,17,12.5,73.53
2026-06-02T21:55:54Z,2026-06-02,2,17,5,29.41
2026-06-02T21:55:54Z,2026-06-02,3,17,7.5,44.12
2026-06-02T21:55:59Z,2026-06-03,1,17,5,29.41
2026-06-02T21:55:59Z,2026-06-03,2,17,4,23.53
2026-06-02T21:55:59Z,2026-06-03,3,17,3,17.65
2026-06-02T21:56:04Z,2026-06-04,1,17,9,52.94
2026-06-02T21:56:04Z,2026-06-04,2,17,6,35.29
2026-06-02T21:56:04Z,2026-06-04,3,17,5,29.41
2026-06-02T21:56:09Z,2026-06-05,1,17,6,35.29
2026-06-02T21:56:09Z,2026-06-05,2,17,5,29.41
2026-06-02T21:56:09Z,2026-06-05,3,17,4,23.53
2026-06-02T21:56:14Z,2026-06-06,1,17,2,11.76
2026-06-02T21:56:14Z,2026-06-06,2,17,6,35.29
2026-06-02T21:56:14Z,2026-06-06,3,17,8,47.06
2026-06-02T22:10:52Z,2026-06-02,1,17,12.5,73.53
2026-06-02T22:10:52Z,2026-06-02,2,17,5,29.41
2026-06-02T22:10:52Z,2026-06-02,3,17,7.5,44.12
2026-06-02T22:10:57Z,2026-06-03,1,17,6,35.29
2026-06-02T22:10:57Z,2026-06-03,2,17,4,23.53
2026-06-02T22:10:57Z,2026-06-03,3,17,3,17.65
2026-06-02T22:11:02Z,2026-06-04,1,17,9,52.94
2026-06-02T22:11:02Z,2026-06-04,2,17,6,35.29
2026-06-02T22:11:02Z,2026-06-04,3,17,5,29.41
2026-06-02T22:11:07Z,2026-06-05,1,17,6,35.29
2026-06-02T22:11:07Z,2026-06-05,2,17,5,29.41
2026-06-02T22:11:07Z,2026-06-05,3,17,4,23.53
2026-06-02T22:11:12Z,2026-06-06,1,17,2,11.76
2026-06-02T22:11:12Z,2026-06-06,2,17,6,35.29
2026-06-02T22:11:12Z,2026-06-06,3,17,8,47.06
2026-06-02T22:30:54Z,2026-06-02,1,17,12.5,73.53
2026-06-02T22:30:54Z,2026-06-02,2,17,5,29.41
2026-06-02T22:30:54Z,2026-06-02,3,17,7.5,44.12
2026-06-02T22:30:59Z,2026-06-03,1,17,6,35.29
2026-06-02T22:30:59Z,2026-06-03,2,17,4,23.53
2026-06-02T22:30:59Z,2026-06-03,3,17,3,17.65
2026-06-02T22:31:04Z,2026-06-04,1,17,9,52.94
2026-06-02T22:31:04Z,2026-06-04,2,17,6,35.29
2026-06-02T22:31:04Z,2026-06-04,3,17,5,29.41
2026-06-02T22:31:10Z,2026-06-05,1,17,6,35.29
2026-06-02T22:31:10Z,2026-06-05,2,17,5,29.41
2026-06-02T22:31:10Z,2026-06-05,3,17,4,23.53
2026-06-02T22:31:15Z,2026-06-06,1,17,2,11.76
2026-06-02T22:31:15Z,2026-06-06,2,17,6,35.29
2026-06-02T22:31:15Z,2026-06-06,3,17,8,47.06
2026-06-02T22:35:48Z,2026-06-02,1,17,12.5,73.53
2026-06-02T22:35:48Z,2026-06-02,2,17,5,29.41
2026-06-02T22:35:48Z,2026-06-02,3,17,7.5,44.12
2026-06-02T22:35:54Z,2026-06-03,1,17,6,35.29
2026-06-02T22:35:54Z,2026-06-03,2,17,4,23.53
2026-06-02T22:35:54Z,2026-06-03,3,17,3,17.65
2026-06-02T22:35:59Z,2026-06-04,1,17,9,52.94
2026-06-02T22:35:59Z,2026-06-04,2,17,6,35.29
2026-06-02T22:35:59Z,2026-06-04,3,17,5,29.41
2026-06-02T22:36:04Z,2026-06-05,1,17,6,35.29
2026-06-02T22:36:04Z,2026-06-05,2,17,5,29.41
2026-06-02T22:36:04Z,2026-06-05,3,17,4,23.53
2026-06-02T22:36:09Z,2026-06-06,1,17,2,11.76
2026-06-02T22:36:09Z,2026-06-06,2,17,6,35.29
2026-06-02T22:36:09Z,2026-06-06,3,17,8,47.06
2026-06-02T22:40:54Z,2026-06-02,1,17,12.5,73.53
2026-06-02T22:40:54Z,2026-06-02,2,17,5,29.41
2026-06-02T22:40:54Z,2026-06-02,3,17,7.5,44.12
2026-06-02T22:40:59Z,2026-06-03,1,17,8,47.06
2026-06-02T22:40:59Z,2026-06-03,2,17,4,23.53
2026-06-02T22:40:59Z,2026-06-03,3,17,3,17.65
2026-06-02T22:41:04Z,2026-06-04,1,17,9,52.94
2026-06-02T22:41:04Z,2026-06-04,2,17,6,35.29
2026-06-02T22:41:04Z,2026-06-04,3,17,5,29.41
2026-06-02T22:41:09Z,2026-06-05,1,17,6,35.29
2026-06-02T22:41:09Z,2026-06-05,2,17,5,29.41
2026-06-02T22:41:09Z,2026-06-05,3,17,4,23.53
2026-06-02T22:41:14Z,2026-06-06,1,17,2,11.76
2026-06-02T22:41:14Z,2026-06-06,2,17,6,35.29
2026-06-02T22:41:14Z,2026-06-06,3,17,8,47.06
2026-06-02T23:00:56Z,2026-06-02,1,17,12.5,73.53
2026-06-02T23:00:56Z,2026-06-02,2,17,5,29.41
2026-06-02T23:00:56Z,2026-06-02,3,17,7.5,44.12
2026-06-02T23:01:01Z,2026-06-03,1,17,8,47.06
2026-06-02T23:01:01Z,2026-06-03,2,17,4,23.53
2026-06-02T23:01:01Z,2026-06-03,3,17,3,17.65
2026-06-02T23:01:06Z,2026-06-04,1,17,9,52.94
2026-06-02T23:01:06Z,2026-06-04,2,17,6,35.29
2026-06-02T23:01:06Z,2026-06-04,3,17,5,29.41
2026-06-02T23:01:12Z,2026-06-05,1,17,6,35.29
2026-06-02T23:01:12Z,2026-06-05,2,17,5,29.41
2026-06-02T23:01:12Z,2026-06-05,3,17,4,23.53
2026-06-02T23:01:17Z,2026-06-06,1,17,2,11.76
2026-06-02T23:01:17Z,2026-06-06,2,17,6,35.29
2026-06-02T23:01:17Z,2026-06-06,3,17,8,47.06
2026-06-02T23:55:51Z,2026-06-02,1,17,12.5,73.53
2026-06-02T23:55:51Z,2026-06-02,2,17,5,29.41
2026-06-02T23:55:51Z,2026-06-02,3,17,7.5,44.12
2026-06-02T23:55:56Z,2026-06-03,1,17,8,47.06
2026-06-02T23:55:56Z,2026-06-03,2,17,4,23.53
2026-06-02T23:55:56Z,2026-06-03,3,17,3,17.65
2026-06-02T23:56:01Z,2026-06-04,1,17,9,52.94
2026-06-02T23:56:01Z,2026-06-04,2,17,6,35.29
2026-06-02T23:56:01Z,2026-06-04,3,17,5,29.41
2026-06-02T23:56:07Z,2026-06-05,1,17,6,35.29
2026-06-02T23:56:07Z,2026-06-05,2,17,5,29.41
2026-06-02T23:56:07Z,2026-06-05,3,17,4,23.53
2026-06-02T23:56:12Z,2026-06-06,1,17,2,11.76
2026-06-02T23:56:12Z,2026-06-06,2,17,6,35.29
2026-06-02T23:56:12Z,2026-06-06,3,17,8,47.06
2026-06-03T00:35:53Z,2026-06-03,1,17,8,47.06
2026-06-03T00:35:53Z,2026-06-03,2,17,4,23.53
2026-06-03T00:35:53Z,2026-06-03,3,17,3,17.65
2026-06-03T00:35:58Z,2026-06-04,1,17,9,52.94
2026-06-03T00:35:58Z,2026-06-04,2,17,5,29.41
2026-06-03T00:35:58Z,2026-06-04,3,17,5,29.41
2026-06-03T00:36:03Z,2026-06-05,1,17,6,35.29
2026-06-03T00:36:03Z,2026-06-05,2,17,5,29.41
2026-06-03T00:36:03Z,2026-06-05,3,17,4,23.53
2026-06-03T00:36:09Z,2026-06-06,1,17,2,11.76
2026-06-03T00:36:09Z,2026-06-06,2,17,6,35.29
2026-06-03T00:36:09Z,2026-06-06,3,17,8,47.06
2026-06-03T00:41:04Z,2026-06-03,1,17,8,47.06
2026-06-03T00:41:04Z,2026-06-03,2,17,4,23.53
2026-06-03T00:41:04Z,2026-06-03,3,17,3,17.65
2026-06-03T00:41:09Z,2026-06-04,1,17,9,52.94
2026-06-03T00:41:09Z,2026-06-04,2,17,5,29.41
2026-06-03T00:41:09Z,2026-06-04,3,17,5,29.41
2026-06-03T00:41:14Z,2026-06-05,1,17,6,35.29
2026-06-03T00:41:14Z,2026-06-05,2,17,5,29.41
2026-06-03T00:41:14Z,2026-06-05,3,17,4,23.53
2026-06-03T00:41:19Z,2026-06-06,1,17,2,11.76
2026-06-03T00:41:19Z,2026-06-06,2,17,6,35.29
2026-06-03T00:41:19Z,2026-06-06,3,17,8,47.06
2026-06-03T00:45:49Z,2026-06-03,1,17,8,47.06
2026-06-03T00:45:49Z,2026-06-03,2,17,4,23.53
2026-06-03T00:45:49Z,2026-06-03,3,17,3,17.65
2026-06-03T00:45:54Z,2026-06-04,1,17,9,52.94
2026-06-03T00:45:54Z,2026-06-04,2,17,5,29.41
2026-06-03T00:45:54Z,2026-06-04,3,17,5,29.41
2026-06-03T00:46:00Z,2026-06-05,1,17,6,35.29
2026-06-03T00:46:00Z,2026-06-05,2,17,5,29.41
2026-06-03T00:46:00Z,2026-06-05,3,17,4,23.53
2026-06-03T00:46:05Z,2026-06-06,1,17,2,11.76
2026-06-03T00:46:05Z,2026-06-06,2,17,6,35.29
2026-06-03T00:46:05Z,2026-06-06,3,17,8,47.06
2026-06-03T00:50:56Z,2026-06-03,1,17,8,47.06
2026-06-03T00:50:56Z,2026-06-03,2,17,4,23.53
2026-06-03T00:50:56Z,2026-06-03,3,17,3,17.65
2026-06-03T00:51:01Z,2026-06-04,1,17,9,52.94
2026-06-03T00:51:01Z,2026-06-04,2,17,5,29.41
2026-06-03T00:51:01Z,2026-06-04,3,17,5,29.41
2026-06-03T00:51:06Z,2026-06-05,1,17,6,35.29
2026-06-03T00:51:06Z,2026-06-05,2,17,5,29.41
2026-06-03T00:51:06Z,2026-06-05,3,17,4,23.53
2026-06-03T00:51:11Z,2026-06-06,1,17,2,11.76
2026-06-03T00:51:11Z,2026-06-06,2,17,6,35.29
2026-06-03T00:51:11Z,2026-06-06,3,17,8,47.06
2026-06-03T09:01:01Z,2026-06-03,1,17,8,47.06
2026-06-03T09:01:01Z,2026-06-03,2,17,4,23.53
2026-06-03T09:01:01Z,2026-06-03,3,17,3,17.65
2026-06-03T09:01:06Z,2026-06-04,1,17,9,52.94
2026-06-03T09:01:06Z,2026-06-04,2,17,5,29.41
2026-06-03T09:01:06Z,2026-06-04,3,17,5,29.41
2026-06-03T09:01:11Z,2026-06-05,1,17,6,35.29
2026-06-03T09:01:11Z,2026-06-05,2,17,5,29.41
2026-06-03T09:01:11Z,2026-06-05,3,17,4,23.53
2026-06-03T09:01:16Z,2026-06-06,1,17,2,11.76
2026-06-03T09:01:16Z,2026-06-06,2,17,6,35.29
2026-06-03T09:01:16Z,2026-06-06,3,17,8,47.06
2026-06-03T09:06:00Z,2026-06-03,1,17,8,47.06
2026-06-03T09:06:00Z,2026-06-03,2,17,4,23.53
2026-06-03T09:06:00Z,2026-06-03,3,17,3,17.65
2026-06-03T09:06:05Z,2026-06-04,1,17,9,52.94
2026-06-03T09:06:05Z,2026-06-04,2,17,5,29.41
2026-06-03T09:06:05Z,2026-06-04,3,17,5,29.41
2026-06-03T09:06:10Z,2026-06-05,1,17,6,35.29
2026-06-03T09:06:10Z,2026-06-05,2,17,5,29.41
2026-06-03T09:06:10Z,2026-06-05,3,17,4,23.53
2026-06-03T09:06:15Z,2026-06-06,1,17,2,11.76
2026-06-03T09:06:15Z,2026-06-06,2,17,6,35.29
2026-06-03T09:06:15Z,2026-06-06,3,17,8,47.06
2026-06-03T09:50:57Z,2026-06-03,1,17,8,47.06
2026-06-03T09:50:57Z,2026-06-03,2,17,4,23.53
2026-06-03T09:50:57Z,2026-06-03,3,17,3,17.65
2026-06-03T09:51:02Z,2026-06-04,1,17,9,52.94
2026-06-03T09:51:02Z,2026-06-04,2,17,5,29.41
2026-06-03T09:51:02Z,2026-06-04,3,17,5,29.41
2026-06-03T09:51:07Z,2026-06-05,1,17,6,35.29
2026-06-03T09:51:07Z,2026-06-05,2,17,5,29.41
2026-06-03T09:51:07Z,2026-06-05,3,17,4,23.53
2026-06-03T09:51:12Z,2026-06-06,1,17,2,11.76
2026-06-03T09:51:12Z,2026-06-06,2,17,6,35.29
2026-06-03T09:51:12Z,2026-06-06,3,17,8,47.06
2026-06-03T10:12:56Z,2026-06-03,1,17,9,52.94
2026-06-03T10:12:56Z,2026-06-03,2,17,4,23.53
2026-06-03T10:12:56Z,2026-06-03,3,17,3,17.65
2026-06-03T10:13:01Z,2026-06-04,1,17,9,52.94
2026-06-03T10:13:01Z,2026-06-04,2,17,5,29.41
2026-06-03T10:13:01Z,2026-06-04,3,17,5,29.41
2026-06-03T10:13:06Z,2026-06-05,1,17,7,41.18
2026-06-03T10:13:06Z,2026-06-05,2,17,5,29.41
2026-06-03T10:13:06Z,2026-06-05,3,17,4,23.53
2026-06-03T10:13:11Z,2026-06-06,1,17,2,11.76
2026-06-03T10:13:11Z,2026-06-06,2,17,6,35.29
2026-06-03T10:13:11Z,2026-06-06,3,17,8,47.06
2026-06-03T10:16:01Z,2026-06-03,1,17,9,52.94
2026-06-03T10:16:01Z,2026-06-03,2,17,4,23.53
2026-06-03T10:16:01Z,2026-06-03,3,17,3,17.65
2026-06-03T10:16:06Z,2026-06-04,1,17,9,52.94
2026-06-03T10:16:06Z,2026-06-04,2,17,5,29.41
2026-06-03T10:16:06Z,2026-06-04,3,17,5,29.41
2026-06-03T10:16:11Z,2026-06-05,1,17,7,41.18
2026-06-03T10:16:11Z,2026-06-05,2,17,5,29.41
2026-06-03T10:16:11Z,2026-06-05,3,17,4,23.53
2026-06-03T10:16:16Z,2026-06-06,1,17,2,11.76
2026-06-03T10:16:16Z,2026-06-06,2,17,6,35.29
2026-06-03T10:16:16Z,2026-06-06,3,17,8,47.06
2026-06-03T11:20:54Z,2026-06-03,1,17,9,52.94
2026-06-03T11:20:54Z,2026-06-03,2,17,4,23.53
2026-06-03T11:20:54Z,2026-06-03,3,17,3,17.65
2026-06-03T11:20:59Z,2026-06-04,1,17,9,52.94
2026-06-03T11:20:59Z,2026-06-04,2,17,5,29.41
2026-06-03T11:20:59Z,2026-06-04,3,17,5,29.41
2026-06-03T11:21:04Z,2026-06-05,1,17,7,41.18
2026-06-03T11:21:04Z,2026-06-05,2,17,5,29.41
2026-06-03T11:21:04Z,2026-06-05,3,17,4,23.53
2026-06-03T11:21:09Z,2026-06-06,1,17,2,11.76
2026-06-03T11:21:09Z,2026-06-06,2,17,6,35.29
2026-06-03T11:21:09Z,2026-06-06,3,17,8,47.06
2026-06-03T11:31:01Z,2026-06-03,1,17,9,52.94
2026-06-03T11:31:01Z,2026-06-03,2,17,4,23.53
2026-06-03T11:31:01Z,2026-06-03,3,17,3,17.65
2026-06-03T11:31:06Z,2026-06-04,1,17,9,52.94
2026-06-03T11:31:06Z,2026-06-04,2,17,5,29.41
2026-06-03T11:31:06Z,2026-06-04,3,17,5,29.41
2026-06-03T11:31:11Z,2026-06-05,1,17,7,41.18
2026-06-03T11:31:11Z,2026-06-05,2,17,5,29.41
2026-06-03T11:31:11Z,2026-06-05,3,17,4,23.53
2026-06-03T11:31:16Z,2026-06-06,1,17,2,11.76
2026-06-03T11:31:16Z,2026-06-06,2,17,6,35.29
2026-06-03T11:31:16Z,2026-06-06,3,17,8,47.06
2026-06-03T12:41:06Z,2026-06-03,1,17,9,52.94
2026-06-03T12:41:06Z,2026-06-03,2,17,4,23.53
2026-06-03T12:41:06Z,2026-06-03,3,17,3,17.65
2026-06-03T12:41:11Z,2026-06-04,1,17,9,52.94
2026-06-03T12:41:11Z,2026-06-04,2,17,7,41.18
2026-06-03T12:41:11Z,2026-06-04,3,17,5,29.41
2026-06-03T12:41:16Z,2026-06-05,1,17,7,41.18
2026-06-03T12:41:16Z,2026-06-05,2,17,5,29.41
2026-06-03T12:41:16Z,2026-06-05,3,17,4,23.53
2026-06-03T12:41:21Z,2026-06-06,1,17,2,11.76
2026-06-03T12:41:21Z,2026-06-06,2,17,6,35.29
2026-06-03T12:41:21Z,2026-06-06,3,17,8,47.06
2026-06-03T12:50:57Z,2026-06-03,1,17,9,52.94
2026-06-03T12:50:57Z,2026-06-03,2,17,4,23.53
2026-06-03T12:50:57Z,2026-06-03,3,17,3,17.65
2026-06-03T12:51:02Z,2026-06-04,1,17,9,52.94
2026-06-03T12:51:02Z,2026-06-04,2,17,7,41.18
2026-06-03T12:51:02Z,2026-06-04,3,17,5,29.41
2026-06-03T12:51:07Z,2026-06-05,1,17,7,41.18
2026-06-03T12:51:07Z,2026-06-05,2,17,5,29.41
2026-06-03T12:51:07Z,2026-06-05,3,17,4,23.53
2026-06-03T12:51:12Z,2026-06-06,1,17,2,11.76
2026-06-03T12:51:12Z,2026-06-06,2,17,6,35.29
2026-06-03T12:51:12Z,2026-06-06,3,17,8,47.06
2026-06-03T12:55:58Z,2026-06-03,1,17,9,52.94
2026-06-03T12:55:58Z,2026-06-03,2,17,4,23.53
2026-06-03T12:55:58Z,2026-06-03,3,17,3,17.65
2026-06-03T12:56:03Z,2026-06-04,1,17,9,52.94
2026-06-03T12:56:03Z,2026-06-04,2,17,7,41.18
2026-06-03T12:56:03Z,2026-06-04,3,17,5,29.41
2026-06-03T12:56:08Z,2026-06-05,1,17,7,41.18
2026-06-03T12:56:08Z,2026-06-05,2,17,5,29.41
2026-06-03T12:56:08Z,2026-06-05,3,17,4,23.53
2026-06-03T12:56:13Z,2026-06-06,1,17,2,11.76
2026-06-03T12:56:13Z,2026-06-06,2,17,6,35.29
2026-06-03T12:56:13Z,2026-06-06,3,17,8,47.06
2026-06-03T13:20:59Z,2026-06-03,1,17,9,52.94
2026-06-03T13:20:59Z,2026-06-03,2,17,4,23.53
2026-06-03T13:20:59Z,2026-06-03,3,17,3,17.65
2026-06-03T13:21:04Z,2026-06-04,1,17,9,52.94
2026-06-03T13:21:04Z,2026-06-04,2,17,7,41.18
2026-06-03T13:21:04Z,2026-06-04,3,17,5,29.41
2026-06-03T13:21:10Z,2026-06-05,1,17,7,41.18
2026-06-03T13:21:10Z,2026-06-05,2,17,5,29.41
2026-06-03T13:21:10Z,2026-06-05,3,17,4,23.53
2026-06-03T13:21:15Z,2026-06-06,1,17,2,11.76
2026-06-03T13:21:15Z,2026-06-06,2,17,6,35.29
2026-06-03T13:21:15Z,2026-06-06,3,17,8,47.06
2026-06-03T14:31:11Z,2026-06-03,1,17,9,52.94
2026-06-03T14:31:11Z,2026-06-03,2,17,4,23.53
2026-06-03T14:31:11Z,2026-06-03,3,17,5,29.41
2026-06-03T14:31:16Z,2026-06-04,1,17,9,52.94
2026-06-03T14:31:16Z,2026-06-04,2,17,7,41.18
2026-06-03T14:31:16Z,2026-06-04,3,17,5,29.41
2026-06-03T14:31:21Z,2026-06-05,1,17,7,41.18
2026-06-03T14:31:21Z,2026-06-05,2,17,5,29.41
2026-06-03T14:31:21Z,2026-06-05,3,17,4,23.53
2026-06-03T14:31:26Z,2026-06-06,1,17,2,11.76
2026-06-03T14:31:26Z,2026-06-06,2,17,6,35.29
2026-06-03T14:31:26Z,2026-06-06,3,17,8,47.06
2026-06-03T16:25:59Z,2026-06-03,1,17,9,52.94
2026-06-03T16:25:59Z,2026-06-03,2,17,4,23.53
2026-06-03T16:25:59Z,2026-06-03,3,17,5,29.41
2026-06-03T16:26:05Z,2026-06-04,1,17,9,52.94
2026-06-03T16:26:05Z,2026-06-04,2,17,7,41.18
2026-06-03T16:26:05Z,2026-06-04,3,17,5,29.41
2026-06-03T16:26:10Z,2026-06-05,1,17,7,41.18
2026-06-03T16:26:10Z,2026-06-05,2,17,5,29.41
2026-06-03T16:26:10Z,2026-06-05,3,17,4,23.53
2026-06-03T16:26:15Z,2026-06-06,1,17,2,11.76
2026-06-03T16:26:15Z,2026-06-06,2,17,6,35.29
2026-06-03T16:26:15Z,2026-06-06,3,17,8,47.06
2026-06-03T16:40:57Z,2026-06-03,1,17,11,64.71
2026-06-03T16:40:57Z,2026-06-03,2,17,4,23.53
2026-06-03T16:40:57Z,2026-06-03,3,17,5,29.41
2026-06-03T16:41:03Z,2026-06-04,1,17,9,52.94
2026-06-03T16:41:03Z,2026-06-04,2,17,7,41.18
2026-06-03T16:41:03Z,2026-06-04,3,17,5,29.41
2026-06-03T16:41:08Z,2026-06-05,1,17,7,41.18
2026-06-03T16:41:08Z,2026-06-05,2,17,5,29.41
2026-06-03T16:41:08Z,2026-06-05,3,17,4,23.53
2026-06-03T16:41:13Z,2026-06-06,1,17,2,11.76
2026-06-03T16:41:13Z,2026-06-06,2,17,6,35.29
2026-06-03T16:41:13Z,2026-06-06,3,17,8,47.06
2026-06-03T18:16:07Z,2026-06-03,1,17,11,64.71
2026-06-03T18:16:07Z,2026-06-03,2,17,4,23.53
2026-06-03T18:16:07Z,2026-06-03,3,17,5,29.41
2026-06-03T18:16:12Z,2026-06-04,1,17,9,52.94
2026-06-03T18:16:12Z,2026-06-04,2,17,7,41.18
2026-06-03T18:16:12Z,2026-06-04,3,17,5,29.41
2026-06-03T18:16:17Z,2026-06-05,1,17,7,41.18
2026-06-03T18:16:17Z,2026-06-05,2,17,5,29.41
2026-06-03T18:16:17Z,2026-06-05,3,17,4,23.53
2026-06-03T18:16:22Z,2026-06-06,1,17,2,11.76
2026-06-03T18:16:22Z,2026-06-06,2,17,6,35.29
2026-06-03T18:16:22Z,2026-06-06,3,17,8,47.06
2026-06-03T18:46:05Z,2026-06-03,1,17,11,64.71
2026-06-03T18:46:05Z,2026-06-03,2,17,4,23.53
2026-06-03T18:46:05Z,2026-06-03,3,17,5,29.41
2026-06-03T18:46:10Z,2026-06-04,1,17,9,52.94
2026-06-03T18:46:10Z,2026-06-04,2,17,7,41.18
2026-06-03T18:46:10Z,2026-06-04,3,17,5,29.41
2026-06-03T18:46:15Z,2026-06-05,1,17,7,41.18
2026-06-03T18:46:15Z,2026-06-05,2,17,5,29.41
2026-06-03T18:46:15Z,2026-06-05,3,17,4,23.53
2026-06-03T18:46:20Z,2026-06-06,1,17,2,11.76
2026-06-03T18:46:20Z,2026-06-06,2,17,6,35.29
2026-06-03T18:46:20Z,2026-06-06,3,17,8,47.06
2026-06-03T18:56:05Z,2026-06-03,1,17,11,64.71
2026-06-03T18:56:05Z,2026-06-03,2,17,4,23.53
2026-06-03T18:56:05Z,2026-06-03,3,17,5,29.41
2026-06-03T18:56:10Z,2026-06-04,1,17,9,52.94
2026-06-03T18:56:10Z,2026-06-04,2,17,7,41.18
2026-06-03T18:56:10Z,2026-06-04,3,17,5,29.41
2026-06-03T18:56:16Z,2026-06-05,1,17,7,41.18
2026-06-03T18:56:16Z,2026-06-05,2,17,5,29.41
2026-06-03T18:56:16Z,2026-06-05,3,17,4,23.53
2026-06-03T18:56:21Z,2026-06-06,1,17,2,11.76
2026-06-03T18:56:21Z,2026-06-06,2,17,6,35.29
2026-06-03T18:56:21Z,2026-06-06,3,17,8,47.06
2026-06-03T19:16:03Z,2026-06-03,1,17,11,64.71
2026-06-03T19:16:03Z,2026-06-03,2,17,4,23.53
2026-06-03T19:16:03Z,2026-06-03,3,17,5,29.41
2026-06-03T19:16:08Z,2026-06-04,1,17,9,52.94
2026-06-03T19:16:08Z,2026-06-04,2,17,7,41.18
2026-06-03T19:16:08Z,2026-06-04,3,17,7,41.18
2026-06-03T19:16:13Z,2026-06-05,1,17,7,41.18
2026-06-03T19:16:13Z,2026-06-05,2,17,5,29.41
2026-06-03T19:16:13Z,2026-06-05,3,17,4,23.53
2026-06-03T19:16:19Z,2026-06-06,1,17,2,11.76
2026-06-03T19:16:19Z,2026-06-06,2,17,6,35.29
2026-06-03T19:16:19Z,2026-06-06,3,17,8,47.06
2026-06-03T19:31:14Z,2026-06-03,1,17,11,64.71
2026-06-03T19:31:14Z,2026-06-03,2,17,4,23.53
2026-06-03T19:31:14Z,2026-06-03,3,17,5,29.41
2026-06-03T19:31:19Z,2026-06-04,1,17,9,52.94
2026-06-03T19:31:19Z,2026-06-04,2,17,7,41.18
2026-06-03T19:31:19Z,2026-06-04,3,17,7,41.18
2026-06-03T19:31:24Z,2026-06-05,1,17,7,41.18
2026-06-03T19:31:24Z,2026-06-05,2,17,5,29.41
2026-06-03T19:31:24Z,2026-06-05,3,17,4,23.53
2026-06-03T19:31:29Z,2026-06-06,1,17,2,11.76
2026-06-03T19:31:29Z,2026-06-06,2,17,6,35.29
2026-06-03T19:31:29Z,2026-06-06,3,17,8,47.06
2026-06-03T19:36:00Z,2026-06-03,1,17,11,64.71
2026-06-03T19:36:00Z,2026-06-03,2,17,4,23.53
2026-06-03T19:36:00Z,2026-06-03,3,17,5,29.41
2026-06-03T19:36:05Z,2026-06-04,1,17,9,52.94
2026-06-03T19:36:05Z,2026-06-04,2,17,7,41.18
2026-06-03T19:36:05Z,2026-06-04,3,17,7,41.18
2026-06-03T19:36:10Z,2026-06-05,1,17,7,41.18
2026-06-03T19:36:10Z,2026-06-05,2,17,5,29.41
2026-06-03T19:36:10Z,2026-06-05,3,17,4,23.53
2026-06-03T19:36:15Z,2026-06-06,1,17,2,11.76
2026-06-03T19:36:15Z,2026-06-06,2,17,6,35.29
2026-06-03T19:36:15Z,2026-06-06,3,17,8,47.06
2026-06-03T19:51:09Z,2026-06-03,1,17,11,64.71
2026-06-03T19:51:09Z,2026-06-03,2,17,4,23.53
2026-06-03T19:51:09Z,2026-06-03,3,17,5,29.41
2026-06-03T19:51:14Z,2026-06-04,1,17,9,52.94
2026-06-03T19:51:14Z,2026-06-04,2,17,7,41.18
2026-06-03T19:51:14Z,2026-06-04,3,17,7,41.18
2026-06-03T19:51:20Z,2026-06-05,1,17,7,41.18
2026-06-03T19:51:20Z,2026-06-05,2,17,5,29.41
2026-06-03T19:51:20Z,2026-06-05,3,17,4,23.53
2026-06-03T19:51:25Z,2026-06-06,1,17,2,11.76
2026-06-03T19:51:25Z,2026-06-06,2,17,6,35.29
2026-06-03T19:51:25Z,2026-06-06,3,17,8,47.06
2026-06-03T20:01:09Z,2026-06-03,1,17,11,64.71
2026-06-03T20:01:09Z,2026-06-03,2,17,4,23.53
2026-06-03T20:01:09Z,2026-06-03,3,17,5,29.41
2026-06-03T20:01:14Z,2026-06-04,1,17,9,52.94
2026-06-03T20:01:14Z,2026-06-04,2,17,7,41.18
2026-06-03T20:01:14Z,2026-06-04,3,17,7,41.18
2026-06-03T20:01:19Z,2026-06-05,1,17,7,41.18
2026-06-03T20:01:19Z,2026-06-05,2,17,5,29.41
2026-06-03T20:01:19Z,2026-06-05,3,17,4,23.53
2026-06-03T20:01:24Z,2026-06-06,1,17,2,11.76
2026-06-03T20:01:24Z,2026-06-06,2,17,6,35.29
2026-06-03T20:01:24Z,2026-06-06,3,17,8,47.06
2026-06-03T20:06:01Z,2026-06-03,1,17,11,64.71
2026-06-03T20:06:01Z,2026-06-03,2,17,4,23.53
2026-06-03T20:06:01Z,2026-06-03,3,17,5,29.41
2026-06-03T20:06:07Z,2026-06-04,1,17,9,52.94
2026-06-03T20:06:07Z,2026-06-04,2,17,7,41.18
2026-06-03T20:06:07Z,2026-06-04,3,17,7,41.18
2026-06-03T20:06:12Z,2026-06-05,1,17,7,41.18
2026-06-03T20:06:12Z,2026-06-05,2,17,5,29.41
2026-06-03T20:06:12Z,2026-06-05,3,17,4,23.53
2026-06-03T20:06:17Z,2026-06-06,1,17,2,11.76
2026-06-03T20:06:17Z,2026-06-06,2,17,6,35.29
2026-06-03T20:06:17Z,2026-06-06,3,17,8,47.06
2026-06-03T20:36:10Z,2026-06-03,1,17,11,64.71
2026-06-03T20:36:10Z,2026-06-03,2,17,4,23.53
2026-06-03T20:36:10Z,2026-06-03,3,17,5,29.41
2026-06-03T20:36:15Z,2026-06-04,1,17,9,52.94
2026-06-03T20:36:15Z,2026-06-04,2,17,7,41.18
2026-06-03T20:36:15Z,2026-06-04,3,17,7,41.18
2026-06-03T20:36:20Z,2026-06-05,1,17,7,41.18
2026-06-03T20:36:20Z,2026-06-05,2,17,5,29.41
2026-06-03T20:36:20Z,2026-06-05,3,17,4,23.53
2026-06-03T20:36:25Z,2026-06-06,1,17,2,11.76
2026-06-03T20:36:25Z,2026-06-06,2,17,6,35.29
2026-06-03T20:36:25Z,2026-06-06,3,17,8,47.06
2026-06-03T20:45:59Z,2026-06-03,1,17,11,64.71
2026-06-03T20:45:59Z,2026-06-03,2,17,4,23.53
2026-06-03T20:45:59Z,2026-06-03,3,17,5,29.41
2026-06-03T20:46:04Z,2026-06-04,1,17,9,52.94
2026-06-03T20:46:04Z,2026-06-04,2,17,7,41.18
2026-06-03T20:46:04Z,2026-06-04,3,17,7,41.18
2026-06-03T20:46:09Z,2026-06-05,1,17,7,41.18
2026-06-03T20:46:09Z,2026-06-05,2,17,5,29.41
2026-06-03T20:46:09Z,2026-06-05,3,17,4,23.53
2026-06-03T20:46:15Z,2026-06-06,1,17,2,11.76
2026-06-03T20:46:15Z,2026-06-06,2,17,6,35.29
2026-06-03T20:46:15Z,2026-06-06,3,17,8,47.06
2026-06-03T21:06:10Z,2026-06-03,1,17,11,64.71
2026-06-03T21:06:10Z,2026-06-03,2,17,4,23.53
2026-06-03T21:06:10Z,2026-06-03,3,17,5,29.41
2026-06-03T21:06:15Z,2026-06-04,1,17,9,52.94
2026-06-03T21:06:15Z,2026-06-04,2,17,7,41.18
2026-06-03T21:06:15Z,2026-06-04,3,17,7,41.18
2026-06-03T21:06:20Z,2026-06-05,1,17,7,41.18
2026-06-03T21:06:20Z,2026-06-05,2,17,5,29.41
2026-06-03T21:06:20Z,2026-06-05,3,17,4,23.53
2026-06-03T21:06:25Z,2026-06-06,1,17,2,11.76
2026-06-03T21:06:25Z,2026-06-06,2,17,6,35.29
2026-06-03T21:06:25Z,2026-06-06,3,17,8,47.06
2026-06-03T21:31:15Z,2026-06-03,1,17,11,64.71
2026-06-03T21:31:15Z,2026-06-03,2,17,4,23.53
2026-06-03T21:31:15Z,2026-06-03,3,17,5,29.41
2026-06-03T21:31:20Z,2026-06-04,1,17,9,52.94
2026-06-03T21:31:20Z,2026-06-04,2,17,7,41.18
2026-06-03T21:31:20Z,2026-06-04,3,17,7,41.18
2026-06-03T21:31:25Z,2026-06-05,1,17,7,41.18
2026-06-03T21:31:25Z,2026-06-05,2,17,5,29.41
2026-06-03T21:31:25Z,2026-06-05,3,17,4,23.53
2026-06-03T21:31:30Z,2026-06-06,1,17,2,11.76
2026-06-03T21:31:30Z,2026-06-06,2,17,6,35.29
2026-06-03T21:31:30Z,2026-06-06,3,17,8,47.06
2026-06-03T21:45:55Z,2026-06-03,1,17,11,64.71
2026-06-03T21:45:55Z,2026-06-03,2,17,4,23.53
2026-06-03T21:45:55Z,2026-06-03,3,17,5,29.41
2026-06-03T21:46:00Z,2026-06-04,1,17,9,52.94
2026-06-03T21:46:00Z,2026-06-04,2,17,7,41.18
2026-06-03T21:46:00Z,2026-06-04,3,17,7,41.18
2026-06-03T21:46:05Z,2026-06-05,1,17,7,41.18
2026-06-03T21:46:05Z,2026-06-05,2,17,5,29.41
2026-06-03T21:46:05Z,2026-06-05,3,17,4,23.53
2026-06-03T21:46:10Z,2026-06-06,1,17,2,11.76
2026-06-03T21:46:10Z,2026-06-06,2,17,6,35.29
2026-06-03T21:46:10Z,2026-06-06,3,17,8,47.06
2026-06-03T22:05:59Z,2026-06-03,1,17,11,64.71
2026-06-03T22:05:59Z,2026-06-03,2,17,4,23.53
2026-06-03T22:05:59Z,2026-06-03,3,17,5,29.41
2026-06-03T22:06:04Z,2026-06-04,1,17,9,52.94
2026-06-03T22:06:04Z,2026-06-04,2,17,7,41.18
2026-06-03T22:06:04Z,2026-06-04,3,17,7,41.18
2026-06-03T22:06:09Z,2026-06-05,1,17,7,41.18
2026-06-03T22:06:09Z,2026-06-05,2,17,5,29.41
2026-06-03T22:06:09Z,2026-06-05,3,17,4,23.53
2026-06-03T22:06:14Z,2026-06-06,1,17,2,11.76
2026-06-03T22:06:14Z,2026-06-06,2,17,6,35.29
2026-06-03T22:06:14Z,2026-06-06,3,17,8,47.06
2026-06-03T23:01:02Z,2026-06-03,1,17,11,64.71
2026-06-03T23:01:02Z,2026-06-03,2,17,4,23.53
2026-06-03T23:01:02Z,2026-06-03,3,17,5,29.41
2026-06-03T23:01:07Z,2026-06-04,1,17,11,64.71
2026-06-03T23:01:07Z,2026-06-04,2,17,7,41.18
2026-06-03T23:01:07Z,2026-06-04,3,17,7,41.18
2026-06-03T23:01:12Z,2026-06-05,1,17,7,41.18
2026-06-03T23:01:12Z,2026-06-05,2,17,5,29.41
2026-06-03T23:01:12Z,2026-06-05,3,17,5,29.41
2026-06-03T23:01:17Z,2026-06-06,1,17,2,11.76
2026-06-03T23:01:17Z,2026-06-06,2,17,6,35.29
2026-06-03T23:01:17Z,2026-06-06,3,17,8,47.06
2026-06-04T00:01:09Z,2026-06-04,1,17,11,64.71
2026-06-04T00:01:09Z,2026-06-04,2,17,9,52.94
2026-06-04T00:01:09Z,2026-06-04,3,17,15,88.24
2026-06-04T00:01:15Z,2026-06-05,1,17,7,41.18
2026-06-04T00:01:15Z,2026-06-05,2,17,5,29.41
2026-06-04T00:01:15Z,2026-06-05,3,17,5,29.41
2026-06-04T00:01:20Z,2026-06-06,1,17,2,11.76
2026-06-04T00:01:20Z,2026-06-06,2,17,6,35.29
2026-06-04T00:01:20Z,2026-06-06,3,17,8,47.06
2026-06-04T00:11:02Z,2026-06-04,1,17,11,64.71
2026-06-04T00:11:02Z,2026-06-04,2,17,9,52.94
2026-06-04T00:11:02Z,2026-06-04,3,17,15,88.24
2026-06-04T00:11:07Z,2026-06-05,1,17,7,41.18
2026-06-04T00:11:07Z,2026-06-05,2,17,5,29.41
2026-06-04T00:11:07Z,2026-06-05,3,17,5,29.41
2026-06-04T00:11:12Z,2026-06-06,1,17,2,11.76
2026-06-04T00:11:12Z,2026-06-06,2,17,6,35.29
2026-06-04T00:11:12Z,2026-06-06,3,17,8,47.06
2026-06-04T00:20:54Z,2026-06-04,1,17,11,64.71
2026-06-04T00:20:54Z,2026-06-04,2,17,9,52.94
2026-06-04T00:20:54Z,2026-06-04,3,17,15,88.24
2026-06-04T00:20:59Z,2026-06-05,1,17,7,41.18
2026-06-04T00:20:59Z,2026-06-05,2,17,5,29.41
2026-06-04T00:20:59Z,2026-06-05,3,17,5,29.41
2026-06-04T00:21:04Z,2026-06-06,1,17,2,11.76
2026-06-04T00:21:04Z,2026-06-06,2,17,6,35.29
2026-06-04T00:21:04Z,2026-06-06,3,17,8,47.06
2026-06-04T00:25:58Z,2026-06-04,1,17,11,64.71
2026-06-04T00:25:58Z,2026-06-04,2,17,9,52.94
2026-06-04T00:25:58Z,2026-06-04,3,17,15,88.24
2026-06-04T00:26:03Z,2026-06-05,1,17,7,41.18
2026-06-04T00:26:03Z,2026-06-05,2,17,5,29.41
2026-06-04T00:26:03Z,2026-06-05,3,17,5,29.41
2026-06-04T00:26:09Z,2026-06-06,1,17,2,11.76
2026-06-04T00:26:09Z,2026-06-06,2,17,6,35.29
2026-06-04T00:26:09Z,2026-06-06,3,17,8,47.06
2026-06-04T00:30:56Z,2026-06-04,1,17,11,64.71
2026-06-04T00:30:56Z,2026-06-04,2,17,9,52.94
2026-06-04T00:30:56Z,2026-06-04,3,17,15,88.24
2026-06-04T00:31:01Z,2026-06-05,1,17,7,41.18
2026-06-04T00:31:01Z,2026-06-05,2,17,5,29.41
2026-06-04T00:31:01Z,2026-06-05,3,17,5,29.41
2026-06-04T00:31:06Z,2026-06-06,1,17,2,11.76
2026-06-04T00:31:06Z,2026-06-06,2,17,6,35.29
2026-06-04T00:31:06Z,2026-06-06,3,17,8,47.06
2026-06-04T00:40:55Z,2026-06-04,1,17,13,76.47
2026-06-04T00:40:55Z,2026-06-04,2,17,9,52.94
2026-06-04T00:40:55Z,2026-06-04,3,17,15,88.24
2026-06-04T00:41:01Z,2026-06-05,1,17,7,41.18
2026-06-04T00:41:01Z,2026-06-05,2,17,5,29.41
2026-06-04T00:41:01Z,2026-06-05,3,17,5,29.41
2026-06-04T00:41:06Z,2026-06-06,1,17,2,11.76
2026-06-04T00:41:06Z,2026-06-06,2,17,6,35.29
2026-06-04T00:41:06Z,2026-06-06,3,17,8,47.06
2026-06-04T09:01:01Z,2026-06-04,1,17,13,76.47
2026-06-04T09:01:01Z,2026-06-04,2,17,7,41.18
2026-06-04T09:01:01Z,2026-06-04,3,17,15,88.24
2026-06-04T09:01:06Z,2026-06-05,1,17,7,41.18
2026-06-04T09:01:06Z,2026-06-05,2,17,5,29.41
2026-06-04T09:01:06Z,2026-06-05,3,17,5,29.41
2026-06-04T09:01:11Z,2026-06-06,1,17,2,11.76
2026-06-04T09:01:11Z,2026-06-06,2,17,6,35.29
2026-06-04T09:01:11Z,2026-06-06,3,17,8,47.06
2026-06-04T09:20:58Z,2026-06-04,1,17,13,76.47
2026-06-04T09:20:58Z,2026-06-04,2,17,7,41.18
2026-06-04T09:20:58Z,2026-06-04,3,17,15,88.24
2026-06-04T09:21:03Z,2026-06-05,1,17,7,41.18
2026-06-04T09:21:03Z,2026-06-05,2,17,5,29.41
2026-06-04T09:21:03Z,2026-06-05,3,17,5,29.41
2026-06-04T09:21:08Z,2026-06-06,1,17,2,11.76
2026-06-04T09:21:08Z,2026-06-06,2,17,6,35.29
2026-06-04T09:21:08Z,2026-06-06,3,17,8,47.06
2026-06-04T09:55:53Z,2026-06-04,1,17,13,76.47
2026-06-04T09:55:53Z,2026-06-04,2,17,7,41.18
2026-06-04T09:55:53Z,2026-06-04,3,17,15,88.24
2026-06-04T09:55:58Z,2026-06-05,1,17,7,41.18
2026-06-04T09:55:58Z,2026-06-05,2,17,5,29.41
2026-06-04T09:55:58Z,2026-06-05,3,17,5,29.41
2026-06-04T09:56:03Z,2026-06-06,1,17,2,11.76
2026-06-04T09:56:03Z,2026-06-06,2,17,6,35.29
2026-06-04T09:56:03Z,2026-06-06,3,17,8,47.06
2026-06-04T10:01:09Z,2026-06-04,1,17,13,76.47
2026-06-04T10:01:09Z,2026-06-04,2,17,7,41.18
2026-06-04T10:01:09Z,2026-06-04,3,17,15,88.24
2026-06-04T10:01:14Z,2026-06-05,1,17,7,41.18
2026-06-04T10:01:14Z,2026-06-05,2,17,5,29.41
2026-06-04T10:01:14Z,2026-06-05,3,17,5,29.41
2026-06-04T10:01:19Z,2026-06-06,1,17,2,11.76
2026-06-04T10:01:19Z,2026-06-06,2,17,6,35.29
2026-06-04T10:01:19Z,2026-06-06,3,17,8,47.06
2026-06-04T10:30:58Z,2026-06-04,1,17,13,76.47
2026-06-04T10:30:58Z,2026-06-04,2,17,7,41.18
2026-06-04T10:30:58Z,2026-06-04,3,17,15,88.24
2026-06-04T10:31:03Z,2026-06-05,1,17,7,41.18
2026-06-04T10:31:03Z,2026-06-05,2,17,5,29.41
2026-06-04T10:31:03Z,2026-06-05,3,17,5,29.41
2026-06-04T10:31:08Z,2026-06-06,1,17,2,11.76
2026-06-04T10:31:08Z,2026-06-06,2,17,6,35.29
2026-06-04T10:31:08Z,2026-06-06,3,17,8,47.06
2026-06-04T10:35:58Z,2026-06-04,1,17,13,76.47
2026-06-04T10:35:58Z,2026-06-04,2,17,7,41.18
2026-06-04T10:35:58Z,2026-06-04,3,17,15,88.24
2026-06-04T10:36:04Z,2026-06-05,1,17,7,41.18
2026-06-04T10:36:04Z,2026-06-05,2,17,5,29.41
2026-06-04T10:36:04Z,2026-06-05,3,17,5,29.41
2026-06-04T10:36:09Z,2026-06-06,1,17,2,11.76
2026-06-04T10:36:09Z,2026-06-06,2,17,6,35.29
2026-06-04T10:36:09Z,2026-06-06,3,17,8,47.06
2026-06-04T11:56:03Z,2026-06-04,1,17,13,76.47
2026-06-04T11:56:03Z,2026-06-04,2,17,7,41.18
2026-06-04T11:56:03Z,2026-06-04,3,17,15,88.24
2026-06-04T11:56:08Z,2026-06-05,1,17,7,41.18
2026-06-04T11:56:08Z,2026-06-05,2,17,5,29.41
2026-06-04T11:56:08Z,2026-06-05,3,17,5,29.41
2026-06-04T11:56:13Z,2026-06-06,1,17,2,11.76
2026-06-04T11:56:13Z,2026-06-06,2,17,6,35.29
2026-06-04T11:56:13Z,2026-06-06,3,17,8,47.06
2026-06-04T12:10:51Z,2026-06-04,1,17,13,76.47
2026-06-04T12:10:51Z,2026-06-04,2,17,7,41.18
2026-06-04T12:10:51Z,2026-06-04,3,17,15,88.24
2026-06-04T12:10:56Z,2026-06-05,1,17,7,41.18
2026-06-04T12:10:56Z,2026-06-05,2,17,5,29.41
2026-06-04T12:10:56Z,2026-06-05,3,17,5,29.41
2026-06-04T12:11:01Z,2026-06-06,1,17,2,11.76
2026-06-04T12:11:01Z,2026-06-06,2,17,6,35.29
2026-06-04T12:11:01Z,2026-06-06,3,17,8,47.06
2026-06-04T12:50:56Z,2026-06-04,1,17,13,76.47
2026-06-04T12:50:56Z,2026-06-04,2,17,7,41.18
2026-06-04T12:50:56Z,2026-06-04,3,17,15,88.24
2026-06-04T12:51:01Z,2026-06-05,1,17,7,41.18
2026-06-04T12:51:01Z,2026-06-05,2,17,5,29.41
2026-06-04T12:51:01Z,2026-06-05,3,17,5,29.41
2026-06-04T12:51:06Z,2026-06-06,1,17,2,11.76
2026-06-04T12:51:06Z,2026-06-06,2,17,6,35.29
2026-06-04T12:51:06Z,2026-06-06,3,17,8,47.06
2026-06-04T13:05:57Z,2026-06-04,1,17,13,76.47
2026-06-04T13:05:57Z,2026-06-04,2,17,7,41.18
2026-06-04T13:05:57Z,2026-06-04,3,17,15,88.24
2026-06-04T13:06:02Z,2026-06-05,1,17,7,41.18
2026-06-04T13:06:02Z,2026-06-05,2,17,5,29.41
2026-06-04T13:06:02Z,2026-06-05,3,17,5,29.41
2026-06-04T13:06:07Z,2026-06-06,1,17,2,11.76
2026-06-04T13:06:07Z,2026-06-06,2,17,6,35.29
2026-06-04T13:06:07Z,2026-06-06,3,17,8,47.06
2026-06-04T13:25:57Z,2026-06-04,1,17,13,76.47
2026-06-04T13:25:57Z,2026-06-04,2,17,7,41.18
2026-06-04T13:25:57Z,2026-06-04,3,17,15,88.24
2026-06-04T13:26:03Z,2026-06-05,1,17,7,41.18
2026-06-04T13:26:03Z,2026-06-05,2,17,5,29.41
2026-06-04T13:26:03Z,2026-06-05,3,17,5,29.41
2026-06-04T13:26:08Z,2026-06-06,1,17,2,11.76
2026-06-04T13:26:08Z,2026-06-06,2,17,6,35.29
2026-06-04T13:26:08Z,2026-06-06,3,17,8,47.06
2026-06-04T13:30:59Z,2026-06-04,1,17,13,76.47
2026-06-04T13:30:59Z,2026-06-04,2,17,7,41.18
2026-06-04T13:30:59Z,2026-06-04,3,17,15,88.24
2026-06-04T13:31:05Z,2026-06-05,1,17,7,41.18
2026-06-04T13:31:05Z,2026-06-05,2,17,5,29.41
2026-06-04T13:31:05Z,2026-06-05,3,17,5,29.41
2026-06-04T13:31:10Z,2026-06-06,1,17,2,11.76
2026-06-04T13:31:10Z,2026-06-06,2,17,6,35.29
2026-06-04T13:31:10Z,2026-06-06,3,17,8,47.06
2026-06-04T13:40:59Z,2026-06-04,1,17,13,76.47
2026-06-04T13:40:59Z,2026-06-04,2,17,7,41.18
2026-06-04T13:40:59Z,2026-06-04,3,17,15,88.24
2026-06-04T13:41:04Z,2026-06-05,1,17,7,41.18
2026-06-04T13:41:04Z,2026-06-05,2,17,5,29.41
2026-06-04T13:41:04Z,2026-06-05,3,17,5,29.41
2026-06-04T13:41:09Z,2026-06-06,1,17,2,11.76
2026-06-04T13:41:09Z,2026-06-06,2,17,6,35.29
2026-06-04T13:41:09Z,2026-06-06,3,17,8,47.06
2026-06-04T14:11:02Z,2026-06-04,1,17,13,76.47
2026-06-04T14:11:02Z,2026-06-04,2,17,7,41.18
2026-06-04T14:11:02Z,2026-06-04,3,17,15,88.24
2026-06-04T14:11:07Z,2026-06-05,1,17,7,41.18
2026-06-04T14:11:07Z,2026-06-05,2,17,5,29.41
2026-06-04T14:11:07Z,2026-06-05,3,17,5,29.41
2026-06-04T14:11:12Z,2026-06-06,1,17,2,11.76
2026-06-04T14:11:12Z,2026-06-06,2,17,6,35.29
2026-06-04T14:11:12Z,2026-06-06,3,17,8,47.06
2026-06-04T14:20:57Z,2026-06-04,1,17,13,76.47
2026-06-04T14:20:57Z,2026-06-04,2,17,7,41.18
2026-06-04T14:20:57Z,2026-06-04,3,17,15,88.24
2026-06-04T14:21:02Z,2026-06-05,1,17,7,41.18
2026-06-04T14:21:02Z,2026-06-05,2,17,5,29.41
2026-06-04T14:21:02Z,2026-06-05,3,17,5,29.41
2026-06-04T14:21:08Z,2026-06-06,1,17,2,11.76
2026-06-04T14:21:08Z,2026-06-06,2,17,6,35.29
2026-06-04T14:21:08Z,2026-06-06,3,17,8,47.06
2026-06-04T14:55:59Z,2026-06-04,1,17,13,76.47
2026-06-04T14:55:59Z,2026-06-04,2,17,9,52.94
2026-06-04T14:55:59Z,2026-06-04,3,17,15,88.24
2026-06-04T14:56:04Z,2026-06-05,1,17,7,41.18
2026-06-04T14:56:04Z,2026-06-05,2,17,5,29.41
2026-06-04T14:56:04Z,2026-06-05,3,17,5,29.41
2026-06-04T14:56:09Z,2026-06-06,1,17,2,11.76
2026-06-04T14:56:09Z,2026-06-06,2,17,6,35.29
2026-06-04T14:56:09Z,2026-06-06,3,17,8,47.06
2026-06-04T15:10:58Z,2026-06-04,1,17,11,64.71
2026-06-04T15:10:58Z,2026-06-04,2,17,10,58.82
2026-06-04T15:10:58Z,2026-06-04,3,17,15,88.24
2026-06-04T15:11:03Z,2026-06-05,1,17,7,41.18
2026-06-04T15:11:03Z,2026-06-05,2,17,5,29.41
2026-06-04T15:11:03Z,2026-06-05,3,17,5,29.41
2026-06-04T15:11:08Z,2026-06-06,1,17,2,11.76
2026-06-04T15:11:08Z,2026-06-06,2,17,6,35.29
2026-06-04T15:11:08Z,2026-06-06,3,17,8,47.06
2026-06-04T15:25:58Z,2026-06-04,1,17,11,64.71
2026-06-04T15:25:58Z,2026-06-04,2,17,10,58.82
2026-06-04T15:25:58Z,2026-06-04,3,17,15,88.24
2026-06-04T15:26:03Z,2026-06-05,1,17,7,41.18
2026-06-04T15:26:03Z,2026-06-05,2,17,5,29.41
2026-06-04T15:26:03Z,2026-06-05,3,17,5,29.41
2026-06-04T15:26:08Z,2026-06-06,1,17,2,11.76
2026-06-04T15:26:08Z,2026-06-06,2,17,6,35.29
2026-06-04T15:26:08Z,2026-06-06,3,17,8,47.06
2026-06-04T15:31:04Z,2026-06-04,1,17,11,64.71
2026-06-04T15:31:04Z,2026-06-04,2,17,10,58.82
2026-06-04T15:31:04Z,2026-06-04,3,17,15,88.24
2026-06-04T15:31:09Z,2026-06-05,1,17,7,41.18
2026-06-04T15:31:09Z,2026-06-05,2,17,5,29.41
2026-06-04T15:31:09Z,2026-06-05,3,17,5,29.41
2026-06-04T15:31:14Z,2026-06-06,1,17,2,11.76
2026-06-04T15:31:14Z,2026-06-06,2,17,6,35.29
2026-06-04T15:31:14Z,2026-06-06,3,17,8,47.06
2026-06-04T15:41:17Z,2026-06-04,1,17,11,64.71
2026-06-04T15:41:17Z,2026-06-04,2,17,10,58.82
2026-06-04T15:41:17Z,2026-06-04,3,17,15,88.24
2026-06-04T15:41:22Z,2026-06-05,1,17,7,41.18
2026-06-04T15:41:22Z,2026-06-05,2,17,5,29.41
2026-06-04T15:41:22Z,2026-06-05,3,17,5,29.41
2026-06-04T15:41:27Z,2026-06-06,1,17,2,11.76
2026-06-04T15:41:27Z,2026-06-06,2,17,6,35.29
2026-06-04T15:41:27Z,2026-06-06,3,17,8,47.06
2026-06-04T15:46:02Z,2026-06-04,1,17,11,64.71
2026-06-04T15:46:02Z,2026-06-04,2,17,10,58.82
2026-06-04T15:46:02Z,2026-06-04,3,17,15,88.24
2026-06-04T15:46:07Z,2026-06-05,1,17,7,41.18
2026-06-04T15:46:07Z,2026-06-05,2,17,5,29.41
2026-06-04T15:46:07Z,2026-06-05,3,17,5,29.41
2026-06-04T15:46:12Z,2026-06-06,1,17,2,11.76
2026-06-04T15:46:12Z,2026-06-06,2,17,6,35.29
2026-06-04T15:46:12Z,2026-06-06,3,17,8,47.06
2026-06-04T16:01:04Z,2026-06-04,1,17,11,64.71
2026-06-04T16:01:04Z,2026-06-04,2,17,10,58.82
2026-06-04T16:01:04Z,2026-06-04,3,17,15,88.24
2026-06-04T16:01:09Z,2026-06-05,1,17,7,41.18
2026-06-04T16:01:09Z,2026-06-05,2,17,5,29.41
2026-06-04T16:01:09Z,2026-06-05,3,17,5,29.41
2026-06-04T16:01:14Z,2026-06-06,1,17,2,11.76
2026-06-04T16:01:14Z,2026-06-06,2,17,6,35.29
2026-06-04T16:01:14Z,2026-06-06,3,17,8,47.06
2026-06-04T16:40:59Z,2026-06-04,1,17,11,64.71
2026-06-04T16:40:59Z,2026-06-04,2,17,10,58.82
2026-06-04T16:40:59Z,2026-06-04,3,17,15,88.24
2026-06-04T16:41:04Z,2026-06-05,1,17,7,41.18
2026-06-04T16:41:04Z,2026-06-05,2,17,5,29.41
2026-06-04T16:41:04Z,2026-06-05,3,17,5,29.41
2026-06-04T16:41:09Z,2026-06-06,1,17,2,11.76
2026-06-04T16:41:09Z,2026-06-06,2,17,6,35.29
2026-06-04T16:41:09Z,2026-06-06,3,17,8,47.06
2026-06-04T16:55:57Z,2026-06-04,1,17,11,64.71
2026-06-04T16:55:57Z,2026-06-04,2,17,10,58.82
2026-06-04T16:55:57Z,2026-06-04,3,17,15,88.24
2026-06-04T16:56:02Z,2026-06-05,1,17,7,41.18
2026-06-04T16:56:02Z,2026-06-05,2,17,5,29.41
2026-06-04T16:56:02Z,2026-06-05,3,17,7,41.18
2026-06-04T16:56:08Z,2026-06-06,1,17,2,11.76
2026-06-04T16:56:08Z,2026-06-06,2,17,6,35.29
2026-06-04T16:56:08Z,2026-06-06,3,17,8,47.06
2026-06-04T17:01:10Z,2026-06-04,1,17,11,64.71
2026-06-04T17:01:10Z,2026-06-04,2,17,10,58.82
2026-06-04T17:01:10Z,2026-06-04,3,17,15,88.24
2026-06-04T17:01:15Z,2026-06-05,1,17,7,41.18
2026-06-04T17:01:15Z,2026-06-05,2,17,5,29.41
2026-06-04T17:01:15Z,2026-06-05,3,17,7,41.18
2026-06-04T17:01:20Z,2026-06-06,1,17,2,11.76
2026-06-04T17:01:20Z,2026-06-06,2,17,6,35.29
2026-06-04T17:01:20Z,2026-06-06,3,17,8,47.06
2026-06-04T18:10:56Z,2026-06-04,1,17,11,64.71
2026-06-04T18:10:56Z,2026-06-04,2,17,10,58.82
2026-06-04T18:10:56Z,2026-06-04,3,17,15,88.24
2026-06-04T18:11:01Z,2026-06-05,1,17,7,41.18
2026-06-04T18:11:01Z,2026-06-05,2,17,5,29.41
2026-06-04T18:11:01Z,2026-06-05,3,17,7,41.18
2026-06-04T18:11:06Z,2026-06-06,1,17,2,11.76
2026-06-04T18:11:06Z,2026-06-06,2,17,6,35.29
2026-06-04T18:11:06Z,2026-06-06,3,17,8,47.06
2026-06-04T18:45:55Z,2026-06-04,1,17,11,64.71
2026-06-04T18:45:55Z,2026-06-04,2,17,10,58.82
2026-06-04T18:45:55Z,2026-06-04,3,17,15,88.24
2026-06-04T18:46:00Z,2026-06-05,1,17,7,41.18
2026-06-04T18:46:00Z,2026-06-05,2,17,5,29.41
2026-06-04T18:46:00Z,2026-06-05,3,17,7,41.18
2026-06-04T18:46:06Z,2026-06-06,1,17,2,11.76
2026-06-04T18:46:06Z,2026-06-06,2,17,6,35.29
2026-06-04T18:46:06Z,2026-06-06,3,17,8,47.06
2026-06-04T19:04:23Z,2026-06-04,1,17,11,64.71
2026-06-04T19:04:23Z,2026-06-04,2,17,10,58.82
2026-06-04T19:04:23Z,2026-06-04,3,17,15,88.24
2026-06-04T19:04:28Z,2026-06-05,1,17,7,41.18
2026-06-04T19:04:28Z,2026-06-05,2,17,5,29.41
2026-06-04T19:04:28Z,2026-06-05,3,17,7,41.18
2026-06-04T19:04:33Z,2026-06-06,1,17,2,11.76
2026-06-04T19:04:33Z,2026-06-06,2,17,6,35.29
2026-06-04T19:04:33Z,2026-06-06,3,17,8,47.06
2026-06-04T20:16:03Z,2026-06-04,1,17,11,64.71
2026-06-04T20:16:03Z,2026-06-04,2,17,10,58.82
2026-06-04T20:16:03Z,2026-06-04,3,17,15,88.24
2026-06-04T20:16:08Z,2026-06-05,1,17,7,41.18
2026-06-04T20:16:08Z,2026-06-05,2,17,5,29.41
2026-06-04T20:16:08Z,2026-06-05,3,17,7,41.18
2026-06-04T20:16:13Z,2026-06-06,1,17,2,11.76
2026-06-04T20:16:13Z,2026-06-06,2,17,6,35.29
2026-06-04T20:16:13Z,2026-06-06,3,17,8,47.06
2026-06-04T20:31:03Z,2026-06-04,1,17,11,64.71
2026-06-04T20:31:03Z,2026-06-04,2,17,10,58.82
2026-06-04T20:31:03Z,2026-06-04,3,17,15,88.24
2026-06-04T20:31:08Z,2026-06-05,1,17,7,41.18
2026-06-04T20:31:08Z,2026-06-05,2,17,5,29.41
2026-06-04T20:31:08Z,2026-06-05,3,17,7,41.18
2026-06-04T20:31:13Z,2026-06-06,1,17,2,11.76
2026-06-04T20:31:13Z,2026-06-06,2,17,6,35.29
2026-06-04T20:31:13Z,2026-06-06,3,17,8,47.06
2026-06-04T20:41:00Z,2026-06-04,1,17,11,64.71
2026-06-04T20:41:00Z,2026-06-04,2,17,10,58.82
2026-06-04T20:41:00Z,2026-06-04,3,17,15,88.24
2026-06-04T20:41:05Z,2026-06-05,1,17,7,41.18
2026-06-04T20:41:05Z,2026-06-05,2,17,5,29.41
2026-06-04T20:41:05Z,2026-06-05,3,17,7,41.18
2026-06-04T20:41:10Z,2026-06-06,1,17,2,11.76
2026-06-04T20:41:10Z,2026-06-06,2,17,6,35.29
2026-06-04T20:41:10Z,2026-06-06,3,17,8,47.06
2026-06-04T20:45:59Z,2026-06-04,1,17,11,64.71
2026-06-04T20:45:59Z,2026-06-04,2,17,10,58.82
2026-06-04T20:45:59Z,2026-06-04,3,17,15,88.24
2026-06-04T20:46:04Z,2026-06-05,1,17,7,41.18
2026-06-04T20:46:04Z,2026-06-05,2,17,5,29.41
2026-06-04T20:46:04Z,2026-06-05,3,17,7,41.18
2026-06-04T20:46:09Z,2026-06-06,1,17,2,11.76
2026-06-04T20:46:09Z,2026-06-06,2,17,6,35.29
2026-06-04T20:46:09Z,2026-06-06,3,17,8,47.06
2026-06-04T20:50:57Z,2026-06-04,1,17,11,64.71
2026-06-04T20:50:57Z,2026-06-04,2,17,10,58.82
2026-06-04T20:50:57Z,2026-06-04,3,17,15,88.24
2026-06-04T20:51:02Z,2026-06-05,1,17,7,41.18
2026-06-04T20:51:02Z,2026-06-05,2,17,5,29.41
2026-06-04T20:51:02Z,2026-06-05,3,17,7,41.18
2026-06-04T20:51:07Z,2026-06-06,1,17,2,11.76
2026-06-04T20:51:07Z,2026-06-06,2,17,6,35.29
2026-06-04T20:51:07Z,2026-06-06,3,17,8,47.06
2026-06-04T20:55:55Z,2026-06-04,1,17,11,64.71
2026-06-04T20:55:55Z,2026-06-04,2,17,10,58.82
2026-06-04T20:55:55Z,2026-06-04,3,17,15,88.24
2026-06-04T20:56:00Z,2026-06-05,1,17,7,41.18
2026-06-04T20:56:00Z,2026-06-05,2,17,5,29.41
2026-06-04T20:56:00Z,2026-06-05,3,17,7,41.18
2026-06-04T20:56:05Z,2026-06-06,1,17,2,11.76
2026-06-04T20:56:05Z,2026-06-06,2,17,6,35.29
2026-06-04T20:56:05Z,2026-06-06,3,17,8,47.06
2026-06-04T21:05:57Z,2026-06-04,1,17,11,64.71
2026-06-04T21:05:57Z,2026-06-04,2,17,10,58.82
2026-06-04T21:05:57Z,2026-06-04,3,17,15,88.24
2026-06-04T21:06:02Z,2026-06-05,1,17,7,41.18
2026-06-04T21:06:02Z,2026-06-05,2,17,5,29.41
2026-06-04T21:06:02Z,2026-06-05,3,17,7,41.18
2026-06-04T21:06:07Z,2026-06-06,1,17,2,11.76
2026-06-04T21:06:07Z,2026-06-06,2,17,6,35.29
2026-06-04T21:06:07Z,2026-06-06,3,17,8,47.06
2026-06-04T21:10:56Z,2026-06-04,1,17,11,64.71
2026-06-04T21:10:56Z,2026-06-04,2,17,10,58.82
2026-06-04T21:10:56Z,2026-06-04,3,17,15,88.24
2026-06-04T21:11:02Z,2026-06-05,1,17,7,41.18
2026-06-04T21:11:02Z,2026-06-05,2,17,5,29.41
2026-06-04T21:11:02Z,2026-06-05,3,17,7,41.18
2026-06-04T21:11:07Z,2026-06-06,1,17,2,11.76
2026-06-04T21:11:07Z,2026-06-06,2,17,6,35.29
2026-06-04T21:11:07Z,2026-06-06,3,17,8,47.06
2026-06-04T21:20:53Z,2026-06-04,1,17,11,64.71
2026-06-04T21:20:53Z,2026-06-04,2,17,10,58.82
2026-06-04T21:20:53Z,2026-06-04,3,17,15,88.24
2026-06-04T21:20:58Z,2026-06-05,1,17,7,41.18
2026-06-04T21:20:58Z,2026-06-05,2,17,5,29.41
2026-06-04T21:20:58Z,2026-06-05,3,17,7,41.18
2026-06-04T21:21:03Z,2026-06-06,1,17,2,11.76
2026-06-04T21:21:03Z,2026-06-06,2,17,6,35.29
2026-06-04T21:21:03Z,2026-06-06,3,17,8,47.06
2026-06-04T21:25:50Z,2026-06-04,1,17,11,64.71
2026-06-04T21:25:50Z,2026-06-04,2,17,10,58.82
2026-06-04T21:25:50Z,2026-06-04,3,17,15,88.24
2026-06-04T21:25:56Z,2026-06-05,1,17,7,41.18
2026-06-04T21:25:56Z,2026-06-05,2,17,5,29.41
2026-06-04T21:25:56Z,2026-06-05,3,17,7,41.18
2026-06-04T21:26:01Z,2026-06-06,1,17,2,11.76
2026-06-04T21:26:01Z,2026-06-06,2,17,6,35.29
2026-06-04T21:26:01Z,2026-06-06,3,17,8,47.06
2026-06-04T22:01:01Z,2026-06-04,1,17,11,64.71
2026-06-04T22:01:01Z,2026-06-04,2,17,10,58.82
2026-06-04T22:01:01Z,2026-06-04,3,17,15,88.24
2026-06-04T22:01:06Z,2026-06-05,1,17,7,41.18
2026-06-04T22:01:06Z,2026-06-05,2,17,5,29.41
2026-06-04T22:01:06Z,2026-06-05,3,17,7,41.18
2026-06-04T22:01:11Z,2026-06-06,1,17,2,11.76
2026-06-04T22:01:11Z,2026-06-06,2,17,6,35.29
2026-06-04T22:01:11Z,2026-06-06,3,17,8,47.06
2026-06-04T22:10:55Z,2026-06-04,1,17,11,64.71
2026-06-04T22:10:55Z,2026-06-04,2,17,10,58.82
2026-06-04T22:10:55Z,2026-06-04,3,17,15,88.24
2026-06-04T22:11:00Z,2026-06-05,1,17,7,41.18
2026-06-04T22:11:00Z,2026-06-05,2,17,5,29.41
2026-06-04T22:11:00Z,2026-06-05,3,17,7,41.18
2026-06-04T22:11:05Z,2026-06-06,1,17,2,11.76
2026-06-04T22:11:05Z,2026-06-06,2,17,6,35.29
2026-06-04T22:11:05Z,2026-06-06,3,17,8,47.06
2026-06-04T22:20:53Z,2026-06-04,1,17,11,64.71
2026-06-04T22:20:53Z,2026-06-04,2,17,10,58.82
2026-06-04T22:20:53Z,2026-06-04,3,17,15,88.24
2026-06-04T22:20:58Z,2026-06-05,1,17,7,41.18
2026-06-04T22:20:58Z,2026-06-05,2,17,5,29.41
2026-06-04T22:20:58Z,2026-06-05,3,17,7,41.18
2026-06-04T22:21:03Z,2026-06-06,1,17,2,11.76
2026-06-04T22:21:03Z,2026-06-06,2,17,6,35.29
2026-06-04T22:21:03Z,2026-06-06,3,17,8,47.06
2026-06-04T22:30:57Z,2026-06-04,1,17,11,64.71
2026-06-04T22:30:57Z,2026-06-04,2,17,10,58.82
2026-06-04T22:30:57Z,2026-06-04,3,17,15,88.24
2026-06-04T22:31:02Z,2026-06-05,1,17,7,41.18
2026-06-04T22:31:02Z,2026-06-05,2,17,5,29.41
2026-06-04T22:31:02Z,2026-06-05,3,17,7,41.18
2026-06-04T22:31:07Z,2026-06-06,1,17,2,11.76
2026-06-04T22:31:07Z,2026-06-06,2,17,6,35.29
2026-06-04T22:31:07Z,2026-06-06,3,17,8,47.06
2026-06-04T22:35:54Z,2026-06-04,1,17,11,64.71
2026-06-04T22:35:54Z,2026-06-04,2,17,10,58.82
2026-06-04T22:35:54Z,2026-06-04,3,17,15,88.24
2026-06-04T22:35:59Z,2026-06-05,1,17,7,41.18
2026-06-04T22:35:59Z,2026-06-05,2,17,5,29.41
2026-06-04T22:35:59Z,2026-06-05,3,17,7,41.18
2026-06-04T22:36:04Z,2026-06-06,1,17,2,11.76
2026-06-04T22:36:04Z,2026-06-06,2,17,6,35.29
2026-06-04T22:36:04Z,2026-06-06,3,17,8,47.06
2026-06-04T22:45:51Z,2026-06-04,1,17,11,64.71
2026-06-04T22:45:51Z,2026-06-04,2,17,10,58.82
2026-06-04T22:45:51Z,2026-06-04,3,17,15,88.24
2026-06-04T22:45:57Z,2026-06-05,1,17,7,41.18
2026-06-04T22:45:57Z,2026-06-05,2,17,5,29.41
2026-06-04T22:45:57Z,2026-06-05,3,17,7,41.18
2026-06-04T22:46:02Z,2026-06-06,1,17,2,11.76
2026-06-04T22:46:02Z,2026-06-06,2,17,6,35.29
2026-06-04T22:46:02Z,2026-06-06,3,17,8,47.06
2026-06-04T23:15:59Z,2026-06-04,1,17,11,64.71
2026-06-04T23:15:59Z,2026-06-04,2,17,10,58.82
2026-06-04T23:15:59Z,2026-06-04,3,17,15,88.24
2026-06-04T23:16:04Z,2026-06-05,1,17,7,41.18
2026-06-04T23:16:04Z,2026-06-05,2,17,5,29.41
2026-06-04T23:16:04Z,2026-06-05,3,17,7,41.18
2026-06-04T23:16:09Z,2026-06-06,1,17,2,11.76
2026-06-04T23:16:09Z,2026-06-06,2,17,6,35.29
2026-06-04T23:16:09Z,2026-06-06,3,17,8,47.06
2026-06-04T23:25:53Z,2026-06-04,1,17,11,64.71
2026-06-04T23:25:53Z,2026-06-04,2,17,10,58.82
2026-06-04T23:25:53Z,2026-06-04,3,17,15,88.24
2026-06-04T23:25:58Z,2026-06-05,1,17,7,41.18
2026-06-04T23:25:58Z,2026-06-05,2,17,6.5,38.24
2026-06-04T23:25:58Z,2026-06-05,3,17,7,41.18
2026-06-04T23:26:03Z,2026-06-06,1,17,2,11.76
2026-06-04T23:26:03Z,2026-06-06,2,17,6,35.29
2026-06-04T23:26:03Z,2026-06-06,3,17,8,47.06
2026-06-04T23:30:56Z,2026-06-04,1,17,11,64.71
2026-06-04T23:30:56Z,2026-06-04,2,17,10,58.82
2026-06-04T23:30:56Z,2026-06-04,3,17,15,88.24
2026-06-04T23:31:01Z,2026-06-05,1,17,7,41.18
2026-06-04T23:31:01Z,2026-06-05,2,17,6.5,38.24
2026-06-04T23:31:01Z,2026-06-05,3,17,7,41.18
2026-06-04T23:31:06Z,2026-06-06,1,17,2,11.76
2026-06-04T23:31:06Z,2026-06-06,2,17,6,35.29
2026-06-04T23:31:06Z,2026-06-06,3,17,8,47.06
2026-06-04T23:45:55Z,2026-06-04,1,17,11,64.71
2026-06-04T23:45:55Z,2026-06-04,2,17,10,58.82
2026-06-04T23:45:55Z,2026-06-04,3,17,15,88.24
2026-06-04T23:46:01Z,2026-06-05,1,17,7,41.18
2026-06-04T23:46:01Z,2026-06-05,2,17,6.5,38.24
2026-06-04T23:46:01Z,2026-06-05,3,17,7,41.18
2026-06-04T23:46:06Z,2026-06-06,1,17,2,11.76
2026-06-04T23:46:06Z,2026-06-06,2,17,6,35.29
2026-06-04T23:46:06Z,2026-06-06,3,17,8,47.06
2026-06-04T23:50:28Z,2026-06-04,1,17,11,64.71
2026-06-04T23:50:28Z,2026-06-04,2,17,10,58.82
2026-06-04T23:50:28Z,2026-06-04,3,17,15,88.24
2026-06-04T23:50:33Z,2026-06-05,1,17,7,41.18
2026-06-04T23:50:33Z,2026-06-05,2,17,6.5,38.24
2026-06-04T23:50:33Z,2026-06-05,3,17,7,41.18
2026-06-04T23:50:38Z,2026-06-06,1,17,2,11.76
2026-06-04T23:50:38Z,2026-06-06,2,17,6,35.29
2026-06-04T23:50:38Z,2026-06-06,3,17,8,47.06
2026-06-05T00:10:54Z,2026-06-05,1,17,7,41.18
2026-06-05T00:10:54Z,2026-06-05,2,17,6.5,38.24
2026-06-05T00:10:54Z,2026-06-05,3,17,7,41.18
2026-06-05T00:10:59Z,2026-06-06,1,17,2,11.76
2026-06-05T00:10:59Z,2026-06-06,2,17,6,35.29
2026-06-05T00:10:59Z,2026-06-06,3,17,8,47.06
2026-06-05T00:16:00Z,2026-06-05,1,17,7,41.18
2026-06-05T00:16:00Z,2026-06-05,2,17,6.5,38.24
2026-06-05T00:16:00Z,2026-06-05,3,17,7,41.18
2026-06-05T00:16:05Z,2026-06-06,1,17,2,11.76
2026-06-05T00:16:05Z,2026-06-06,2,17,6,35.29
2026-06-05T00:16:05Z,2026-06-06,3,17,8,47.06
2026-06-05T00:20:55Z,2026-06-05,1,17,7,41.18
2026-06-05T00:20:55Z,2026-06-05,2,17,6.5,38.24
2026-06-05T00:20:55Z,2026-06-05,3,17,7,41.18
2026-06-05T00:21:00Z,2026-06-06,1,17,2,11.76
2026-06-05T00:21:00Z,2026-06-06,2,17,6,35.29
2026-06-05T00:21:00Z,2026-06-06,3,17,8,47.06
2026-06-05T00:31:01Z,2026-06-05,1,17,7,41.18
2026-06-05T00:31:01Z,2026-06-05,2,17,6.5,38.24
2026-06-05T00:31:01Z,2026-06-05,3,17,7,41.18
2026-06-05T00:31:06Z,2026-06-06,1,17,2,11.76
2026-06-05T00:31:06Z,2026-06-06,2,17,6,35.29
2026-06-05T00:31:06Z,2026-06-06,3,17,8,47.06
2026-06-05T09:05:56Z,2026-06-05,1,17,7,41.18
2026-06-05T09:05:56Z,2026-06-05,2,17,6.5,38.24
2026-06-05T09:05:56Z,2026-06-05,3,17,7,41.18
2026-06-05T09:06:01Z,2026-06-06,1,17,2,11.76
2026-06-05T09:06:01Z,2026-06-06,2,17,6,35.29
2026-06-05T09:06:01Z,2026-06-06,3,17,8,47.06
2026-06-05T09:25:57Z,2026-06-05,1,17,7,41.18
2026-06-05T09:25:57Z,2026-06-05,2,17,6.5,38.24
2026-06-05T09:25:57Z,2026-06-05,3,17,7,41.18
2026-06-05T09:26:02Z,2026-06-06,1,17,2,11.76
2026-06-05T09:26:02Z,2026-06-06,2,17,6,35.29
2026-06-05T09:26:02Z,2026-06-06,3,17,8,47.06
2026-06-05T09:30:56Z,2026-06-05,1,17,7,41.18
2026-06-05T09:30:56Z,2026-06-05,2,17,6.5,38.24
2026-06-05T09:30:56Z,2026-06-05,3,17,7,41.18
2026-06-05T09:31:01Z,2026-06-06,1,17,2,11.76
2026-06-05T09:31:01Z,2026-06-06,2,17,6,35.29
2026-06-05T09:31:01Z,2026-06-06,3,17,8,47.06
2026-06-05T09:55:57Z,2026-06-05,1,17,7,41.18
2026-06-05T09:55:57Z,2026-06-05,2,17,6.5,38.24
2026-06-05T09:55:57Z,2026-06-05,3,17,7,41.18
2026-06-05T09:56:02Z,2026-06-06,1,17,2,11.76
2026-06-05T09:56:02Z,2026-06-06,2,17,6,35.29
2026-06-05T09:56:02Z,2026-06-06,3,17,8,47.06
2026-06-05T10:05:55Z,2026-06-05,1,17,7,41.18
2026-06-05T10:05:55Z,2026-06-05,2,17,6.5,38.24
2026-06-05T10:05:55Z,2026-06-05,3,17,7,41.18
2026-06-05T10:06:00Z,2026-06-06,1,17,2,11.76
2026-06-05T10:06:00Z,2026-06-06,2,17,6,35.29
2026-06-05T10:06:00Z,2026-06-06,3,17,8,47.06
2026-06-05T10:20:54Z,2026-06-05,1,17,7,41.18
2026-06-05T10:20:54Z,2026-06-05,2,17,6.5,38.24
2026-06-05T10:20:54Z,2026-06-05,3,17,7,41.18
2026-06-05T10:20:59Z,2026-06-06,1,17,2,11.76
2026-06-05T10:20:59Z,2026-06-06,2,17,6,35.29
2026-06-05T10:20:59Z,2026-06-06,3,17,8,47.06
2026-06-05T10:50:55Z,2026-06-05,1,17,7,41.18
2026-06-05T10:50:55Z,2026-06-05,2,17,6.5,38.24
2026-06-05T10:50:55Z,2026-06-05,3,17,7,41.18
2026-06-05T10:51:00Z,2026-06-06,1,17,2,11.76
2026-06-05T10:51:00Z,2026-06-06,2,17,6,35.29
2026-06-05T10:51:00Z,2026-06-06,3,17,8,47.06
2026-06-05T11:05:54Z,2026-06-05,1,17,7,41.18
2026-06-05T11:05:54Z,2026-06-05,2,17,6.5,38.24
2026-06-05T11:05:54Z,2026-06-05,3,17,7,41.18
2026-06-05T11:05:59Z,2026-06-06,1,17,2,11.76
2026-06-05T11:05:59Z,2026-06-06,2,17,6,35.29
2026-06-05T11:05:59Z,2026-06-06,3,17,8,47.06
2026-06-05T11:25:51Z,2026-06-05,1,17,7,41.18
2026-06-05T11:25:51Z,2026-06-05,2,17,4.5,26.47
2026-06-05T11:25:51Z,2026-06-05,3,17,6,35.29
2026-06-05T11:25:56Z,2026-06-06,1,17,2,11.76
2026-06-05T11:25:56Z,2026-06-06,2,17,6,35.29
2026-06-05T11:25:56Z,2026-06-06,3,17,8,47.06
2026-06-05T11:30:58Z,2026-06-05,1,17,7,41.18
2026-06-05T11:30:58Z,2026-06-05,2,17,4.5,26.47
2026-06-05T11:30:58Z,2026-06-05,3,17,6,35.29
2026-06-05T11:31:03Z,2026-06-06,1,17,2,11.76
2026-06-05T11:31:03Z,2026-06-06,2,17,6,35.29
2026-06-05T11:31:03Z,2026-06-06,3,17,8,47.06
2026-06-05T12:16:38Z,2026-06-05,1,17,7,41.18
2026-06-05T12:16:38Z,2026-06-05,2,17,4.5,26.47
2026-06-05T12:16:38Z,2026-06-05,3,17,6,35.29
2026-06-05T12:16:43Z,2026-06-06,1,17,2,11.76
2026-06-05T12:16:43Z,2026-06-06,2,17,6,35.29
2026-06-05T12:16:43Z,2026-06-06,3,17,8,47.06
2026-06-05T12:25:56Z,2026-06-05,1,17,7,41.18
2026-06-05T12:25:56Z,2026-06-05,2,17,4.5,26.47
2026-06-05T12:25:56Z,2026-06-05,3,17,6,35.29
2026-06-05T12:26:02Z,2026-06-06,1,17,2,11.76
2026-06-05T12:26:02Z,2026-06-06,2,17,6,35.29
2026-06-05T12:26:02Z,2026-06-06,3,17,8,47.06
2026-06-05T12:40:57Z,2026-06-05,1,17,7,41.18
2026-06-05T12:40:57Z,2026-06-05,2,17,4.5,26.47
2026-06-05T12:40:57Z,2026-06-05,3,17,6,35.29
2026-06-05T12:41:02Z,2026-06-06,1,17,2,11.76
2026-06-05T12:41:02Z,2026-06-06,2,17,6,35.29
2026-06-05T12:41:02Z,2026-06-06,3,17,8,47.06
2026-06-05T12:55:57Z,2026-06-05,1,17,7,41.18
2026-06-05T12:55:57Z,2026-06-05,2,17,4.5,26.47
2026-06-05T12:55:57Z,2026-06-05,3,17,6,35.29
2026-06-05T12:56:02Z,2026-06-06,1,17,2,11.76
2026-06-05T12:56:02Z,2026-06-06,2,17,5,29.41
2026-06-05T12:56:02Z,2026-06-06,3,17,8,47.06
2026-06-05T13:06:28Z,2026-06-05,1,17,7,41.18
2026-06-05T13:06:28Z,2026-06-05,2,17,3.5,20.59
2026-06-05T13:06:28Z,2026-06-05,3,17,6,35.29
2026-06-05T13:06:33Z,2026-06-06,1,17,2,11.76
2026-06-05T13:06:33Z,2026-06-06,2,17,5,29.41
2026-06-05T13:06:33Z,2026-06-06,3,17,8,47.06
2026-06-05T13:35:55Z,2026-06-05,1,17,7,41.18
2026-06-05T13:35:55Z,2026-06-05,2,17,1.5,8.82
2026-06-05T13:35:55Z,2026-06-05,3,17,6,35.29
2026-06-05T13:36:00Z,2026-06-06,1,17,2,11.76
2026-06-05T13:36:00Z,2026-06-06,2,17,5,29.41
2026-06-05T13:36:00Z,2026-06-06,3,17,8,47.06
2026-06-05T15:16:08Z,2026-06-05,1,17,7,41.18
2026-06-05T15:16:08Z,2026-06-05,2,17,1.5,8.82
2026-06-05T15:16:08Z,2026-06-05,3,17,6,35.29
2026-06-05T15:16:13Z,2026-06-06,1,17,2,11.76
2026-06-05T15:16:13Z,2026-06-06,2,17,5,29.41
2026-06-05T15:16:13Z,2026-06-06,3,17,8,47.06
2026-06-05T15:20:54Z,2026-06-05,1,17,7,41.18
2026-06-05T15:20:54Z,2026-06-05,2,17,1.5,8.82
2026-06-05T15:20:54Z,2026-06-05,3,17,6,35.29
2026-06-05T15:20:59Z,2026-06-06,1,17,2,11.76
2026-06-05T15:20:59Z,2026-06-06,2,17,5,29.41
2026-06-05T15:20:59Z,2026-06-06,3,17,8,47.06
2026-06-05T16:00:56Z,2026-06-05,1,17,7,41.18
2026-06-05T16:00:56Z,2026-06-05,2,17,1.5,8.82
2026-06-05T16:00:56Z,2026-06-05,3,17,6,35.29
2026-06-05T16:01:01Z,2026-06-06,1,17,2,11.76
2026-06-05T16:01:01Z,2026-06-06,2,17,5,29.41
2026-06-05T16:01:01Z,2026-06-06,3,17,8,47.06
2026-06-05T16:20:58Z,2026-06-05,1,17,7,41.18
2026-06-05T16:20:58Z,2026-06-05,2,17,1.5,8.82
2026-06-05T16:20:58Z,2026-06-05,3,17,6,35.29
2026-06-05T16:21:03Z,2026-06-06,1,17,2,11.76
2026-06-05T16:21:03Z,2026-06-06,2,17,5,29.41
2026-06-05T16:21:03Z,2026-06-06,3,17,8,47.06
2026-06-05T17:06:02Z,2026-06-05,1,17,7,41.18
2026-06-05T17:06:02Z,2026-06-05,2,17,1.5,8.82
2026-06-05T17:06:02Z,2026-06-05,3,17,6,35.29
2026-06-05T17:06:07Z,2026-06-06,1,17,2,11.76
2026-06-05T17:06:07Z,2026-06-06,2,17,5,29.41
2026-06-05T17:06:07Z,2026-06-06,3,17,8,47.06
2026-06-05T17:31:05Z,2026-06-05,1,17,7,41.18
2026-06-05T17:31:05Z,2026-06-05,2,17,1.5,8.82
2026-06-05T17:31:05Z,2026-06-05,3,17,6,35.29
2026-06-05T17:31:10Z,2026-06-06,1,17,2,11.76
2026-06-05T17:31:10Z,2026-06-06,2,17,5,29.41
2026-06-05T17:31:10Z,2026-06-06,3,17,8,47.06
2026-06-05T17:36:02Z,2026-06-05,1,17,7,41.18
2026-06-05T17:36:02Z,2026-06-05,2,17,1.5,8.82
2026-06-05T17:36:02Z,2026-06-05,3,17,6,35.29
2026-06-05T17:36:07Z,2026-06-06,1,17,2,11.76
2026-06-05T17:36:07Z,2026-06-06,2,17,5,29.41
2026-06-05T17:36:07Z,2026-06-06,3,17,8,47.06
2026-06-05T18:21:05Z,2026-06-05,1,17,7,41.18
2026-06-05T18:21:05Z,2026-06-05,2,17,1.5,8.82
2026-06-05T18:21:05Z,2026-06-05,3,17,6,35.29
2026-06-05T18:21:10Z,2026-06-06,1,17,2,11.76
2026-06-05T18:21:10Z,2026-06-06,2,17,5,29.41
2026-06-05T18:21:10Z,2026-06-06,3,17,8,47.06
2026-06-05T19:45:57Z,2026-06-05,1,17,7,41.18
2026-06-05T19:45:57Z,2026-06-05,2,17,1.5,8.82
2026-06-05T19:45:57Z,2026-06-05,3,17,6,35.29
2026-06-05T19:46:02Z,2026-06-06,1,17,2,11.76
2026-06-05T19:46:02Z,2026-06-06,2,17,5,29.41
2026-06-05T19:46:02Z,2026-06-06,3,17,8,47.06
2026-06-05T20:01:04Z,2026-06-05,1,17,7,41.18
2026-06-05T20:01:04Z,2026-06-05,2,17,1.5,8.82
2026-06-05T20:01:04Z,2026-06-05,3,17,6,35.29
2026-06-05T20:01:09Z,2026-06-06,1,17,2,11.76
2026-06-05T20:01:09Z,2026-06-06,2,17,5,29.41
2026-06-05T20:01:09Z,2026-06-06,3,17,8,47.06
2026-06-05T20:05:57Z,2026-06-05,1,17,7,41.18
2026-06-05T20:05:57Z,2026-06-05,2,17,1.5,8.82
2026-06-05T20:05:57Z,2026-06-05,3,17,6,35.29
2026-06-05T20:06:02Z,2026-06-06,1,17,2,11.76
2026-06-05T20:06:02Z,2026-06-06,2,17,5,29.41
2026-06-05T20:06:02Z,2026-06-06,3,17,8,47.06
2026-06-05T20:16:12Z,2026-06-05,1,17,7,41.18
2026-06-05T20:16:12Z,2026-06-05,2,17,2.5,14.71
2026-06-05T20:16:12Z,2026-06-05,3,17,6,35.29
2026-06-05T20:16:17Z,2026-06-06,1,17,2,11.76
2026-06-05T20:16:17Z,2026-06-06,2,17,5,29.41
2026-06-05T20:16:17Z,2026-06-06,3,17,8,47.06
2026-06-05T20:20:55Z,2026-06-05,1,17,7,41.18
2026-06-05T20:20:55Z,2026-06-05,2,17,2.5,14.71
2026-06-05T20:20:55Z,2026-06-05,3,17,6,35.29
2026-06-05T20:21:00Z,2026-06-06,1,17,2,11.76
2026-06-05T20:21:00Z,2026-06-06,2,17,5,29.41
2026-06-05T20:21:00Z,2026-06-06,3,17,8,47.06
2026-06-05T20:25:58Z,2026-06-05,1,17,7,41.18
2026-06-05T20:25:58Z,2026-06-05,2,17,2.5,14.71
2026-06-05T20:25:58Z,2026-06-05,3,17,6,35.29
2026-06-05T20:26:04Z,2026-06-06,1,17,2,11.76
2026-06-05T20:26:04Z,2026-06-06,2,17,5,29.41
2026-06-05T20:26:04Z,2026-06-06,3,17,8,47.06
2026-06-05T20:55:58Z,2026-06-05,1,17,7,41.18
2026-06-05T20:55:58Z,2026-06-05,2,17,2.5,14.71
2026-06-05T20:55:58Z,2026-06-05,3,17,6,35.29
2026-06-05T20:56:03Z,2026-06-06,1,17,2,11.76
2026-06-05T20:56:03Z,2026-06-06,2,17,5,29.41
2026-06-05T20:56:03Z,2026-06-06,3,17,8,47.06
2026-06-05T21:00:57Z,2026-06-05,1,17,7,41.18
2026-06-05T21:00:57Z,2026-06-05,2,17,2.5,14.71
2026-06-05T21:00:57Z,2026-06-05,3,17,6,35.29
2026-06-05T21:01:02Z,2026-06-06,1,17,2,11.76
2026-06-05T21:01:02Z,2026-06-06,2,17,5,29.41
2026-06-05T21:01:02Z,2026-06-06,3,17,8,47.06
2026-06-05T21:10:55Z,2026-06-05,1,17,7,41.18
2026-06-05T21:10:55Z,2026-06-05,2,17,2.5,14.71
2026-06-05T21:10:55Z,2026-06-05,3,17,6,35.29
2026-06-05T21:11:00Z,2026-06-06,1,17,2,11.76
2026-06-05T21:11:00Z,2026-06-06,2,17,5,29.41
2026-06-05T21:11:00Z,2026-06-06,3,17,8,47.06
2026-06-05T22:40:55Z,2026-06-05,1,17,7,41.18
2026-06-05T22:40:55Z,2026-06-05,2,17,2.5,14.71
2026-06-05T22:40:55Z,2026-06-05,3,17,6,35.29
2026-06-05T22:41:00Z,2026-06-06,1,17,4,23.53
2026-06-05T22:41:00Z,2026-06-06,2,17,5,29.41
2026-06-05T22:41:00Z,2026-06-06,3,17,10,58.82
2026-06-05T22:50:54Z,2026-06-05,1,17,7,41.18
2026-06-05T22:50:54Z,2026-06-05,2,17,2.5,14.71
2026-06-05T22:50:54Z,2026-06-05,3,17,6,35.29
2026-06-05T22:50:59Z,2026-06-06,1,17,4,23.53
2026-06-05T22:50:59Z,2026-06-06,2,17,5,29.41
2026-06-05T22:50:59Z,2026-06-06,3,17,10,58.82
2026-06-05T23:06:08Z,2026-06-05,1,17,7,41.18
2026-06-05T23:06:08Z,2026-06-05,2,17,2.5,14.71
2026-06-05T23:06:08Z,2026-06-05,3,17,6,35.29
2026-06-05T23:06:13Z,2026-06-06,1,17,4,23.53
2026-06-05T23:06:13Z,2026-06-06,2,17,5,29.41
2026-06-05T23:06:13Z,2026-06-06,3,17,10,58.82
2026-06-05T23:30:56Z,2026-06-05,1,17,7,41.18
2026-06-05T23:30:56Z,2026-06-05,2,17,2.5,14.71
2026-06-05T23:30:56Z,2026-06-05,3,17,6,35.29
2026-06-05T23:31:01Z,2026-06-06,1,17,4,23.53
2026-06-05T23:31:01Z,2026-06-06,2,17,5,29.41
2026-06-05T23:31:01Z,2026-06-06,3,17,10,58.82
2026-06-05T23:50:56Z,2026-06-05,1,17,7,41.18
2026-06-05T23:50:56Z,2026-06-05,2,17,2.5,14.71
2026-06-05T23:50:56Z,2026-06-05,3,17,6,35.29
2026-06-05T23:51:01Z,2026-06-06,1,17,4,23.53
2026-06-05T23:51:01Z,2026-06-06,2,17,5,29.41
2026-06-05T23:51:01Z,2026-06-06,3,17,10,58.82
2026-06-06T00:35:59Z,2026-06-06,1,17,4,23.53
2026-06-06T00:35:59Z,2026-06-06,2,17,5,29.41
2026-06-06T00:35:59Z,2026-06-06,3,17,10,58.82
2026-06-06T00:45:54Z,2026-06-06,1,17,6,35.29
2026-06-06T00:45:54Z,2026-06-06,2,17,6,35.29
2026-06-06T00:45:54Z,2026-06-06,3,17,10,58.82
2026-06-06T09:00:59Z,2026-06-06,1,17,6,35.29
2026-06-06T09:00:59Z,2026-06-06,2,17,6,35.29
2026-06-06T09:00:59Z,2026-06-06,3,17,10,58.82
2026-06-06T09:10:54Z,2026-06-06,1,17,6,35.29
2026-06-06T09:10:54Z,2026-06-06,2,17,6,35.29
2026-06-06T09:10:54Z,2026-06-06,3,17,10,58.82
2026-06-06T09:20:53Z,2026-06-06,1,17,6,35.29
2026-06-06T09:20:53Z,2026-06-06,2,17,6,35.29
2026-06-06T09:20:53Z,2026-06-06,3,17,10,58.82
2026-06-06T09:50:57Z,2026-06-06,1,17,6,35.29
2026-06-06T09:50:57Z,2026-06-06,2,17,6,35.29
2026-06-06T09:50:57Z,2026-06-06,3,17,10,58.82
2026-06-06T10:00:59Z,2026-06-06,1,17,6,35.29
2026-06-06T10:00:59Z,2026-06-06,2,17,6,35.29
2026-06-06T10:00:59Z,2026-06-06,3,17,10,58.82
2026-06-06T10:15:56Z,2026-06-06,1,17,6,35.29
2026-06-06T10:15:56Z,2026-06-06,2,17,6,35.29
2026-06-06T10:15:56Z,2026-06-06,3,17,10,58.82
2026-06-06T10:20:54Z,2026-06-06,1,17,6,35.29
2026-06-06T10:20:54Z,2026-06-06,2,17,6,35.29
2026-06-06T10:20:54Z,2026-06-06,3,17,10,58.82
2026-06-06T10:25:52Z,2026-06-06,1,17,6,35.29
2026-06-06T10:25:52Z,2026-06-06,2,17,6,35.29
2026-06-06T10:25:52Z,2026-06-06,3,17,10,58.82
2026-06-06T10:31:01Z,2026-06-06,1,17,6,35.29
2026-06-06T10:31:01Z,2026-06-06,2,17,6,35.29
2026-06-06T10:31:01Z,2026-06-06,3,17,10,58.82
2026-06-06T10:35:54Z,2026-06-06,1,17,6,35.29
2026-06-06T10:35:54Z,2026-06-06,2,17,6,35.29
2026-06-06T10:35:54Z,2026-06-06,3,17,10,58.82
2026-06-06T10:51:02Z,2026-06-06,1,17,6,35.29
2026-06-06T10:51:02Z,2026-06-06,2,17,6,35.29
2026-06-06T10:51:02Z,2026-06-06,3,17,10,58.82
2026-06-06T11:05:52Z,2026-06-06,1,17,6,35.29
2026-06-06T11:05:52Z,2026-06-06,2,17,6,35.29
2026-06-06T11:05:52Z,2026-06-06,3,17,10,58.82
2026-06-06T11:15:56Z,2026-06-06,1,17,6,35.29
2026-06-06T11:15:56Z,2026-06-06,2,17,6,35.29
2026-06-06T11:15:56Z,2026-06-06,3,17,10,58.82
2026-06-06T11:25:55Z,2026-06-06,1,17,6,35.29
2026-06-06T11:25:55Z,2026-06-06,2,17,6,35.29
2026-06-06T11:25:55Z,2026-06-06,3,17,10,58.82
2026-06-06T12:08:48Z,2026-06-06,1,17,6,35.29
2026-06-06T12:08:48Z,2026-06-06,2,17,6,35.29
2026-06-06T12:08:48Z,2026-06-06,3,17,10,58.82
2026-06-06T12:45:59Z,2026-06-06,1,17,6,35.29
2026-06-06T12:45:59Z,2026-06-06,2,17,6,35.29
2026-06-06T12:45:59Z,2026-06-06,3,17,10,58.82
2026-06-06T13:00:56Z,2026-06-06,1,17,6,35.29
2026-06-06T13:00:56Z,2026-06-06,2,17,6,35.29
2026-06-06T13:00:56Z,2026-06-06,3,17,10,58.82
2026-06-06T13:10:55Z,2026-06-06,1,17,6,35.29
2026-06-06T13:10:55Z,2026-06-06,2,17,6,35.29
2026-06-06T13:10:55Z,2026-06-06,3,17,10,58.82
2026-06-06T13:16:04Z,2026-06-06,1,17,6,35.29
2026-06-06T13:16:04Z,2026-06-06,2,17,6,35.29
2026-06-06T13:16:04Z,2026-06-06,3,17,10,58.82
2026-06-06T13:30:51Z,2026-06-06,1,17,6,35.29
2026-06-06T13:30:51Z,2026-06-06,2,17,6,35.29
2026-06-06T13:30:51Z,2026-06-06,3,17,10,58.82
2026-06-06T13:45:54Z,2026-06-06,1,17,6,35.29
2026-06-06T13:45:54Z,2026-06-06,2,17,6,35.29
2026-06-06T13:45:54Z,2026-06-06,3,17,8,47.06
2026-06-06T13:51:01Z,2026-06-06,1,17,6,35.29
2026-06-06T13:51:01Z,2026-06-06,2,17,6,35.29
2026-06-06T13:51:01Z,2026-06-06,3,17,8,47.06
2026-06-06T14:05:51Z,2026-06-06,1,17,6,35.29
2026-06-06T14:05:51Z,2026-06-06,2,17,6,35.29
2026-06-06T14:05:51Z,2026-06-06,3,17,8,47.06
2026-06-06T14:10:57Z,2026-06-06,1,17,6,35.29
2026-06-06T14:10:57Z,2026-06-06,2,17,6,35.29
2026-06-06T14:10:57Z,2026-06-06,3,17,8,47.06
2026-06-06T14:25:54Z,2026-06-06,1,17,6,35.29
2026-06-06T14:25:54Z,2026-06-06,2,17,6,35.29
2026-06-06T14:25:54Z,2026-06-06,3,17,8,47.06
2026-06-06T14:31:00Z,2026-06-06,1,17,6,35.29
2026-06-06T14:31:00Z,2026-06-06,2,17,6,35.29
2026-06-06T14:31:00Z,2026-06-06,3,17,8,47.06
2026-06-06T15:35:50Z,2026-06-06,1,17,6,35.29
2026-06-06T15:35:50Z,2026-06-06,2,17,6,35.29
2026-06-06T15:35:50Z,2026-06-06,3,17,8,47.06
2026-06-06T15:51:01Z,2026-06-06,1,17,6,35.29
2026-06-06T15:51:01Z,2026-06-06,2,17,6,35.29
2026-06-06T15:51:01Z,2026-06-06,3,17,8,47.06
2026-06-06T15:55:56Z,2026-06-06,1,17,6,35.29
2026-06-06T15:55:56Z,2026-06-06,2,17,6,35.29
2026-06-06T15:55:56Z,2026-06-06,3,17,8,47.06
2026-06-06T16:05:53Z,2026-06-06,1,17,6,35.29
2026-06-06T16:05:53Z,2026-06-06,2,17,6,35.29
2026-06-06T16:05:53Z,2026-06-06,3,17,8,47.06
2026-06-06T16:15:57Z,2026-06-06,1,17,6,35.29
2026-06-06T16:15:57Z,2026-06-06,2,17,6,35.29
2026-06-06T16:15:57Z,2026-06-06,3,17,8,47.06
2026-06-06T16:20:58Z,2026-06-06,1,17,6,35.29
2026-06-06T16:20:58Z,2026-06-06,2,17,6,35.29
2026-06-06T16:20:58Z,2026-06-06,3,17,8,47.06
2026-06-06T16:25:54Z,2026-06-06,1,17,6,35.29
2026-06-06T16:25:54Z,2026-06-06,2,17,6,35.29
2026-06-06T16:25:54Z,2026-06-06,3,17,8,47.06
2026-06-06T17:15:55Z,2026-06-06,1,17,6,35.29
2026-06-06T17:15:55Z,2026-06-06,2,17,6,35.29
2026-06-06T17:15:55Z,2026-06-06,3,17,8,47.06
2026-06-06T17:52:38Z,2026-06-06,1,17,6,35.29
2026-06-06T17:52:38Z,2026-06-06,2,17,6,35.29
2026-06-06T17:52:38Z,2026-06-06,3,17,8,47.06
2026-06-06T18:25:53Z,2026-06-06,1,17,6,35.29
2026-06-06T18:25:53Z,2026-06-06,2,17,6,35.29
2026-06-06T18:25:53Z,2026-06-06,3,17,8,47.06
2026-06-06T18:55:53Z,2026-06-06,1,17,6,35.29
2026-06-06T18:55:53Z,2026-06-06,2,17,6,35.29
2026-06-06T18:55:53Z,2026-06-06,3,17,8,47.06
2026-06-06T19:01:01Z,2026-06-06,1,17,6,35.29
2026-06-06T19:01:01Z,2026-06-06,2,17,6,35.29
2026-06-06T19:01:01Z,2026-06-06,3,17,8,47.06
2026-06-06T19:31:10Z,2026-06-06,1,17,6,35.29
2026-06-06T19:31:10Z,2026-06-06,2,17,6,35.29
2026-06-06T19:31:10Z,2026-06-06,3,17,8,47.06
2026-06-06T19:41:00Z,2026-06-06,1,17,6,35.29
2026-06-06T19:41:00Z,2026-06-06,2,17,6,35.29
2026-06-06T19:41:00Z,2026-06-06,3,17,8,47.06
2026-06-06T19:45:55Z,2026-06-06,1,17,6,35.29
2026-06-06T19:45:55Z,2026-06-06,2,17,6,35.29
2026-06-06T19:45:55Z,2026-06-06,3,17,8,47.06
2026-06-06T19:50:55Z,2026-06-06,1,17,6,35.29
2026-06-06T19:50:55Z,2026-06-06,2,17,6,35.29
2026-06-06T19:50:55Z,2026-06-06,3,17,8,47.06
2026-06-06T20:01:01Z,2026-06-06,1,17,6,35.29
2026-06-06T20:01:01Z,2026-06-06,2,17,6,35.29
2026-06-06T20:01:01Z,2026-06-06,3,17,8,47.06
2026-06-06T20:10:55Z,2026-06-06,1,17,6,35.29
2026-06-06T20:10:55Z,2026-06-06,2,17,6,35.29
2026-06-06T20:10:55Z,2026-06-06,3,17,8,47.06
2026-06-06T20:15:57Z,2026-06-06,1,17,6,35.29
2026-06-06T20:15:57Z,2026-06-06,2,17,6,35.29
2026-06-06T20:15:57Z,2026-06-06,3,17,8,47.06
2026-06-06T20:30:57Z,2026-06-06,1,17,6,35.29
2026-06-06T20:30:57Z,2026-06-06,2,17,6,35.29
2026-06-06T20:30:57Z,2026-06-06,3,17,8,47.06
2026-06-06T20:35:56Z,2026-06-06,1,17,6,35.29
2026-06-06T20:35:56Z,2026-06-06,2,17,6,35.29
2026-06-06T20:35:56Z,2026-06-06,3,17,8,47.06
2026-06-06T20:46:07Z,2026-06-06,1,17,6,35.29
2026-06-06T20:46:07Z,2026-06-06,2,17,6,35.29
2026-06-06T20:46:07Z,2026-06-06,3,17,8,47.06
2026-06-06T20:50:55Z,2026-06-06,1,17,6,35.29
2026-06-06T20:50:55Z,2026-06-06,2,17,6,35.29
2026-06-06T20:50:55Z,2026-06-06,3,17,8,47.06
2026-06-06T22:20:52Z,2026-06-06,1,17,6,35.29
2026-06-06T22:20:52Z,2026-06-06,2,17,6,35.29
2026-06-06T22:20:52Z,2026-06-06,3,17,8,47.06
2026-06-06T22:25:53Z,2026-06-06,1,17,6,35.29
2026-06-06T22:25:53Z,2026-06-06,2,17,6,35.29
2026-06-06T22:25:53Z,2026-06-06,3,17,8,47.06
2026-06-06T22:45:53Z,2026-06-06,1,17,6,35.29
2026-06-06T22:45:53Z,2026-06-06,2,17,6,35.29
2026-06-06T22:45:53Z,2026-06-06,3,17,8,47.06
2026-06-06T22:55:52Z,2026-06-06,1,17,6,35.29
2026-06-06T22:55:52Z,2026-06-06,2,17,6,35.29
2026-06-06T22:55:52Z,2026-06-06,3,17,8,47.06
2026-06-06T23:06:04Z,2026-06-06,1,17,6,35.29
2026-06-06T23:06:04Z,2026-06-06,2,17,6,35.29
2026-06-06T23:06:04Z,2026-06-06,3,17,8,47.06
2026-06-06T23:15:57Z,2026-06-06,1,17,6,35.29
2026-06-06T23:15:57Z,2026-06-06,2,17,6,35.29
2026-06-06T23:15:57Z,2026-06-06,3,17,8,47.06
2026-06-06T23:25:55Z,2026-06-06,1,17,6,35.29
2026-06-06T23:25:55Z,2026-06-06,2,17,6,35.29
2026-06-06T23:25:55Z,2026-06-06,3,17,8,47.06
2026-06-06T23:30:58Z,2026-06-06,1,17,6,35.29
2026-06-06T23:30:58Z,2026-06-06,2,17,6,35.29
2026-06-06T23:30:58Z,2026-06-06,3,17,8,47.06
2026-06-06T23:41:02Z,2026-06-06,1,17,6,35.29
2026-06-06T23:41:02Z,2026-06-06,2,17,6,35.29
2026-06-06T23:41:02Z,2026-06-06,3,17,8,47.06
2026-06-15T00:08:56Z,2026-06-21,1,17,4,23.53
2026-06-15T00:08:56Z,2026-06-21,2,17,2,11.76
2026-06-15T00:08:56Z,2026-06-21,3,17,10,58.82
2026-06-15T00:23:54Z,2026-06-21,1,17,4,23.53
2026-06-15T00:23:54Z,2026-06-21,2,17,2,11.76
2026-06-15T00:23:54Z,2026-06-21,3,17,10,58.82
2026-06-15T00:43:58Z,2026-06-21,1,17,4,23.53
2026-06-15T00:43:58Z,2026-06-21,2,17,2,11.76
2026-06-15T00:43:58Z,2026-06-21,3,17,10,58.82
2026-06-15T00:49:01Z,2026-06-21,1,17,4,23.53
2026-06-15T00:49:01Z,2026-06-21,2,17,2,11.76
2026-06-15T00:49:01Z,2026-06-21,3,17,10,58.82
2026-06-20T09:06:24Z,2026-06-21,1,17,4,23.53
2026-06-20T09:06:24Z,2026-06-21,2,17,4,23.53
2026-06-20T09:06:24Z,2026-06-21,3,17,12,70.59
2026-06-20T09:36:24Z,2026-06-21,1,17,4,23.53
2026-06-20T09:36:24Z,2026-06-21,2,17,4,23.53
2026-06-20T09:36:24Z,2026-06-21,3,17,12,70.59
2026-06-20T09:51:23Z,2026-06-21,1,17,4,23.53
2026-06-20T09:51:23Z,2026-06-21,2,17,4,23.53
2026-06-20T09:51:23Z,2026-06-21,3,17,12,70.59
2026-06-20T10:06:23Z,2026-06-21,1,17,4,23.53
2026-06-20T10:06:23Z,2026-06-21,2,17,4,23.53
2026-06-20T10:06:23Z,2026-06-21,3,17,12,70.59
2026-06-20T10:41:18Z,2026-06-21,1,17,4,23.53
2026-06-20T10:41:18Z,2026-06-21,2,17,4,23.53
2026-06-20T10:41:18Z,2026-06-21,3,17,12,70.59
2026-06-20T10:46:23Z,2026-06-21,1,17,4,23.53
2026-06-20T10:46:23Z,2026-06-21,2,17,4,23.53
2026-06-20T10:46:23Z,2026-06-21,3,17,12,70.59
2026-06-20T11:01:27Z,2026-06-21,1,17,4,23.53
2026-06-20T11:01:27Z,2026-06-21,2,17,4,23.53
2026-06-20T11:01:27Z,2026-06-21,3,17,12,70.59
2026-06-20T11:06:22Z,2026-06-21,1,17,4,23.53
2026-06-20T11:06:22Z,2026-06-21,2,17,4,23.53
2026-06-20T11:06:22Z,2026-06-21,3,17,12,70.59
2026-06-20T11:11:23Z,2026-06-21,1,17,4,23.53
2026-06-20T11:11:23Z,2026-06-21,2,17,4,23.53
2026-06-20T11:11:23Z,2026-06-21,3,17,12,70.59
2026-06-20T11:21:21Z,2026-06-21,1,17,4,23.53
2026-06-20T11:21:21Z,2026-06-21,2,17,4,23.53
2026-06-20T11:21:21Z,2026-06-21,3,17,12,70.59
2026-06-20T11:36:21Z,2026-06-21,1,17,4,23.53
2026-06-20T11:36:21Z,2026-06-21,2,17,4,23.53
2026-06-20T11:36:21Z,2026-06-21,3,17,12,70.59
2026-06-20T11:46:23Z,2026-06-21,1,17,4,23.53
2026-06-20T11:46:23Z,2026-06-21,2,17,4,23.53
2026-06-20T11:46:23Z,2026-06-21,3,17,12,70.59
2026-06-20T11:51:25Z,2026-06-21,1,17,4,23.53
2026-06-20T11:51:25Z,2026-06-21,2,17,4,23.53
2026-06-20T11:51:25Z,2026-06-21,3,17,12,70.59
2026-06-20T11:56:34Z,2026-06-21,1,17,4,23.53
2026-06-20T11:56:34Z,2026-06-21,2,17,4,23.53
2026-06-20T11:56:34Z,2026-06-21,3,17,12,70.59
2026-06-20T12:16:30Z,2026-06-21,1,17,4,23.53
2026-06-20T12:16:30Z,2026-06-21,2,17,4,23.53
2026-06-20T12:16:30Z,2026-06-21,3,17,12,70.59
2026-06-20T12:21:19Z,2026-06-21,1,17,4,23.53
2026-06-20T12:21:19Z,2026-06-21,2,17,4,23.53
2026-06-20T12:21:19Z,2026-06-21,3,17,12,70.59
2026-06-20T12:31:25Z,2026-06-21,1,17,4,23.53
2026-06-20T12:31:25Z,2026-06-21,2,17,4,23.53
2026-06-20T12:31:25Z,2026-06-21,3,17,12,70.59
2026-06-20T12:51:23Z,2026-06-21,1,17,4,23.53
2026-06-20T12:51:23Z,2026-06-21,2,17,4,23.53
2026-06-20T12:51:23Z,2026-06-21,3,17,12,70.59
2026-06-20T12:56:21Z,2026-06-21,1,17,4,23.53
2026-06-20T12:56:21Z,2026-06-21,2,17,4,23.53
2026-06-20T12:56:21Z,2026-06-21,3,17,12,70.59
2026-06-20T13:11:19Z,2026-06-21,1,17,4,23.53
2026-06-20T13:11:19Z,2026-06-21,2,17,4,23.53
2026-06-20T13:11:19Z,2026-06-21,3,17,12,70.59
2026-06-20T13:36:22Z,2026-06-21,1,17,4,23.53
2026-06-20T13:36:22Z,2026-06-21,2,17,4,23.53
2026-06-20T13:36:22Z,2026-06-21,3,17,12,70.59
2026-06-20T13:51:26Z,2026-06-21,1,17,4,23.53
2026-06-20T13:51:26Z,2026-06-21,2,17,4,23.53
2026-06-20T13:51:26Z,2026-06-21,3,17,12,70.59
2026-06-20T14:46:25Z,2026-06-21,1,17,4,23.53
2026-06-20T14:46:25Z,2026-06-21,2,17,4,23.53
2026-06-20T14:46:25Z,2026-06-21,3,17,12,70.59
2026-06-20T15:01:30Z,2026-06-21,1,17,4,23.53
2026-06-20T15:01:30Z,2026-06-21,2,17,4,23.53
2026-06-20T15:01:30Z,2026-06-21,3,17,12,70.59
2026-06-20T15:06:19Z,2026-06-21,1,17,4,23.53
2026-06-20T15:06:19Z,2026-06-21,2,17,4,23.53
2026-06-20T15:06:19Z,2026-06-21,3,17,12,70.59
2026-06-20T15:11:30Z,2026-06-21,1,17,4,23.53
2026-06-20T15:11:30Z,2026-06-21,2,17,4,23.53
2026-06-20T15:11:30Z,2026-06-21,3,17,12,70.59
2026-06-20T15:17:02Z,2026-06-21,1,17,4,23.53
2026-06-20T15:17:02Z,2026-06-21,2,17,4,23.53
2026-06-20T15:17:02Z,2026-06-21,3,17,12,70.59
2026-06-20T15:21:19Z,2026-06-21,1,17,4,23.53
2026-06-20T15:21:19Z,2026-06-21,2,17,4,23.53
2026-06-20T15:21:19Z,2026-06-21,3,17,12,70.59
2026-06-20T15:31:26Z,2026-06-21,1,17,4,23.53
2026-06-20T15:31:26Z,2026-06-21,2,17,4,23.53
2026-06-20T15:31:26Z,2026-06-21,3,17,12,70.59
2026-06-20T16:01:30Z,2026-06-21,1,17,4,23.53
2026-06-20T16:01:30Z,2026-06-21,2,17,4,23.53
2026-06-20T16:01:30Z,2026-06-21,3,17,12,70.59
2026-06-20T16:11:23Z,2026-06-21,1,17,4,23.53
2026-06-20T16:11:23Z,2026-06-21,2,17,4,23.53
2026-06-20T16:11:23Z,2026-06-21,3,17,12,70.59
2026-06-20T16:16:28Z,2026-06-21,1,17,4,23.53
2026-06-20T16:16:28Z,2026-06-21,2,17,4,23.53
2026-06-20T16:16:28Z,2026-06-21,3,17,12,70.59
2026-06-20T16:21:21Z,2026-06-21,1,17,4,23.53
2026-06-20T16:21:21Z,2026-06-21,2,17,4,23.53
2026-06-20T16:21:21Z,2026-06-21,3,17,12,70.59
2026-06-20T16:51:22Z,2026-06-21,1,17,4,23.53
2026-06-20T16:51:22Z,2026-06-21,2,17,4,23.53
2026-06-20T16:51:22Z,2026-06-21,3,17,12,70.59
2026-06-20T16:55:33Z,2026-06-21,1,17,4,23.53
2026-06-20T16:55:33Z,2026-06-21,2,17,4,23.53
2026-06-20T16:55:33Z,2026-06-21,3,17,12,70.59
2026-06-20T17:16:27Z,2026-06-21,1,17,4,23.53
2026-06-20T17:16:27Z,2026-06-21,2,17,4,23.53
2026-06-20T17:16:27Z,2026-06-21,3,17,12,70.59
2026-06-20T17:26:27Z,2026-06-21,1,17,4,23.53
2026-06-20T17:26:27Z,2026-06-21,2,17,4,23.53
2026-06-20T17:26:27Z,2026-06-21,3,17,12,70.59
2026-06-20T17:41:20Z,2026-06-21,1,17,4,23.53
2026-06-20T17:41:20Z,2026-06-21,2,17,4,23.53
2026-06-20T17:41:20Z,2026-06-21,3,17,12,70.59
2026-06-20T17:46:22Z,2026-06-21,1,17,4,23.53
2026-06-20T17:46:22Z,2026-06-21,2,17,4,23.53
2026-06-20T17:46:22Z,2026-06-21,3,17,12,70.59
2026-06-20T17:51:25Z,2026-06-21,1,17,4,23.53
2026-06-20T17:51:25Z,2026-06-21,2,17,4,23.53
2026-06-20T17:51:25Z,2026-06-21,3,17,12,70.59
2026-06-20T18:06:20Z,2026-06-21,1,17,4,23.53
2026-06-20T18:06:20Z,2026-06-21,2,17,4,23.53
2026-06-20T18:06:20Z,2026-06-21,3,17,12,70.59
2026-06-20T18:21:18Z,2026-06-21,1,17,4,23.53
2026-06-20T18:21:18Z,2026-06-21,2,17,4,23.53
2026-06-20T18:21:18Z,2026-06-21,3,17,12,70.59
2026-06-20T19:01:28Z,2026-06-21,1,17,4,23.53
2026-06-20T19:01:28Z,2026-06-21,2,17,4,23.53
2026-06-20T19:01:28Z,2026-06-21,3,17,12,70.59
2026-06-20T19:06:21Z,2026-06-21,1,17,4,23.53
2026-06-20T19:06:21Z,2026-06-21,2,17,4,23.53
2026-06-20T19:06:21Z,2026-06-21,3,17,12,70.59
2026-06-20T19:11:22Z,2026-06-21,1,17,4,23.53
2026-06-20T19:11:22Z,2026-06-21,2,17,4,23.53
2026-06-20T19:11:22Z,2026-06-21,3,17,12,70.59
2026-06-20T19:16:24Z,2026-06-21,1,17,4,23.53
2026-06-20T19:16:24Z,2026-06-21,2,17,4,23.53
2026-06-20T19:16:24Z,2026-06-21,3,17,12,70.59
2026-06-20T19:26:23Z,2026-06-21,1,17,4,23.53
2026-06-20T19:26:23Z,2026-06-21,2,17,4,23.53
2026-06-20T19:26:23Z,2026-06-21,3,17,12,70.59
2026-06-20T19:36:22Z,2026-06-21,1,17,4,23.53
2026-06-20T19:36:22Z,2026-06-21,2,17,4,23.53
2026-06-20T19:36:22Z,2026-06-21,3,17,12,70.59
2026-06-20T19:51:21Z,2026-06-21,1,17,4,23.53
2026-06-20T19:51:21Z,2026-06-21,2,17,4,23.53
2026-06-20T19:51:21Z,2026-06-21,3,17,12,70.59
2026-06-20T20:01:35Z,2026-06-21,1,17,4,23.53
2026-06-20T20:01:35Z,2026-06-21,2,17,4,23.53
2026-06-20T20:01:35Z,2026-06-21,3,17,12,70.59
2026-06-20T20:06:23Z,2026-06-21,1,17,4,23.53
2026-06-20T20:06:23Z,2026-06-21,2,17,4,23.53
2026-06-20T20:06:23Z,2026-06-21,3,17,12,70.59
2026-06-20T20:16:32Z,2026-06-21,1,17,4,23.53
2026-06-20T20:16:32Z,2026-06-21,2,17,4,23.53
2026-06-20T20:16:32Z,2026-06-21,3,17,12,70.59
2026-06-20T20:26:21Z,2026-06-21,1,17,4,23.53
2026-06-20T20:26:21Z,2026-06-21,2,17,4,23.53
2026-06-20T20:26:21Z,2026-06-21,3,17,12,70.59
2026-06-20T20:36:24Z,2026-06-21,1,17,4,23.53
2026-06-20T20:36:24Z,2026-06-21,2,17,4,23.53
2026-06-20T20:36:24Z,2026-06-21,3,17,12,70.59
2026-06-20T20:51:24Z,2026-06-21,1,17,4,23.53
2026-06-20T20:51:24Z,2026-06-21,2,17,4,23.53
2026-06-20T20:51:24Z,2026-06-21,3,17,12,70.59
2026-06-20T21:08:11Z,2026-06-21,1,17,4,23.53
2026-06-20T21:08:11Z,2026-06-21,2,17,4,23.53
2026-06-20T21:08:11Z,2026-06-21,3,17,12,70.59
2026-06-20T21:56:25Z,2026-06-21,1,17,4,23.53
2026-06-20T21:56:25Z,2026-06-21,2,17,4,23.53
2026-06-20T21:56:25Z,2026-06-21,3,17,12,70.59
2026-06-20T22:06:21Z,2026-06-21,1,17,4,23.53
2026-06-20T22:06:21Z,2026-06-21,2,17,4,23.53
2026-06-20T22:06:21Z,2026-06-21,3,17,12,70.59
2026-06-20T22:16:32Z,2026-06-21,1,17,4,23.53
2026-06-20T22:16:32Z,2026-06-21,2,17,4,23.53
2026-06-20T22:16:32Z,2026-06-21,3,17,12,70.59
2026-06-20T22:21:31Z,2026-06-21,1,17,4,23.53
2026-06-20T22:21:31Z,2026-06-21,2,17,4,23.53
2026-06-20T22:21:31Z,2026-06-21,3,17,12,70.59
2026-06-20T22:31:24Z,2026-06-21,1,17,4,23.53
2026-06-20T22:31:24Z,2026-06-21,2,17,4,23.53
2026-06-20T22:31:24Z,2026-06-21,3,17,12,70.59
2026-06-20T22:36:21Z,2026-06-21,1,17,4,23.53
2026-06-20T22:36:21Z,2026-06-21,2,17,4,23.53
2026-06-20T22:36:21Z,2026-06-21,3,17,12,70.59
2026-06-20T22:46:31Z,2026-06-21,1,17,4,23.53
2026-06-20T22:46:31Z,2026-06-21,2,17,4,23.53
2026-06-20T22:46:31Z,2026-06-21,3,17,12,70.59
2026-06-20T22:56:21Z,2026-06-21,1,17,4,23.53
2026-06-20T22:56:21Z,2026-06-21,2,17,4,23.53
2026-06-20T22:56:21Z,2026-06-21,3,17,12,70.59
2026-06-20T23:16:22Z,2026-06-21,1,17,4,23.53
2026-06-20T23:16:22Z,2026-06-21,2,17,4,23.53
2026-06-20T23:16:22Z,2026-06-21,3,17,12,70.59
2026-06-20T23:21:27Z,2026-06-21,1,17,4,23.53
2026-06-20T23:21:27Z,2026-06-21,2,17,4,23.53
2026-06-20T23:21:27Z,2026-06-21,3,17,12,70.59
2026-06-20T23:31:26Z,2026-06-21,1,17,4,23.53
2026-06-20T23:31:26Z,2026-06-21,2,17,4,23.53
2026-06-20T23:31:26Z,2026-06-21,3,17,12,70.59
2026-06-20T23:56:20Z,2026-06-21,1,17,4,23.53
2026-06-20T23:56:20Z,2026-06-21,2,17,4,23.53
2026-06-20T23:56:20Z,2026-06-21,3,17,12,70.59
2026-06-21T00:01:14Z,2026-06-21,1,17,4,23.53
2026-06-21T00:01:14Z,2026-06-21,2,17,4,23.53
2026-06-21T00:01:14Z,2026-06-21,3,17,12,70.59
2026-06-21T00:15:56Z,2026-06-21,1,17,4,23.53
2026-06-21T00:15:56Z,2026-06-21,2,17,4,23.53
2026-06-21T00:15:56Z,2026-06-21,3,17,12,70.59
2026-06-21T00:20:55Z,2026-06-21,1,17,4,23.53
2026-06-21T00:20:55Z,2026-06-21,2,17,4,23.53
2026-06-21T00:20:55Z,2026-06-21,3,17,12,70.59
2026-06-21T00:31:04Z,2026-06-21,1,17,4,23.53
2026-06-21T00:31:04Z,2026-06-21,2,17,4,23.53
2026-06-21T00:31:04Z,2026-06-21,3,17,12,70.59
2026-06-21T00:35:52Z,2026-06-21,1,17,4,23.53
2026-06-21T00:35:52Z,2026-06-21,2,17,4,23.53
2026-06-21T00:35:52Z,2026-06-21,3,17,12,70.59
2026-06-21T00:45:48Z,2026-06-21,1,17,4,23.53
2026-06-21T00:45:48Z,2026-06-21,2,17,4,23.53
2026-06-21T00:45:48Z,2026-06-21,3,17,12,70.59
2026-06-21T00:50:50Z,2026-06-21,1,17,4,23.53
2026-06-21T00:50:50Z,2026-06-21,2,17,6,35.29
2026-06-21T00:50:50Z,2026-06-21,3,17,12,70.59
2026-06-21T09:05:57Z,2026-06-21,1,17,4,23.53
2026-06-21T09:05:57Z,2026-06-21,2,17,6,35.29
2026-06-21T09:05:57Z,2026-06-21,3,17,12,70.59
2026-06-21T09:10:55Z,2026-06-21,1,17,4,23.53
2026-06-21T09:10:55Z,2026-06-21,2,17,6,35.29
2026-06-21T09:10:55Z,2026-06-21,3,17,12,70.59
2026-06-21T09:15:57Z,2026-06-21,1,17,4,23.53
2026-06-21T09:15:57Z,2026-06-21,2,17,6,35.29
2026-06-21T09:15:57Z,2026-06-21,3,17,12,70.59
2026-06-21T09:25:50Z,2026-06-21,1,17,4,23.53
2026-06-21T09:25:50Z,2026-06-21,2,17,6,35.29
2026-06-21T09:25:50Z,2026-06-21,3,17,12,70.59
2026-06-21T09:50:50Z,2026-06-21,1,17,4,23.53
2026-06-21T09:50:50Z,2026-06-21,2,17,6,35.29
2026-06-21T09:50:50Z,2026-06-21,3,17,12,70.59
2026-06-21T09:55:53Z,2026-06-21,1,17,4,23.53
2026-06-21T09:55:53Z,2026-06-21,2,17,6,35.29
2026-06-21T09:55:53Z,2026-06-21,3,17,12,70.59
2026-06-21T10:05:55Z,2026-06-21,1,17,4,23.53
2026-06-21T10:05:55Z,2026-06-21,2,17,6,35.29
2026-06-21T10:05:55Z,2026-06-21,3,17,12,70.59
2026-06-21T10:10:51Z,2026-06-21,1,17,4,23.53
2026-06-21T10:10:51Z,2026-06-21,2,17,6,35.29
2026-06-21T10:10:51Z,2026-06-21,3,17,12,70.59
2026-06-21T10:35:54Z,2026-06-21,1,17,4,23.53
2026-06-21T10:35:54Z,2026-06-21,2,17,6,35.29
2026-06-21T10:35:54Z,2026-06-21,3,17,12,70.59
2026-06-21T10:50:52Z,2026-06-21,1,17,4,23.53
2026-06-21T10:50:52Z,2026-06-21,2,17,6,35.29
2026-06-21T10:50:52Z,2026-06-21,3,17,12,70.59
2026-06-21T11:10:53Z,2026-06-21,1,17,4,23.53
2026-06-21T11:10:53Z,2026-06-21,2,17,6,35.29
2026-06-21T11:10:53Z,2026-06-21,3,17,12,70.59
2026-06-21T11:15:57Z,2026-06-21,1,17,4,23.53
2026-06-21T11:15:57Z,2026-06-21,2,17,6,35.29
2026-06-21T11:15:57Z,2026-06-21,3,17,12,70.59
2026-06-21T11:40:50Z,2026-06-21,1,17,4,23.53
2026-06-21T11:40:50Z,2026-06-21,2,17,6,35.29
2026-06-21T11:40:50Z,2026-06-21,3,17,12,70.59
2026-06-21T11:55:50Z,2026-06-21,1,17,4,23.53
2026-06-21T11:55:50Z,2026-06-21,2,17,6,35.29
2026-06-21T11:55:50Z,2026-06-21,3,17,12,70.59
2026-06-21T12:10:52Z,2026-06-21,1,17,4,23.53
2026-06-21T12:10:52Z,2026-06-21,2,17,6,35.29
2026-06-21T12:10:52Z,2026-06-21,3,17,12,70.59
2026-06-21T12:15:53Z,2026-06-21,1,17,4,23.53
2026-06-21T12:15:53Z,2026-06-21,2,17,6,35.29
2026-06-21T12:15:53Z,2026-06-21,3,17,12,70.59
2026-06-21T12:20:55Z,2026-06-21,1,17,4,23.53
2026-06-21T12:20:55Z,2026-06-21,2,17,6,35.29
2026-06-21T12:20:55Z,2026-06-21,3,17,12,70.59
2026-06-21T12:30:51Z,2026-06-21,1,17,4,23.53
2026-06-21T12:30:51Z,2026-06-21,2,17,6,35.29
2026-06-21T12:30:51Z,2026-06-21,3,17,12,70.59
2026-06-21T12:36:00Z,2026-06-21,1,17,4,23.53
2026-06-21T12:36:00Z,2026-06-21,2,17,6,35.29
2026-06-21T12:36:00Z,2026-06-21,3,17,12,70.59
2026-06-21T13:40:49Z,2026-06-21,1,17,4,23.53
2026-06-21T13:40:49Z,2026-06-21,2,17,6,35.29
2026-06-21T13:40:49Z,2026-06-21,3,17,12,70.59
2026-06-21T13:50:53Z,2026-06-21,1,17,4,23.53
2026-06-21T13:50:53Z,2026-06-21,2,17,6,35.29
2026-06-21T13:50:53Z,2026-06-21,3,17,12,70.59
2026-06-21T13:56:03Z,2026-06-21,1,17,4,23.53
2026-06-21T13:56:03Z,2026-06-21,2,17,6,35.29
2026-06-21T13:56:03Z,2026-06-21,3,17,12,70.59
2026-06-21T14:05:53Z,2026-06-21,1,17,4,23.53
2026-06-21T14:05:53Z,2026-06-21,2,17,6,35.29
2026-06-21T14:05:53Z,2026-06-21,3,17,12,70.59
2026-06-21T14:25:50Z,2026-06-21,1,17,4,23.53
2026-06-21T14:25:50Z,2026-06-21,2,17,6,35.29
2026-06-21T14:25:50Z,2026-06-21,3,17,12,70.59
2026-06-21T14:40:50Z,2026-06-21,1,17,4,23.53
2026-06-21T14:40:50Z,2026-06-21,2,17,6,35.29
2026-06-21T14:40:50Z,2026-06-21,3,17,12,70.59
2026-06-21T14:45:53Z,2026-06-21,1,17,4,23.53
2026-06-21T14:45:53Z,2026-06-21,2,17,6,35.29
2026-06-21T14:45:53Z,2026-06-21,3,17,12,70.59
2026-06-21T15:00:59Z,2026-06-21,1,17,4,23.53
2026-06-21T15:00:59Z,2026-06-21,2,17,6,35.29
2026-06-21T15:00:59Z,2026-06-21,3,17,12,70.59
2026-06-21T15:05:51Z,2026-06-21,1,17,4,23.53
2026-06-21T15:05:51Z,2026-06-21,2,17,6,35.29
2026-06-21T15:05:51Z,2026-06-21,3,17,12,70.59
2026-06-21T15:15:54Z,2026-06-21,1,17,4,23.53
2026-06-21T15:15:54Z,2026-06-21,2,17,6,35.29
2026-06-21T15:15:54Z,2026-06-21,3,17,12,70.59
2026-06-21T15:30:58Z,2026-06-21,1,17,4,23.53
2026-06-21T15:30:58Z,2026-06-21,2,17,6,35.29
2026-06-21T15:30:58Z,2026-06-21,3,17,12,70.59
2026-06-21T15:50:54Z,2026-06-21,1,17,4,23.53
2026-06-21T15:50:54Z,2026-06-21,2,17,6,35.29
2026-06-21T15:50:54Z,2026-06-21,3,17,12,70.59
2026-06-21T16:00:58Z,2026-06-21,1,17,4,23.53
2026-06-21T16:00:58Z,2026-06-21,2,17,6,35.29
2026-06-21T16:00:58Z,2026-06-21,3,17,12,70.59
2026-06-21T16:10:52Z,2026-06-21,1,17,4,23.53
2026-06-21T16:10:52Z,2026-06-21,2,17,6,35.29
2026-06-21T16:10:52Z,2026-06-21,3,17,12,70.59
2026-06-21T16:45:54Z,2026-06-21,1,17,4,23.53
2026-06-21T16:45:54Z,2026-06-21,2,17,6,35.29
2026-06-21T16:45:54Z,2026-06-21,3,17,12,70.59
2026-06-21T16:55:53Z,2026-06-21,1,17,4,23.53
2026-06-21T16:55:53Z,2026-06-21,2,17,6,35.29
2026-06-21T16:55:53Z,2026-06-21,3,17,12,70.59
2026-06-21T17:05:59Z,2026-06-21,1,17,4,23.53
2026-06-21T17:05:59Z,2026-06-21,2,17,6,35.29
2026-06-21T17:05:59Z,2026-06-21,3,17,12,70.59
2026-06-21T17:10:51Z,2026-06-21,1,17,4,23.53
2026-06-21T17:10:51Z,2026-06-21,2,17,6,35.29
2026-06-21T17:10:51Z,2026-06-21,3,17,12,70.59
2026-06-21T17:15:51Z,2026-06-21,1,17,4,23.53
2026-06-21T17:15:51Z,2026-06-21,2,17,6,35.29
2026-06-21T17:15:51Z,2026-06-21,3,17,12,70.59
2026-06-21T17:35:53Z,2026-06-21,1,17,4,23.53
2026-06-21T17:35:53Z,2026-06-21,2,17,6,35.29
2026-06-21T17:35:53Z,2026-06-21,3,17,12,70.59
2026-06-21T17:45:53Z,2026-06-21,1,17,4,23.53
2026-06-21T17:45:53Z,2026-06-21,2,17,6,35.29
2026-06-21T17:45:53Z,2026-06-21,3,17,12,70.59
2026-06-21T17:55:47Z,2026-06-21,1,17,4,23.53
2026-06-21T17:55:47Z,2026-06-21,2,17,6,35.29
2026-06-21T17:55:47Z,2026-06-21,3,17,12,70.59
2026-06-21T18:00:57Z,2026-06-21,1,17,4,23.53
2026-06-21T18:00:57Z,2026-06-21,2,17,6,35.29
2026-06-21T18:00:57Z,2026-06-21,3,17,12,70.59
2026-06-21T18:10:53Z,2026-06-21,1,17,4,23.53
2026-06-21T18:10:53Z,2026-06-21,2,17,6,35.29
2026-06-21T18:10:53Z,2026-06-21,3,17,12,70.59
2026-06-21T18:20:46Z,2026-06-21,1,17,4,23.53
2026-06-21T18:20:46Z,2026-06-21,2,17,6,35.29
2026-06-21T18:20:46Z,2026-06-21,3,17,12,70.59
2026-06-21T18:35:52Z,2026-06-21,1,17,4,23.53
2026-06-21T18:35:52Z,2026-06-21,2,17,6,35.29
2026-06-21T18:35:52Z,2026-06-21,3,17,12,70.59
2026-06-21T18:45:51Z,2026-06-21,1,17,4,23.53
2026-06-21T18:45:51Z,2026-06-21,2,17,6,35.29
2026-06-21T18:45:51Z,2026-06-21,3,17,12,70.59
2026-06-21T19:35:54Z,2026-06-21,1,17,6,35.29
2026-06-21T19:35:54Z,2026-06-21,2,17,6,35.29
2026-06-21T19:35:54Z,2026-06-21,3,17,12,70.59
2026-06-21T19:50:52Z,2026-06-21,1,17,6,35.29
2026-06-21T19:50:52Z,2026-06-21,2,17,6,35.29
2026-06-21T19:50:52Z,2026-06-21,3,17,12,70.59
2026-06-21T20:02:19Z,2026-06-21,1,17,6,35.29
2026-06-21T20:02:19Z,2026-06-21,2,17,6,35.29
2026-06-21T20:02:19Z,2026-06-21,3,17,12,70.59
2026-06-21T20:25:51Z,2026-06-21,1,17,6,35.29
2026-06-21T20:25:51Z,2026-06-21,2,17,6,35.29
2026-06-21T20:25:51Z,2026-06-21,3,17,12,70.59
2026-06-21T20:45:49Z,2026-06-21,1,17,6,35.29
2026-06-21T20:45:49Z,2026-06-21,2,17,6,35.29
2026-06-21T20:45:49Z,2026-06-21,3,17,12,70.59
2026-06-21T20:50:59Z,2026-06-21,1,17,6,35.29
2026-06-21T20:50:59Z,2026-06-21,2,17,6,35.29
2026-06-21T20:50:59Z,2026-06-21,3,17,12,70.59
2026-06-21T21:00:55Z,2026-06-21,1,17,6,35.29
2026-06-21T21:00:55Z,2026-06-21,2,17,6,35.29
2026-06-21T21:00:55Z,2026-06-21,3,17,12,70.59
2026-06-21T21:10:58Z,2026-06-21,1,17,6,35.29
2026-06-21T21:10:58Z,2026-06-21,2,17,6,35.29
2026-06-21T21:10:58Z,2026-06-21,3,17,12,70.59
2026-06-21T21:30:51Z,2026-06-21,1,17,6,35.29
2026-06-21T21:30:51Z,2026-06-21,2,17,6,35.29
2026-06-21T21:30:51Z,2026-06-21,3,17,12,70.59
2026-06-21T21:35:51Z,2026-06-21,1,17,6,35.29
2026-06-21T21:35:51Z,2026-06-21,2,17,6,35.29
2026-06-21T21:35:51Z,2026-06-21,3,17,12,70.59
2026-06-21T21:40:52Z,2026-06-21,1,17,6,35.29
2026-06-21T21:40:52Z,2026-06-21,2,17,6,35.29
2026-06-21T21:40:52Z,2026-06-21,3,17,12,70.59
2026-06-21T22:05:53Z,2026-06-21,1,17,6,35.29
2026-06-21T22:05:53Z,2026-06-21,2,17,6,35.29
2026-06-21T22:05:53Z,2026-06-21,3,17,12,70.59
2026-06-21T22:15:52Z,2026-06-21,1,17,6,35.29
2026-06-21T22:15:52Z,2026-06-21,2,17,6,35.29
2026-06-21T22:15:52Z,2026-06-21,3,17,12,70.59
2026-06-21T22:26:05Z,2026-06-21,1,17,6,35.29
2026-06-21T22:26:05Z,2026-06-21,2,17,6,35.29
2026-06-21T22:26:05Z,2026-06-21,3,17,12,70.59
2026-06-21T22:35:54Z,2026-06-21,1,17,6,35.29
2026-06-21T22:35:54Z,2026-06-21,2,17,6,35.29
2026-06-21T22:35:54Z,2026-06-21,3,17,12,70.59
2026-06-21T22:50:55Z,2026-06-21,1,17,6,35.29
2026-06-21T22:50:55Z,2026-06-21,2,17,6,35.29
2026-06-21T22:50:55Z,2026-06-21,3,17,12,70.59
2026-06-21T22:55:53Z,2026-06-21,1,17,6,35.29
2026-06-21T22:55:53Z,2026-06-21,2,17,6,35.29
2026-06-21T22:55:53Z,2026-06-21,3,17,12,70.59
2026-06-21T23:15:59Z,2026-06-21,1,17,6,35.29
2026-06-21T23:15:59Z,2026-06-21,2,17,6,35.29
2026-06-21T23:15:59Z,2026-06-21,3,17,12,70.59
2026-06-21T23:30:55Z,2026-06-21,1,17,6,35.29
2026-06-21T23:30:55Z,2026-06-21,2,17,6,35.29
2026-06-21T23:30:55Z,2026-06-21,3,17,12,70.59
2026-06-21T23:35:49Z,2026-06-21,1,17,6,35.29
2026-06-21T23:35:49Z,2026-06-21,2,17,6,35.29
2026-06-21T23:35:49Z,2026-06-21,3,17,12,70.59
2026-06-21T23:45:51Z,2026-06-21,1,17,6,35.29
2026-06-21T23:45:51Z,2026-06-21,2,17,6,35.29
2026-06-21T23:45:51Z,2026-06-21,3,17,12,70.59
2026-06-22T00:15:51Z,2026-06-22,1,17,9,52.94
2026-06-22T00:15:51Z,2026-06-22,2,17,8,47.06
2026-06-22T00:15:51Z,2026-06-22,3,17,6,35.29
2026-06-22T00:25:46Z,2026-06-22,1,17,9,52.94
2026-06-22T00:25:46Z,2026-06-22,2,17,8,47.06
2026-06-22T00:25:46Z,2026-06-22,3,17,6,35.29
2026-06-22T00:35:55Z,2026-06-22,1,17,9,52.94
2026-06-22T00:35:55Z,2026-06-22,2,17,8,47.06
2026-06-22T00:35:55Z,2026-06-22,3,17,6,35.29
2026-06-25T00:28:57Z,2026-07-01,1,17,7,41.18
2026-06-25T00:28:57Z,2026-07-01,2,17,7,41.18
2026-06-25T00:28:57Z,2026-07-01,3,17,4,23.53
2026-06-25T00:43:59Z,2026-07-01,1,17,7,41.18
2026-06-25T00:43:59Z,2026-07-01,2,17,7,41.18
2026-06-25T00:43:59Z,2026-07-01,3,17,4,23.53
2026-06-25T00:58:52Z,2026-07-01,1,17,7,41.18
2026-06-25T00:58:52Z,2026-07-01,2,17,7,41.18
2026-06-25T00:58:52Z,2026-07-01,3,17,4,23.53
2026-06-25T09:04:02Z,2026-07-01,1,17,7,41.18
2026-06-25T09:04:02Z,2026-07-01,2,17,7,41.18
2026-06-25T09:04:02Z,2026-07-01,3,17,4,23.53
2026-06-25T09:08:58Z,2026-07-01,1,17,7,41.18
2026-06-25T09:08:58Z,2026-07-01,2,17,7,41.18
2026-06-25T09:08:58Z,2026-07-01,3,17,4,23.53
2026-06-25T09:29:08Z,2026-07-01,1,17,7,41.18
2026-06-25T09:29:08Z,2026-07-01,2,17,7,41.18
2026-06-25T09:29:08Z,2026-07-01,3,17,4,23.53
2026-06-25T09:34:05Z,2026-07-01,1,17,7,41.18
2026-06-25T09:34:05Z,2026-07-01,2,17,7,41.18
2026-06-25T09:34:05Z,2026-07-01,3,17,4,23.53
2026-06-25T09:48:57Z,2026-07-01,1,17,7,41.18
2026-06-25T09:48:57Z,2026-07-01,2,17,7,41.18
2026-06-25T09:48:57Z,2026-07-01,3,17,4,23.53
2026-06-25T10:13:54Z,2026-07-01,1,17,7,41.18
2026-06-25T10:13:54Z,2026-07-01,2,17,7,41.18
2026-06-25T10:13:54Z,2026-07-01,3,17,4,23.53
2026-06-25T10:23:58Z,2026-07-01,1,17,7,41.18
2026-06-25T10:23:58Z,2026-07-01,2,17,7,41.18
2026-06-25T10:23:58Z,2026-07-01,3,17,4,23.53
2026-06-25T10:43:54Z,2026-07-01,1,17,7,41.18
2026-06-25T10:43:54Z,2026-07-01,2,17,7,41.18
2026-06-25T10:43:54Z,2026-07-01,3,17,4,23.53
2026-06-25T10:48:51Z,2026-07-01,1,17,7,41.18
2026-06-25T10:48:51Z,2026-07-01,2,17,7,41.18
2026-06-25T10:48:51Z,2026-07-01,3,17,4,23.53
2026-06-25T10:54:26Z,2026-07-01,1,17,7,41.18
2026-06-25T10:54:26Z,2026-07-01,2,17,7,41.18
2026-06-25T10:54:26Z,2026-07-01,3,17,4,23.53
2026-06-25T10:58:53Z,2026-07-01,1,17,7,41.18
2026-06-25T10:58:53Z,2026-07-01,2,17,7,41.18
2026-06-25T10:58:53Z,2026-07-01,3,17,4,23.53
2026-06-25T11:08:59Z,2026-07-01,1,17,7,41.18
2026-06-25T11:08:59Z,2026-07-01,2,17,7,41.18
2026-06-25T11:08:59Z,2026-07-01,3,17,4,23.53
2026-06-25T11:33:56Z,2026-07-01,1,17,7,41.18
2026-06-25T11:33:56Z,2026-07-01,2,17,7,41.18
2026-06-25T11:33:56Z,2026-07-01,3,17,4,23.53
2026-06-25T11:38:54Z,2026-07-01,1,17,7,41.18
2026-06-25T11:38:54Z,2026-07-01,2,17,7,41.18
2026-06-25T11:38:54Z,2026-07-01,3,17,4,23.53
2026-06-25T11:44:05Z,2026-07-01,1,17,7,41.18
2026-06-25T11:44:05Z,2026-07-01,2,17,7,41.18
2026-06-25T11:44:05Z,2026-07-01,3,17,4,23.53
2026-06-25T12:08:54Z,2026-07-01,1,17,7,41.18
2026-06-25T12:08:54Z,2026-07-01,2,17,7,41.18
2026-06-25T12:08:54Z,2026-07-01,3,17,4,23.53
2026-06-25T12:14:06Z,2026-07-01,1,17,7,41.18
2026-06-25T12:14:06Z,2026-07-01,2,17,7,41.18
2026-06-25T12:14:06Z,2026-07-01,3,17,4,23.53
2026-06-25T12:23:56Z,2026-07-01,1,17,7,41.18
2026-06-25T12:23:56Z,2026-07-01,2,17,7,41.18
2026-06-25T12:23:56Z,2026-07-01,3,17,4,23.53
2026-06-25T12:54:05Z,2026-07-01,1,17,7,41.18
2026-06-25T12:54:05Z,2026-07-01,2,17,7,41.18
2026-06-25T12:54:05Z,2026-07-01,3,17,4,23.53
2026-06-25T12:59:07Z,2026-07-01,1,17,7,41.18
2026-06-25T12:59:07Z,2026-07-01,2,17,7,41.18
2026-06-25T12:59:07Z,2026-07-01,3,17,4,23.53
2026-06-25T13:38:58Z,2026-07-01,1,17,7,41.18
2026-06-25T13:38:58Z,2026-07-01,2,17,7,41.18
2026-06-25T13:38:58Z,2026-07-01,3,17,4,23.53
2026-06-25T13:59:00Z,2026-07-01,1,17,7,41.18
2026-06-25T13:59:00Z,2026-07-01,2,17,7,41.18
2026-06-25T13:59:00Z,2026-07-01,3,17,4,23.53
2026-06-25T14:08:56Z,2026-07-01,1,17,7,41.18
2026-06-25T14:08:56Z,2026-07-01,2,17,7,41.18
2026-06-25T14:08:56Z,2026-07-01,3,17,4,23.53
2026-06-25T14:29:06Z,2026-07-01,1,17,7,41.18
2026-06-25T14:29:06Z,2026-07-01,2,17,7,41.18
2026-06-25T14:29:06Z,2026-07-01,3,17,4,23.53
2026-06-25T15:09:03Z,2026-07-01,1,17,7,41.18
2026-06-25T15:09:03Z,2026-07-01,2,17,7,41.18
2026-06-25T15:09:03Z,2026-07-01,3,17,4,23.53
2026-06-25T15:29:03Z,2026-07-01,1,17,7,41.18
2026-06-25T15:29:03Z,2026-07-01,2,17,7,41.18
2026-06-25T15:29:03Z,2026-07-01,3,17,4,23.53
2026-06-25T15:43:59Z,2026-07-01,1,17,7,41.18
2026-06-25T15:43:59Z,2026-07-01,2,17,7,41.18
2026-06-25T15:43:59Z,2026-07-01,3,17,4,23.53
2026-06-25T15:48:55Z,2026-07-01,1,17,7,41.18
2026-06-25T15:48:55Z,2026-07-01,2,17,7,41.18
2026-06-25T15:48:55Z,2026-07-01,3,17,4,23.53
2026-06-25T15:53:57Z,2026-07-01,1,17,7,41.18
2026-06-25T15:53:57Z,2026-07-01,2,17,7,41.18
2026-06-25T15:53:57Z,2026-07-01,3,17,4,23.53
2026-06-25T16:08:54Z,2026-07-01,1,17,7,41.18
2026-06-25T16:08:54Z,2026-07-01,2,17,7,41.18
2026-06-25T16:08:54Z,2026-07-01,3,17,4,23.53
2026-06-25T16:13:53Z,2026-07-01,1,17,7,41.18
2026-06-25T16:13:53Z,2026-07-01,2,17,7,41.18
2026-06-25T16:13:53Z,2026-07-01,3,17,4,23.53
2026-06-25T16:18:57Z,2026-07-01,1,17,7,41.18
2026-06-25T16:18:57Z,2026-07-01,2,17,7,41.18
2026-06-25T16:18:57Z,2026-07-01,3,17,4,23.53
2026-06-25T16:24:04Z,2026-07-01,1,17,7,41.18
2026-06-25T16:24:04Z,2026-07-01,2,17,7,41.18
2026-06-25T16:24:04Z,2026-07-01,3,17,4,23.53
2026-06-25T16:33:57Z,2026-07-01,1,17,7,41.18
2026-06-25T16:33:57Z,2026-07-01,2,17,7,41.18
2026-06-25T16:33:57Z,2026-07-01,3,17,4,23.53
2026-06-25T16:48:59Z,2026-07-01,1,17,7,41.18
2026-06-25T16:48:59Z,2026-07-01,2,17,7,41.18
2026-06-25T16:48:59Z,2026-07-01,3,17,4,23.53
2026-06-25T17:24:16Z,2026-07-01,1,17,7,41.18
2026-06-25T17:24:16Z,2026-07-01,2,17,7,41.18
2026-06-25T17:24:16Z,2026-07-01,3,17,4,23.53
2026-06-25T17:44:07Z,2026-07-01,1,17,7,41.18
2026-06-25T17:44:07Z,2026-07-01,2,17,7,41.18
2026-06-25T17:44:07Z,2026-07-01,3,17,4,23.53
2026-06-25T17:53:49Z,2026-07-01,1,17,7,41.18
2026-06-25T17:53:49Z,2026-07-01,2,17,7,41.18
2026-06-25T17:53:49Z,2026-07-01,3,17,4,23.53
2026-06-25T18:19:08Z,2026-07-01,1,17,7,41.18
2026-06-25T18:19:08Z,2026-07-01,2,17,7,41.18
2026-06-25T18:19:08Z,2026-07-01,3,17,4,23.53
2026-06-25T18:23:57Z,2026-07-01,1,17,7,41.18
2026-06-25T18:23:57Z,2026-07-01,2,17,7,41.18
2026-06-25T18:23:57Z,2026-07-01,3,17,4,23.53
2026-06-25T19:24:04Z,2026-07-01,1,17,7,41.18
2026-06-25T19:24:04Z,2026-07-01,2,17,7,41.18
2026-06-25T19:24:04Z,2026-07-01,3,17,4,23.53
2026-06-25T19:53:55Z,2026-07-01,1,17,7,41.18
2026-06-25T19:53:55Z,2026-07-01,2,17,7,41.18
2026-06-25T19:53:55Z,2026-07-01,3,17,4,23.53
2026-06-25T20:28:55Z,2026-07-01,1,17,7,41.18
2026-06-25T20:28:55Z,2026-07-01,2,17,7,41.18
2026-06-25T20:28:55Z,2026-07-01,3,17,4,23.53
2026-06-25T20:34:17Z,2026-07-01,1,17,7,41.18
2026-06-25T20:34:17Z,2026-07-01,2,17,7,41.18
2026-06-25T20:34:17Z,2026-07-01,3,17,4,23.53
2026-06-25T20:58:52Z,2026-07-01,1,17,8,47.06
2026-06-25T20:58:52Z,2026-07-01,2,17,7,41.18
2026-06-25T20:58:52Z,2026-07-01,3,17,4,23.53
2026-06-25T21:13:57Z,2026-07-01,1,17,8,47.06
2026-06-25T21:13:57Z,2026-07-01,2,17,7,41.18
2026-06-25T21:13:57Z,2026-07-01,3,17,4,23.53
2026-06-25T21:18:55Z,2026-07-01,1,17,8,47.06
2026-06-25T21:18:55Z,2026-07-01,2,17,7,41.18
2026-06-25T21:18:55Z,2026-07-01,3,17,4,23.53
2026-06-25T21:48:54Z,2026-07-01,1,17,8,47.06
2026-06-25T21:48:54Z,2026-07-01,2,17,7,41.18
2026-06-25T21:48:54Z,2026-07-01,3,17,4,23.53
2026-06-25T22:04:07Z,2026-07-01,1,17,8,47.06
2026-06-25T22:04:07Z,2026-07-01,2,17,7,41.18
2026-06-25T22:04:07Z,2026-07-01,3,17,4,23.53
2026-06-25T22:28:54Z,2026-07-01,1,17,8,47.06
2026-06-25T22:28:54Z,2026-07-01,2,17,7,41.18
2026-06-25T22:28:54Z,2026-07-01,3,17,4,23.53
2026-06-25T22:49:02Z,2026-07-01,1,17,8,47.06
2026-06-25T22:49:02Z,2026-07-01,2,17,7,41.18
2026-06-25T22:49:02Z,2026-07-01,3,17,4,23.53
2026-06-25T22:53:54Z,2026-07-01,1,17,8,47.06
2026-06-25T22:53:54Z,2026-07-01,2,17,7,41.18
2026-06-25T22:53:54Z,2026-07-01,3,17,4,23.53
2026-06-25T22:59:04Z,2026-07-01,1,17,8,47.06
2026-06-25T22:59:04Z,2026-07-01,2,17,7,41.18
2026-06-25T22:59:04Z,2026-07-01,3,17,4,23.53
2026-06-25T23:03:59Z,2026-07-01,1,17,8,47.06
2026-06-25T23:03:59Z,2026-07-01,2,17,7,41.18
2026-06-25T23:03:59Z,2026-07-01,3,17,4,23.53
2026-06-25T23:24:00Z,2026-07-01,1,17,8,47.06
2026-06-25T23:24:00Z,2026-07-01,2,17,7,41.18
2026-06-25T23:24:00Z,2026-07-01,3,17,4,23.53
2026-06-25T23:33:57Z,2026-07-01,1,17,8,47.06
2026-06-25T23:33:57Z,2026-07-01,2,17,7,41.18
2026-06-25T23:33:57Z,2026-07-01,3,17,4,23.53
2026-06-25T23:38:48Z,2026-07-01,1,17,8,47.06
2026-06-25T23:38:48Z,2026-07-01,2,17,7,41.18
2026-06-25T23:38:48Z,2026-07-01,3,17,4,23.53
2026-06-25T23:54:03Z,2026-07-01,1,17,8,47.06
2026-06-25T23:54:03Z,2026-07-01,2,17,7,41.18
2026-06-25T23:54:03Z,2026-07-01,3,17,4,23.53
2026-06-25T23:58:54Z,2026-07-01,1,17,8,47.06
2026-06-25T23:58:54Z,2026-07-01,2,17,7,41.18
2026-06-25T23:58:54Z,2026-07-01,3,17,4,23.53
2026-06-26T00:03:29Z,2026-07-01,1,17,8,47.06
2026-06-26T00:03:29Z,2026-07-01,2,17,7,41.18
2026-06-26T00:03:29Z,2026-07-01,3,17,4,23.53
2026-06-26T00:03:38Z,2026-07-02,1,17,9,52.94
2026-06-26T00:03:38Z,2026-07-02,2,17,6,35.29
2026-06-26T00:03:38Z,2026-07-02,3,17,2,11.76
2026-06-26T00:13:19Z,2026-07-01,1,17,8,47.06
2026-06-26T00:13:19Z,2026-07-01,2,17,7,41.18
2026-06-26T00:13:19Z,2026-07-01,3,17,4,23.53
2026-06-26T00:13:28Z,2026-07-02,1,17,9,52.94
2026-06-26T00:13:28Z,2026-07-02,2,17,6,35.29
2026-06-26T00:13:28Z,2026-07-02,3,17,2,11.76
2026-06-26T00:18:29Z,2026-07-01,1,17,8,47.06
2026-06-26T00:18:29Z,2026-07-01,2,17,7,41.18
2026-06-26T00:18:29Z,2026-07-01,3,17,4,23.53
2026-06-26T00:18:38Z,2026-07-02,1,17,9,52.94
2026-06-26T00:18:38Z,2026-07-02,2,17,6,35.29
2026-06-26T00:18:38Z,2026-07-02,3,17,2,11.76
2026-06-26T00:23:23Z,2026-07-01,1,17,8,47.06
2026-06-26T00:23:23Z,2026-07-01,2,17,7,41.18
2026-06-26T00:23:23Z,2026-07-01,3,17,4,23.53
2026-06-26T00:23:32Z,2026-07-02,1,17,9,52.94
2026-06-26T00:23:32Z,2026-07-02,2,17,6,35.29
2026-06-26T00:23:32Z,2026-07-02,3,17,2,11.76
2026-06-26T00:33:23Z,2026-07-01,1,17,8,47.06
2026-06-26T00:33:23Z,2026-07-01,2,17,7,41.18
2026-06-26T00:33:23Z,2026-07-01,3,17,4,23.53
2026-06-26T00:33:32Z,2026-07-02,1,17,9,52.94
2026-06-26T00:33:32Z,2026-07-02,2,17,6,35.29
2026-06-26T00:33:32Z,2026-07-02,3,17,2,11.76
2026-06-26T00:38:32Z,2026-07-01,1,17,8,47.06
2026-06-26T00:38:32Z,2026-07-01,2,17,7,41.18
2026-06-26T00:38:32Z,2026-07-01,3,17,4,23.53
2026-06-26T00:38:41Z,2026-07-02,1,17,9,52.94
2026-06-26T00:38:41Z,2026-07-02,2,17,6,35.29
2026-06-26T00:38:41Z,2026-07-02,3,17,2,11.76
2026-06-26T09:03:43Z,2026-07-01,1,17,8,47.06
2026-06-26T09:03:43Z,2026-07-01,2,17,7,41.18
2026-06-26T09:03:43Z,2026-07-01,3,17,4,23.53
2026-06-26T09:03:51Z,2026-07-02,1,17,9,52.94
2026-06-26T09:03:51Z,2026-07-02,2,17,6,35.29
2026-06-26T09:03:51Z,2026-07-02,3,17,2,11.76
2026-06-26T09:08:36Z,2026-07-01,1,17,8,47.06
2026-06-26T09:08:36Z,2026-07-01,2,17,7,41.18
2026-06-26T09:08:36Z,2026-07-01,3,17,4,23.53
2026-06-26T09:08:45Z,2026-07-02,1,17,9,52.94
2026-06-26T09:08:45Z,2026-07-02,2,17,6,35.29
2026-06-26T09:08:45Z,2026-07-02,3,17,2,11.76
2026-06-26T09:33:28Z,2026-07-01,1,17,8,47.06
2026-06-26T09:33:28Z,2026-07-01,2,17,7,41.18
2026-06-26T09:33:28Z,2026-07-01,3,17,4,23.53
2026-06-26T09:33:37Z,2026-07-02,1,17,9,52.94
2026-06-26T09:33:37Z,2026-07-02,2,17,6,35.29
2026-06-26T09:33:37Z,2026-07-02,3,17,2,11.76
2026-06-26T09:38:26Z,2026-07-01,1,17,8,47.06
2026-06-26T09:38:26Z,2026-07-01,2,17,7,41.18
2026-06-26T09:38:26Z,2026-07-01,3,17,4,23.53
2026-06-26T09:38:35Z,2026-07-02,1,17,9,52.94
2026-06-26T09:38:35Z,2026-07-02,2,17,6,35.29
2026-06-26T09:38:35Z,2026-07-02,3,17,2,11.76
2026-06-26T09:43:39Z,2026-07-01,1,17,8,47.06
2026-06-26T09:43:39Z,2026-07-01,2,17,7,41.18
2026-06-26T09:43:39Z,2026-07-01,3,17,4,23.53
2026-06-26T09:43:48Z,2026-07-02,1,17,9,52.94
2026-06-26T09:43:48Z,2026-07-02,2,17,6,35.29
2026-06-26T09:43:48Z,2026-07-02,3,17,2,11.76
2026-06-26T09:48:49Z,2026-07-01,1,17,8,47.06
2026-06-26T09:48:49Z,2026-07-01,2,17,7,41.18
2026-06-26T09:48:49Z,2026-07-01,3,17,4,23.53
2026-06-26T09:48:58Z,2026-07-02,1,17,9,52.94
2026-06-26T09:48:58Z,2026-07-02,2,17,6,35.29
2026-06-26T09:48:58Z,2026-07-02,3,17,2,11.76
2026-06-26T09:53:27Z,2026-07-01,1,17,8,47.06
2026-06-26T09:53:27Z,2026-07-01,2,17,7,41.18
2026-06-26T09:53:27Z,2026-07-01,3,17,4,23.53
2026-06-26T09:53:36Z,2026-07-02,1,17,9,52.94
2026-06-26T09:53:36Z,2026-07-02,2,17,6,35.29
2026-06-26T09:53:36Z,2026-07-02,3,17,2,11.76
2026-06-26T10:08:22Z,2026-07-01,1,17,8,47.06
2026-06-26T10:08:22Z,2026-07-01,2,17,7,41.18
2026-06-26T10:08:22Z,2026-07-01,3,17,4,23.53
2026-06-26T10:08:31Z,2026-07-02,1,17,9,52.94
2026-06-26T10:08:31Z,2026-07-02,2,17,6,35.29
2026-06-26T10:08:31Z,2026-07-02,3,17,2,11.76
2026-06-26T10:13:27Z,2026-07-01,1,17,8,47.06
2026-06-26T10:13:27Z,2026-07-01,2,17,7,41.18
2026-06-26T10:13:27Z,2026-07-01,3,17,4,23.53
2026-06-26T10:13:36Z,2026-07-02,1,17,9,52.94
2026-06-26T10:13:36Z,2026-07-02,2,17,6,35.29
2026-06-26T10:13:36Z,2026-07-02,3,17,2,11.76
2026-06-26T10:23:22Z,2026-07-01,1,17,8,47.06
2026-06-26T10:23:22Z,2026-07-01,2,17,7,41.18
2026-06-26T10:23:22Z,2026-07-01,3,17,4,23.53
2026-06-26T10:23:30Z,2026-07-02,1,17,9,52.94
2026-06-26T10:23:30Z,2026-07-02,2,17,6,35.29
2026-06-26T10:23:30Z,2026-07-02,3,17,2,11.76
2026-06-26T11:13:32Z,2026-07-01,1,17,8,47.06
2026-06-26T11:13:32Z,2026-07-01,2,17,7,41.18
2026-06-26T11:13:32Z,2026-07-01,3,17,4,23.53
2026-06-26T11:13:41Z,2026-07-02,1,17,9,52.94
2026-06-26T11:13:41Z,2026-07-02,2,17,6,35.29
2026-06-26T11:13:41Z,2026-07-02,3,17,2,11.76
2026-06-26T11:18:27Z,2026-07-01,1,17,8,47.06
2026-06-26T11:18:27Z,2026-07-01,2,17,7,41.18
2026-06-26T11:18:27Z,2026-07-01,3,17,4,23.53
2026-06-26T11:18:36Z,2026-07-02,1,17,9,52.94
2026-06-26T11:18:36Z,2026-07-02,2,17,6,35.29
2026-06-26T11:18:36Z,2026-07-02,3,17,2,11.76
2026-06-26T11:53:23Z,2026-07-01,1,17,8,47.06
2026-06-26T11:53:23Z,2026-07-01,2,17,7,41.18
2026-06-26T11:53:23Z,2026-07-01,3,17,4,23.53
2026-06-26T11:53:32Z,2026-07-02,1,17,9,52.94
2026-06-26T11:53:32Z,2026-07-02,2,17,6,35.29
2026-06-26T11:53:32Z,2026-07-02,3,17,2,11.76
2026-06-26T11:58:24Z,2026-07-01,1,17,8,47.06
2026-06-26T11:58:24Z,2026-07-01,2,17,7,41.18
2026-06-26T11:58:24Z,2026-07-01,3,17,4,23.53
2026-06-26T11:58:33Z,2026-07-02,1,17,9,52.94
2026-06-26T11:58:33Z,2026-07-02,2,17,6,35.29
2026-06-26T11:58:33Z,2026-07-02,3,17,2,11.76
2026-06-26T12:06:01Z,2026-07-01,1,17,8,47.06
2026-06-26T12:06:01Z,2026-07-01,2,17,7,41.18
2026-06-26T12:06:01Z,2026-07-01,3,17,4,23.53
2026-06-26T12:06:09Z,2026-07-02,1,17,9,52.94
2026-06-26T12:06:09Z,2026-07-02,2,17,6,35.29
2026-06-26T12:06:09Z,2026-07-02,3,17,2,11.76
2026-06-26T12:18:33Z,2026-07-01,1,17,8,47.06
2026-06-26T12:18:33Z,2026-07-01,2,17,7,41.18
2026-06-26T12:18:33Z,2026-07-01,3,17,4,23.53
2026-06-26T12:18:42Z,2026-07-02,1,17,9,52.94
2026-06-26T12:18:42Z,2026-07-02,2,17,6,35.29
2026-06-26T12:18:42Z,2026-07-02,3,17,2,11.76
2026-06-26T12:28:33Z,2026-07-01,1,17,8,47.06
2026-06-26T12:28:33Z,2026-07-01,2,17,7,41.18
2026-06-26T12:28:33Z,2026-07-01,3,17,4,23.53
2026-06-26T12:28:42Z,2026-07-02,1,17,9,52.94
2026-06-26T12:28:42Z,2026-07-02,2,17,6,35.29
2026-06-26T12:28:42Z,2026-07-02,3,17,2,11.76
2026-06-26T12:33:27Z,2026-07-01,1,17,8,47.06
2026-06-26T12:33:27Z,2026-07-01,2,17,7,41.18
2026-06-26T12:33:27Z,2026-07-01,3,17,4,23.53
2026-06-26T12:33:36Z,2026-07-02,1,17,9,52.94
2026-06-26T12:33:36Z,2026-07-02,2,17,6,35.29
2026-06-26T12:33:36Z,2026-07-02,3,17,2,11.76
2026-06-26T12:48:24Z,2026-07-01,1,17,8,47.06
2026-06-26T12:48:24Z,2026-07-01,2,17,7,41.18
2026-06-26T12:48:24Z,2026-07-01,3,17,4,23.53
2026-06-26T12:48:33Z,2026-07-02,1,17,9,52.94
2026-06-26T12:48:33Z,2026-07-02,2,17,6,35.29
2026-06-26T12:48:33Z,2026-07-02,3,17,2,11.76
2026-06-26T12:53:23Z,2026-07-01,1,17,8,47.06
2026-06-26T12:53:23Z,2026-07-01,2,17,7,41.18
2026-06-26T12:53:23Z,2026-07-01,3,17,4,23.53
2026-06-26T12:53:32Z,2026-07-02,1,17,9,52.94
2026-06-26T12:53:32Z,2026-07-02,2,17,6,35.29
2026-06-26T12:53:32Z,2026-07-02,3,17,2,11.76
2026-06-26T12:58:34Z,2026-07-01,1,17,8,47.06
2026-06-26T12:58:34Z,2026-07-01,2,17,7,41.18
2026-06-26T12:58:34Z,2026-07-01,3,17,4,23.53
2026-06-26T12:58:43Z,2026-07-02,1,17,9,52.94
2026-06-26T12:58:43Z,2026-07-02,2,17,6,35.29
2026-06-26T12:58:43Z,2026-07-02,3,17,2,11.76
2026-06-26T13:33:28Z,2026-07-01,1,17,8,47.06
2026-06-26T13:33:28Z,2026-07-01,2,17,7,41.18
2026-06-26T13:33:28Z,2026-07-01,3,17,4,23.53
2026-06-26T13:33:38Z,2026-07-02,1,17,9,52.94
2026-06-26T13:33:38Z,2026-07-02,2,17,6,35.29
2026-06-26T13:33:38Z,2026-07-02,3,17,2,11.76
2026-06-26T14:08:25Z,2026-07-01,1,17,8,47.06
2026-06-26T14:08:25Z,2026-07-01,2,17,7,41.18
2026-06-26T14:08:25Z,2026-07-01,3,17,4,23.53
2026-06-26T14:08:34Z,2026-07-02,1,17,9,52.94
2026-06-26T14:08:34Z,2026-07-02,2,17,6,35.29
2026-06-26T14:08:34Z,2026-07-02,3,17,2,11.76
2026-06-26T14:13:26Z,2026-07-01,1,17,8,47.06
2026-06-26T14:13:26Z,2026-07-01,2,17,7,41.18
2026-06-26T14:13:26Z,2026-07-01,3,17,4,23.53
2026-06-26T14:13:35Z,2026-07-02,1,17,9,52.94
2026-06-26T14:13:35Z,2026-07-02,2,17,6,35.29
2026-06-26T14:13:35Z,2026-07-02,3,17,2,11.76
2026-06-26T14:23:25Z,2026-07-01,1,17,8,47.06
2026-06-26T14:23:25Z,2026-07-01,2,17,7,41.18
2026-06-26T14:23:25Z,2026-07-01,3,17,4,23.53
2026-06-26T14:23:34Z,2026-07-02,1,17,9,52.94
2026-06-26T14:23:34Z,2026-07-02,2,17,6,35.29
2026-06-26T14:23:34Z,2026-07-02,3,17,2,11.76
2026-06-26T14:45:33Z,2026-07-01,1,17,8,47.06
2026-06-26T14:45:33Z,2026-07-01,2,17,7,41.18
2026-06-26T14:45:33Z,2026-07-01,3,17,4,23.53
2026-06-26T14:45:42Z,2026-07-02,1,17,9,52.94
2026-06-26T14:45:42Z,2026-07-02,2,17,6,35.29
2026-06-26T14:45:42Z,2026-07-02,3,17,2,11.76
2026-06-26T15:13:31Z,2026-07-01,1,17,8,47.06
2026-06-26T15:13:31Z,2026-07-01,2,17,7,41.18
2026-06-26T15:13:31Z,2026-07-01,3,17,4,23.53
2026-06-26T15:13:40Z,2026-07-02,1,17,9,52.94
2026-06-26T15:13:40Z,2026-07-02,2,17,6,35.29
2026-06-26T15:13:40Z,2026-07-02,3,17,2,11.76
2026-06-26T15:18:33Z,2026-07-01,1,17,8,47.06
2026-06-26T15:18:33Z,2026-07-01,2,17,7,41.18
2026-06-26T15:18:33Z,2026-07-01,3,17,4,23.53
2026-06-26T15:18:42Z,2026-07-02,1,17,9,52.94
2026-06-26T15:18:42Z,2026-07-02,2,17,6,35.29
2026-06-26T15:18:42Z,2026-07-02,3,17,2,11.76
2026-06-26T15:23:24Z,2026-07-01,1,17,8,47.06
2026-06-26T15:23:24Z,2026-07-01,2,17,7,41.18
2026-06-26T15:23:24Z,2026-07-01,3,17,4,23.53
2026-06-26T15:23:33Z,2026-07-02,1,17,9,52.94
2026-06-26T15:23:33Z,2026-07-02,2,17,6,35.29
2026-06-26T15:23:33Z,2026-07-02,3,17,2,11.76
2026-06-26T16:03:35Z,2026-07-01,1,17,8,47.06
2026-06-26T16:03:35Z,2026-07-01,2,17,7,41.18
2026-06-26T16:03:35Z,2026-07-01,3,17,4,23.53
2026-06-26T16:03:44Z,2026-07-02,1,17,9,52.94
2026-06-26T16:03:44Z,2026-07-02,2,17,6,35.29
2026-06-26T16:03:44Z,2026-07-02,3,17,2,11.76
2026-06-26T16:08:26Z,2026-07-01,1,17,8,47.06
2026-06-26T16:08:26Z,2026-07-01,2,17,7,41.18
2026-06-26T16:08:26Z,2026-07-01,3,17,4,23.53
2026-06-26T16:08:35Z,2026-07-02,1,17,9,52.94
2026-06-26T16:08:35Z,2026-07-02,2,17,6,35.29
2026-06-26T16:08:35Z,2026-07-02,3,17,2,11.76
2026-06-26T16:23:25Z,2026-07-01,1,17,8,47.06
2026-06-26T16:23:25Z,2026-07-01,2,17,7,41.18
2026-06-26T16:23:25Z,2026-07-01,3,17,4,23.53
2026-06-26T16:23:34Z,2026-07-02,1,17,9,52.94
2026-06-26T16:23:34Z,2026-07-02,2,17,6,35.29
2026-06-26T16:23:34Z,2026-07-02,3,17,2,11.76
2026-06-26T16:28:21Z,2026-07-01,1,17,8,47.06
2026-06-26T16:28:21Z,2026-07-01,2,17,7,41.18
2026-06-26T16:28:21Z,2026-07-01,3,17,4,23.53
2026-06-26T16:28:30Z,2026-07-02,1,17,9,52.94
2026-06-26T16:28:30Z,2026-07-02,2,17,6,35.29
2026-06-26T16:28:30Z,2026-07-02,3,17,2,11.76
2026-06-26T16:38:21Z,2026-07-01,1,17,8,47.06
2026-06-26T16:38:21Z,2026-07-01,2,17,7,41.18
2026-06-26T16:38:21Z,2026-07-01,3,17,4,23.53
2026-06-26T16:38:30Z,2026-07-02,1,17,9,52.94
2026-06-26T16:38:30Z,2026-07-02,2,17,6,35.29
2026-06-26T16:38:30Z,2026-07-02,3,17,2,11.76
2026-06-26T16:43:25Z,2026-07-01,1,17,8,47.06
2026-06-26T16:43:25Z,2026-07-01,2,17,7,41.18
2026-06-26T16:43:25Z,2026-07-01,3,17,4,23.53
2026-06-26T16:43:34Z,2026-07-02,1,17,9,52.94
2026-06-26T16:43:34Z,2026-07-02,2,17,6,35.29
2026-06-26T16:43:34Z,2026-07-02,3,17,2,11.76
2026-06-26T16:53:24Z,2026-07-01,1,17,8,47.06
2026-06-26T16:53:24Z,2026-07-01,2,17,7,41.18
2026-06-26T16:53:24Z,2026-07-01,3,17,4,23.53
2026-06-26T16:53:33Z,2026-07-02,1,17,9,52.94
2026-06-26T16:53:33Z,2026-07-02,2,17,6,35.29
2026-06-26T16:53:33Z,2026-07-02,3,17,2,11.76
2026-06-26T17:28:25Z,2026-07-01,1,17,8,47.06
2026-06-26T17:28:25Z,2026-07-01,2,17,7,41.18
2026-06-26T17:28:25Z,2026-07-01,3,17,4,23.53
2026-06-26T17:28:34Z,2026-07-02,1,17,9,52.94
2026-06-26T17:28:34Z,2026-07-02,2,17,6,35.29
2026-06-26T17:28:34Z,2026-07-02,3,17,2,11.76
2026-06-26T17:48:27Z,2026-07-01,1,17,8,47.06
2026-06-26T17:48:27Z,2026-07-01,2,17,7,41.18
2026-06-26T17:48:27Z,2026-07-01,3,17,4,23.53
2026-06-26T17:48:36Z,2026-07-02,1,17,9,52.94
2026-06-26T17:48:36Z,2026-07-02,2,17,6,35.29
2026-06-26T17:48:36Z,2026-07-02,3,17,2,11.76
2026-06-26T17:53:20Z,2026-07-01,1,17,8,47.06
2026-06-26T17:53:20Z,2026-07-01,2,17,7,41.18
2026-06-26T17:53:20Z,2026-07-01,3,17,4,23.53
2026-06-26T17:53:29Z,2026-07-02,1,17,9,52.94
2026-06-26T17:53:29Z,2026-07-02,2,17,6,35.29
2026-06-26T17:53:29Z,2026-07-02,3,17,2,11.76
2026-06-26T18:13:26Z,2026-07-01,1,17,8,47.06
2026-06-26T18:13:26Z,2026-07-01,2,17,7,41.18
2026-06-26T18:13:26Z,2026-07-01,3,17,4,23.53
2026-06-26T18:13:35Z,2026-07-02,1,17,9,52.94
2026-06-26T18:13:35Z,2026-07-02,2,17,6,35.29
2026-06-26T18:13:35Z,2026-07-02,3,17,2,11.76
2026-06-26T18:17:12Z,2026-07-01,1,17,8,47.06
2026-06-26T18:17:12Z,2026-07-01,2,17,7,41.18
2026-06-26T18:17:12Z,2026-07-01,3,17,4,23.53
2026-06-26T18:17:21Z,2026-07-02,1,17,9,52.94
2026-06-26T18:17:21Z,2026-07-02,2,17,6,35.29
2026-06-26T18:17:21Z,2026-07-02,3,17,2,11.76
2026-06-26T18:28:26Z,2026-07-01,1,17,8,47.06
2026-06-26T18:28:26Z,2026-07-01,2,17,7,41.18
2026-06-26T18:28:26Z,2026-07-01,3,17,4,23.53
2026-06-26T18:28:34Z,2026-07-02,1,17,9,52.94
2026-06-26T18:28:34Z,2026-07-02,2,17,6,35.29
2026-06-26T18:28:34Z,2026-07-02,3,17,2,11.76
2026-06-26T18:38:31Z,2026-07-01,1,17,8,47.06
2026-06-26T18:38:31Z,2026-07-01,2,17,7,41.18
2026-06-26T18:38:31Z,2026-07-01,3,17,4,23.53
2026-06-26T18:38:40Z,2026-07-02,1,17,9,52.94
2026-06-26T18:38:40Z,2026-07-02,2,17,6,35.29
2026-06-26T18:38:40Z,2026-07-02,3,17,2,11.76
2026-06-26T18:48:22Z,2026-07-01,1,17,8,47.06
2026-06-26T18:48:22Z,2026-07-01,2,17,7,41.18
2026-06-26T18:48:22Z,2026-07-01,3,17,4,23.53
2026-06-26T18:48:31Z,2026-07-02,1,17,9,52.94
2026-06-26T18:48:31Z,2026-07-02,2,17,6,35.29
2026-06-26T18:48:31Z,2026-07-02,3,17,2,11.76
2026-06-26T18:53:26Z,2026-07-01,1,17,8,47.06
2026-06-26T18:53:26Z,2026-07-01,2,17,7,41.18
2026-06-26T18:53:26Z,2026-07-01,3,17,4,23.53
2026-06-26T18:53:35Z,2026-07-02,1,17,9,52.94
2026-06-26T18:53:35Z,2026-07-02,2,17,6,35.29
2026-06-26T18:53:35Z,2026-07-02,3,17,2,11.76
2026-06-26T19:08:23Z,2026-07-01,1,17,8,47.06
2026-06-26T19:08:23Z,2026-07-01,2,17,7,41.18
2026-06-26T19:08:23Z,2026-07-01,3,17,4,23.53
2026-06-26T19:08:32Z,2026-07-02,1,17,9,52.94
2026-06-26T19:08:32Z,2026-07-02,2,17,6,35.29
2026-06-26T19:08:32Z,2026-07-02,3,17,2,11.76
2026-06-26T19:28:27Z,2026-07-01,1,17,8,47.06
2026-06-26T19:28:27Z,2026-07-01,2,17,7,41.18
2026-06-26T19:28:27Z,2026-07-01,3,17,4,23.53
2026-06-26T19:28:36Z,2026-07-02,1,17,9,52.94
2026-06-26T19:28:36Z,2026-07-02,2,17,6,35.29
2026-06-26T19:28:36Z,2026-07-02,3,17,2,11.76
2026-06-26T19:43:25Z,2026-07-01,1,17,8,47.06
2026-06-26T19:43:25Z,2026-07-01,2,17,7,41.18
2026-06-26T19:43:25Z,2026-07-01,3,17,4,23.53
2026-06-26T19:43:34Z,2026-07-02,1,17,9,52.94
2026-06-26T19:43:34Z,2026-07-02,2,17,6,35.29
2026-06-26T19:43:34Z,2026-07-02,3,17,2,11.76
2026-06-26T19:53:23Z,2026-07-01,1,17,8,47.06
2026-06-26T19:53:23Z,2026-07-01,2,17,7,41.18
2026-06-26T19:53:23Z,2026-07-01,3,17,4,23.53
2026-06-26T19:53:32Z,2026-07-02,1,17,9,52.94
2026-06-26T19:53:32Z,2026-07-02,2,17,6,35.29
2026-06-26T19:53:32Z,2026-07-02,3,17,2,11.76
2026-06-26T20:08:20Z,2026-07-01,1,17,8,47.06
2026-06-26T20:08:20Z,2026-07-01,2,17,7,41.18
2026-06-26T20:08:20Z,2026-07-01,3,17,4,23.53
2026-06-26T20:08:29Z,2026-07-02,1,17,9,52.94
2026-06-26T20:08:29Z,2026-07-02,2,17,6,35.29
2026-06-26T20:08:29Z,2026-07-02,3,17,2,11.76
2026-06-26T20:15:25Z,2026-07-01,1,17,8,47.06
2026-06-26T20:15:25Z,2026-07-01,2,17,7,41.18
2026-06-26T20:15:25Z,2026-07-01,3,17,4,23.53
2026-06-26T20:15:34Z,2026-07-02,1,17,9,52.94
2026-06-26T20:15:34Z,2026-07-02,2,17,6,35.29
2026-06-26T20:15:34Z,2026-07-02,3,17,2,11.76
2026-06-26T20:23:28Z,2026-07-01,1,17,8,47.06
2026-06-26T20:23:28Z,2026-07-01,2,17,7,41.18
2026-06-26T20:23:28Z,2026-07-01,3,17,4,23.53
2026-06-26T20:23:37Z,2026-07-02,1,17,9,52.94
2026-06-26T20:23:37Z,2026-07-02,2,17,6,35.29
2026-06-26T20:23:37Z,2026-07-02,3,17,2,11.76
2026-06-26T21:03:28Z,2026-07-01,1,17,8,47.06
2026-06-26T21:03:28Z,2026-07-01,2,17,7,41.18
2026-06-26T21:03:28Z,2026-07-01,3,17,4,23.53
2026-06-26T21:03:37Z,2026-07-02,1,17,9,52.94
2026-06-26T21:03:37Z,2026-07-02,2,17,6,35.29
2026-06-26T21:03:37Z,2026-07-02,3,17,2,11.76
2026-06-26T21:13:26Z,2026-07-01,1,17,8,47.06
2026-06-26T21:13:26Z,2026-07-01,2,17,7,41.18
2026-06-26T21:13:26Z,2026-07-01,3,17,4,23.53
2026-06-26T21:13:35Z,2026-07-02,1,17,9,52.94
2026-06-26T21:13:35Z,2026-07-02,2,17,6,35.29
2026-06-26T21:13:35Z,2026-07-02,3,17,2,11.76
2026-06-26T21:18:32Z,2026-07-01,1,17,8,47.06
2026-06-26T21:18:32Z,2026-07-01,2,17,7,41.18
2026-06-26T21:18:32Z,2026-07-01,3,17,4,23.53
2026-06-26T21:18:41Z,2026-07-02,1,17,9,52.94
2026-06-26T21:18:41Z,2026-07-02,2,17,6,35.29
2026-06-26T21:18:41Z,2026-07-02,3,17,2,11.76
2026-06-26T21:28:22Z,2026-07-01,1,17,8,47.06
2026-06-26T21:28:22Z,2026-07-01,2,17,7,41.18
2026-06-26T21:28:22Z,2026-07-01,3,17,4,23.53
2026-06-26T21:28:30Z,2026-07-02,1,17,9,52.94
2026-06-26T21:28:30Z,2026-07-02,2,17,6,35.29
2026-06-26T21:28:30Z,2026-07-02,3,17,2,11.76
2026-06-26T21:43:30Z,2026-07-01,1,17,8,47.06
2026-06-26T21:43:30Z,2026-07-01,2,17,7,41.18
2026-06-26T21:43:30Z,2026-07-01,3,17,4,23.53
2026-06-26T21:43:39Z,2026-07-02,1,17,9,52.94
2026-06-26T21:43:39Z,2026-07-02,2,17,6,35.29
2026-06-26T21:43:39Z,2026-07-02,3,17,2,11.76
2026-06-26T21:58:26Z,2026-07-01,1,17,8,47.06
2026-06-26T21:58:26Z,2026-07-01,2,17,7,41.18
2026-06-26T21:58:26Z,2026-07-01,3,17,4,23.53
2026-06-26T21:58:35Z,2026-07-02,1,17,9,52.94
2026-06-26T21:58:35Z,2026-07-02,2,17,6,35.29
2026-06-26T21:58:35Z,2026-07-02,3,17,2,11.76
2026-06-26T22:18:20Z,2026-07-01,1,17,6,35.29
2026-06-26T22:18:20Z,2026-07-01,2,17,7,41.18
2026-06-26T22:18:20Z,2026-07-01,3,17,4,23.53
2026-06-26T22:18:29Z,2026-07-02,1,17,9,52.94
2026-06-26T22:18:29Z,2026-07-02,2,17,6,35.29
2026-06-26T22:18:29Z,2026-07-02,3,17,2,11.76
2026-06-26T22:33:32Z,2026-07-01,1,17,6,35.29
2026-06-26T22:33:32Z,2026-07-01,2,17,7,41.18
2026-06-26T22:33:32Z,2026-07-01,3,17,4,23.53
2026-06-26T22:33:41Z,2026-07-02,1,17,9,52.94
2026-06-26T22:33:41Z,2026-07-02,2,17,6,35.29
2026-06-26T22:33:41Z,2026-07-02,3,17,2,11.76
2026-06-26T22:38:20Z,2026-07-01,1,17,6,35.29
2026-06-26T22:38:20Z,2026-07-01,2,17,7,41.18
2026-06-26T22:38:20Z,2026-07-01,3,17,4,23.53
2026-06-26T22:38:29Z,2026-07-02,1,17,9,52.94
2026-06-26T22:38:29Z,2026-07-02,2,17,6,35.29
2026-06-26T22:38:29Z,2026-07-02,3,17,2,11.76
2026-06-26T22:48:25Z,2026-07-01,1,17,6,35.29
2026-06-26T22:48:25Z,2026-07-01,2,17,7,41.18
2026-06-26T22:48:25Z,2026-07-01,3,17,4,23.53
2026-06-26T22:48:34Z,2026-07-02,1,17,9,52.94
2026-06-26T22:48:34Z,2026-07-02,2,17,6,35.29
2026-06-26T22:48:34Z,2026-07-02,3,17,2,11.76
2026-06-26T22:53:25Z,2026-07-01,1,17,6,35.29
2026-06-26T22:53:25Z,2026-07-01,2,17,7,41.18
2026-06-26T22:53:25Z,2026-07-01,3,17,4,23.53
2026-06-26T22:53:34Z,2026-07-02,1,17,9,52.94
2026-06-26T22:53:34Z,2026-07-02,2,17,6,35.29
2026-06-26T22:53:34Z,2026-07-02,3,17,2,11.76
2026-06-26T22:58:25Z,2026-07-01,1,17,6,35.29
2026-06-26T22:58:25Z,2026-07-01,2,17,7,41.18
2026-06-26T22:58:25Z,2026-07-01,3,17,4,23.53
2026-06-26T22:58:34Z,2026-07-02,1,17,9,52.94
2026-06-26T22:58:34Z,2026-07-02,2,17,6,35.29
2026-06-26T22:58:34Z,2026-07-02,3,17,2,11.76
2026-06-26T23:03:32Z,2026-07-01,1,17,6,35.29
2026-06-26T23:03:32Z,2026-07-01,2,17,7,41.18
2026-06-26T23:03:32Z,2026-07-01,3,17,4,23.53
2026-06-26T23:03:41Z,2026-07-02,1,17,9,52.94
2026-06-26T23:03:41Z,2026-07-02,2,17,6,35.29
2026-06-26T23:03:41Z,2026-07-02,3,17,2,11.76
2026-06-26T23:18:25Z,2026-07-01,1,17,6,35.29
2026-06-26T23:18:25Z,2026-07-01,2,17,7,41.18
2026-06-26T23:18:25Z,2026-07-01,3,17,4,23.53
2026-06-26T23:18:34Z,2026-07-02,1,17,9,52.94
2026-06-26T23:18:34Z,2026-07-02,2,17,6,35.29
2026-06-26T23:18:34Z,2026-07-02,3,17,2,11.76
2026-06-26T23:38:24Z,2026-07-01,1,17,6,35.29
2026-06-26T23:38:24Z,2026-07-01,2,17,7,41.18
2026-06-26T23:38:24Z,2026-07-01,3,17,4,23.53
2026-06-26T23:38:33Z,2026-07-02,1,17,9,52.94
2026-06-26T23:38:33Z,2026-07-02,2,17,6,35.29
2026-06-26T23:38:33Z,2026-07-02,3,17,2,11.76
2026-06-26T23:48:34Z,2026-07-01,1,17,6,35.29
2026-06-26T23:48:34Z,2026-07-01,2,17,7,41.18
2026-06-26T23:48:34Z,2026-07-01,3,17,4,23.53
2026-06-26T23:48:43Z,2026-07-02,1,17,9,52.94
2026-06-26T23:48:43Z,2026-07-02,2,17,6,35.29
2026-06-26T23:48:43Z,2026-07-02,3,17,2,11.76
2026-06-26T23:58:26Z,2026-07-01,1,17,6,35.29
2026-06-26T23:58:26Z,2026-07-01,2,17,7,41.18
2026-06-26T23:58:26Z,2026-07-01,3,17,4,23.53
2026-06-26T23:58:35Z,2026-07-02,1,17,9,52.94
2026-06-26T23:58:35Z,2026-07-02,2,17,6,35.29
2026-06-26T23:58:35Z,2026-07-02,3,17,2,11.76
2026-06-27T00:02:58Z,2026-07-01,1,17,6,35.29
2026-06-27T00:02:58Z,2026-07-01,2,17,7,41.18
2026-06-27T00:02:58Z,2026-07-01,3,17,4,23.53
2026-06-27T00:03:07Z,2026-07-02,1,17,9,52.94
2026-06-27T00:03:07Z,2026-07-02,2,17,6,35.29
2026-06-27T00:03:07Z,2026-07-02,3,17,2,11.76
2026-06-27T00:03:16Z,2026-07-03,1,17,8,47.06
2026-06-27T00:03:16Z,2026-07-03,2,17,6,35.29
2026-06-27T00:03:16Z,2026-07-03,3,17,5,29.41
2026-06-27T00:12:49Z,2026-07-01,1,17,6,35.29
2026-06-27T00:12:49Z,2026-07-01,2,17,7,41.18
2026-06-27T00:12:49Z,2026-07-01,3,17,4,23.53
2026-06-27T00:12:58Z,2026-07-02,1,17,9,52.94
2026-06-27T00:12:58Z,2026-07-02,2,17,6,35.29
2026-06-27T00:12:58Z,2026-07-02,3,17,2,11.76
2026-06-27T00:13:07Z,2026-07-03,1,17,8,47.06
2026-06-27T00:13:07Z,2026-07-03,2,17,6,35.29
2026-06-27T00:13:07Z,2026-07-03,3,17,5,29.41
2026-06-27T00:18:00Z,2026-07-01,1,17,6,35.29
2026-06-27T00:18:00Z,2026-07-01,2,17,7,41.18
2026-06-27T00:18:00Z,2026-07-01,3,17,4,23.53
2026-06-27T00:18:09Z,2026-07-02,1,17,9,52.94
2026-06-27T00:18:09Z,2026-07-02,2,17,6,35.29
2026-06-27T00:18:09Z,2026-07-02,3,17,2,11.76
2026-06-27T00:18:18Z,2026-07-03,1,17,8,47.06
2026-06-27T00:18:18Z,2026-07-03,2,17,6,35.29
2026-06-27T00:18:18Z,2026-07-03,3,17,5,29.41
2026-06-27T00:42:52Z,2026-07-01,1,17,6,35.29
2026-06-27T00:42:52Z,2026-07-01,2,17,7,41.18
2026-06-27T00:42:52Z,2026-07-01,3,17,4,23.53
2026-06-27T00:43:01Z,2026-07-02,1,17,9,52.94
2026-06-27T00:43:01Z,2026-07-02,2,17,6,35.29
2026-06-27T00:43:01Z,2026-07-02,3,17,2,11.76
2026-06-27T00:43:10Z,2026-07-03,1,17,8,47.06
2026-06-27T00:43:10Z,2026-07-03,2,17,6,35.29
2026-06-27T00:43:10Z,2026-07-03,3,17,5,29.41
2026-06-27T00:47:51Z,2026-07-01,1,17,6,35.29
2026-06-27T00:47:51Z,2026-07-01,2,17,7,41.18
2026-06-27T00:47:51Z,2026-07-01,3,17,4,23.53
2026-06-27T00:48:00Z,2026-07-02,1,17,9,52.94
2026-06-27T00:48:00Z,2026-07-02,2,17,6,35.29
2026-06-27T00:48:00Z,2026-07-02,3,17,2,11.76
2026-06-27T00:48:08Z,2026-07-03,1,17,8,47.06
2026-06-27T00:48:08Z,2026-07-03,2,17,6,35.29
2026-06-27T00:48:08Z,2026-07-03,3,17,5,29.41
2026-06-27T00:57:51Z,2026-07-01,1,17,6,35.29
2026-06-27T00:57:51Z,2026-07-01,2,17,7,41.18
2026-06-27T00:57:51Z,2026-07-01,3,17,4,23.53
2026-06-27T00:58:00Z,2026-07-02,1,17,9,52.94
2026-06-27T00:58:00Z,2026-07-02,2,17,6,35.29
2026-06-27T00:58:00Z,2026-07-02,3,17,2,11.76
2026-06-27T00:58:09Z,2026-07-03,1,17,8,47.06
2026-06-27T00:58:09Z,2026-07-03,2,17,6,35.29
2026-06-27T00:58:09Z,2026-07-03,3,17,5,29.41
2026-06-27T09:05:52Z,2026-06-27,1,17,10,58.82
2026-06-27T09:05:52Z,2026-06-27,2,17,10,58.82
2026-06-27T09:05:52Z,2026-06-27,3,17,8,47.06
2026-06-27T09:07:29Z,2026-07-01,1,17,6,35.29
2026-06-27T09:07:29Z,2026-07-01,2,17,7,41.18
2026-06-27T09:07:29Z,2026-07-01,3,17,4,23.53
2026-06-27T09:07:38Z,2026-07-02,1,17,9,52.94
2026-06-27T09:07:38Z,2026-07-02,2,17,6,35.29
2026-06-27T09:07:38Z,2026-07-02,3,17,2,11.76
2026-06-27T09:07:47Z,2026-07-03,1,17,8,47.06
2026-06-27T09:07:47Z,2026-07-03,2,17,6,35.29
2026-06-27T09:07:47Z,2026-07-03,3,17,5,29.41
2026-06-27T09:10:55Z,2026-06-27,1,17,10,58.82
2026-06-27T09:10:55Z,2026-06-27,2,17,10,58.82
2026-06-27T09:10:55Z,2026-06-27,3,17,8,47.06
2026-06-27T09:12:32Z,2026-07-01,1,17,6,35.29
2026-06-27T09:12:32Z,2026-07-01,2,17,7,41.18
2026-06-27T09:12:32Z,2026-07-01,3,17,4,23.53
2026-06-27T09:12:40Z,2026-07-02,1,17,9,52.94
2026-06-27T09:12:40Z,2026-07-02,2,17,6,35.29
2026-06-27T09:12:40Z,2026-07-02,3,17,2,11.76
2026-06-27T09:12:49Z,2026-07-03,1,17,8,47.06
2026-06-27T09:12:49Z,2026-07-03,2,17,6,35.29
2026-06-27T09:12:49Z,2026-07-03,3,17,5,29.41
2026-06-27T09:16:01Z,2026-06-27,1,17,10,58.82
2026-06-27T09:16:01Z,2026-06-27,2,17,10,58.82
2026-06-27T09:16:01Z,2026-06-27,3,17,8,47.06
2026-06-27T09:17:38Z,2026-07-01,1,17,6,35.29
2026-06-27T09:17:38Z,2026-07-01,2,17,7,41.18
2026-06-27T09:17:38Z,2026-07-01,3,17,4,23.53
2026-06-27T09:17:47Z,2026-07-02,1,17,9,52.94
2026-06-27T09:17:47Z,2026-07-02,2,17,6,35.29
2026-06-27T09:17:47Z,2026-07-02,3,17,2,11.76
2026-06-27T09:17:56Z,2026-07-03,1,17,8,47.06
2026-06-27T09:17:56Z,2026-07-03,2,17,6,35.29
2026-06-27T09:17:56Z,2026-07-03,3,17,5,29.41
2026-06-27T09:20:51Z,2026-06-27,1,17,10,58.82
2026-06-27T09:20:51Z,2026-06-27,2,17,10,58.82
2026-06-27T09:20:51Z,2026-06-27,3,17,8,47.06
2026-06-27T09:22:28Z,2026-07-01,1,17,6,35.29
2026-06-27T09:22:28Z,2026-07-01,2,17,7,41.18
2026-06-27T09:22:28Z,2026-07-01,3,17,4,23.53
2026-06-27T09:22:37Z,2026-07-02,1,17,9,52.94
2026-06-27T09:22:37Z,2026-07-02,2,17,6,35.29
2026-06-27T09:22:37Z,2026-07-02,3,17,2,11.76
2026-06-27T09:22:46Z,2026-07-03,1,17,8,47.06
2026-06-27T09:22:46Z,2026-07-03,2,17,6,35.29
2026-06-27T09:22:46Z,2026-07-03,3,17,5,29.41
2026-06-27T09:30:52Z,2026-06-27,1,17,10,58.82
2026-06-27T09:30:52Z,2026-06-27,2,17,10,58.82
2026-06-27T09:30:52Z,2026-06-27,3,17,8,47.06
2026-06-27T09:32:29Z,2026-07-01,1,17,6,35.29
2026-06-27T09:32:29Z,2026-07-01,2,17,7,41.18
2026-06-27T09:32:29Z,2026-07-01,3,17,4,23.53
2026-06-27T09:32:38Z,2026-07-02,1,17,9,52.94
2026-06-27T09:32:38Z,2026-07-02,2,17,6,35.29
2026-06-27T09:32:38Z,2026-07-02,3,17,2,11.76
2026-06-27T09:32:47Z,2026-07-03,1,17,8,47.06
2026-06-27T09:32:47Z,2026-07-03,2,17,6,35.29
2026-06-27T09:32:47Z,2026-07-03,3,17,5,29.41
2026-06-27T09:35:56Z,2026-06-27,1,17,10,58.82
2026-06-27T09:35:56Z,2026-06-27,2,17,10,58.82
2026-06-27T09:35:56Z,2026-06-27,3,17,8,47.06
2026-06-27T09:37:33Z,2026-07-01,1,17,6,35.29
2026-06-27T09:37:33Z,2026-07-01,2,17,7,41.18
2026-06-27T09:37:33Z,2026-07-01,3,17,4,23.53
2026-06-27T09:37:42Z,2026-07-02,1,17,9,52.94
2026-06-27T09:37:42Z,2026-07-02,2,17,6,35.29
2026-06-27T09:37:42Z,2026-07-02,3,17,2,11.76
2026-06-27T09:37:51Z,2026-07-03,1,17,8,47.06
2026-06-27T09:37:51Z,2026-07-03,2,17,6,35.29
2026-06-27T09:37:51Z,2026-07-03,3,17,5,29.41
2026-06-27T09:40:52Z,2026-06-27,1,17,10,58.82
2026-06-27T09:40:52Z,2026-06-27,2,17,10,58.82
2026-06-27T09:40:52Z,2026-06-27,3,17,8,47.06
2026-06-27T09:42:29Z,2026-07-01,1,17,6,35.29
2026-06-27T09:42:29Z,2026-07-01,2,17,7,41.18
2026-06-27T09:42:29Z,2026-07-01,3,17,4,23.53
2026-06-27T09:42:38Z,2026-07-02,1,17,9,52.94
2026-06-27T09:42:38Z,2026-07-02,2,17,6,35.29
2026-06-27T09:42:38Z,2026-07-02,3,17,2,11.76
2026-06-27T09:42:47Z,2026-07-03,1,17,8,47.06
2026-06-27T09:42:47Z,2026-07-03,2,17,6,35.29
2026-06-27T09:42:47Z,2026-07-03,3,17,5,29.41
2026-06-27T09:46:00Z,2026-06-27,1,17,10,58.82
2026-06-27T09:46:00Z,2026-06-27,2,17,10,58.82
2026-06-27T09:46:00Z,2026-06-27,3,17,8,47.06
2026-06-27T09:47:37Z,2026-07-01,1,17,6,35.29
2026-06-27T09:47:37Z,2026-07-01,2,17,7,41.18
2026-06-27T09:47:37Z,2026-07-01,3,17,4,23.53
2026-06-27T09:47:46Z,2026-07-02,1,17,9,52.94
2026-06-27T09:47:46Z,2026-07-02,2,17,6,35.29
2026-06-27T09:47:46Z,2026-07-02,3,17,2,11.76
2026-06-27T09:47:55Z,2026-07-03,1,17,8,47.06
2026-06-27T09:47:55Z,2026-07-03,2,17,6,35.29
2026-06-27T09:47:55Z,2026-07-03,3,17,5,29.41
2026-06-27T09:55:59Z,2026-06-27,1,17,10,58.82
2026-06-27T09:55:59Z,2026-06-27,2,17,10,58.82
2026-06-27T09:55:59Z,2026-06-27,3,17,8,47.06
2026-06-27T09:57:36Z,2026-07-01,1,17,6,35.29
2026-06-27T09:57:36Z,2026-07-01,2,17,7,41.18
2026-06-27T09:57:36Z,2026-07-01,3,17,4,23.53
2026-06-27T09:57:45Z,2026-07-02,1,17,9,52.94
2026-06-27T09:57:45Z,2026-07-02,2,17,6,35.29
2026-06-27T09:57:45Z,2026-07-02,3,17,2,11.76
2026-06-27T09:57:54Z,2026-07-03,1,17,8,47.06
2026-06-27T09:57:54Z,2026-07-03,2,17,6,35.29
2026-06-27T09:57:54Z,2026-07-03,3,17,5,29.41
2026-06-27T10:10:52Z,2026-06-27,1,17,10,58.82
2026-06-27T10:10:52Z,2026-06-27,2,17,10,58.82
2026-06-27T10:10:52Z,2026-06-27,3,17,8,47.06
2026-06-27T10:12:29Z,2026-07-01,1,17,6,35.29
2026-06-27T10:12:29Z,2026-07-01,2,17,7,41.18
2026-06-27T10:12:29Z,2026-07-01,3,17,4,23.53
2026-06-27T10:12:37Z,2026-07-02,1,17,9,52.94
2026-06-27T10:12:37Z,2026-07-02,2,17,6,35.29
2026-06-27T10:12:37Z,2026-07-02,3,17,2,11.76
2026-06-27T10:12:46Z,2026-07-03,1,17,8,47.06
2026-06-27T10:12:46Z,2026-07-03,2,17,6,35.29
2026-06-27T10:12:46Z,2026-07-03,3,17,5,29.41
2026-06-27T10:15:54Z,2026-06-27,1,17,10,58.82
2026-06-27T10:15:54Z,2026-06-27,2,17,10,58.82
2026-06-27T10:15:54Z,2026-06-27,3,17,8,47.06
2026-06-27T10:17:31Z,2026-07-01,1,17,6,35.29
2026-06-27T10:17:31Z,2026-07-01,2,17,7,41.18
2026-06-27T10:17:31Z,2026-07-01,3,17,4,23.53
2026-06-27T10:17:40Z,2026-07-02,1,17,9,52.94
2026-06-27T10:17:40Z,2026-07-02,2,17,6,35.29
2026-06-27T10:17:40Z,2026-07-02,3,17,2,11.76
2026-06-27T10:17:49Z,2026-07-03,1,17,8,47.06
2026-06-27T10:17:49Z,2026-07-03,2,17,6,35.29
2026-06-27T10:17:49Z,2026-07-03,3,17,5,29.41
2026-06-27T10:35:49Z,2026-06-27,1,17,10,58.82
2026-06-27T10:35:49Z,2026-06-27,2,17,10,58.82
2026-06-27T10:35:49Z,2026-06-27,3,17,8,47.06
2026-06-27T10:37:26Z,2026-07-01,1,17,6,35.29
2026-06-27T10:37:26Z,2026-07-01,2,17,7,41.18
2026-06-27T10:37:26Z,2026-07-01,3,17,4,23.53
2026-06-27T10:37:35Z,2026-07-02,1,17,9,52.94
2026-06-27T10:37:35Z,2026-07-02,2,17,6,35.29
2026-06-27T10:37:35Z,2026-07-02,3,17,2,11.76
2026-06-27T10:37:44Z,2026-07-03,1,17,8,47.06
2026-06-27T10:37:44Z,2026-07-03,2,17,6,35.29
2026-06-27T10:37:44Z,2026-07-03,3,17,5,29.41
2026-06-27T10:40:50Z,2026-06-27,1,17,10,58.82
2026-06-27T10:40:50Z,2026-06-27,2,17,10,58.82
2026-06-27T10:40:50Z,2026-06-27,3,17,8,47.06
2026-06-27T10:42:27Z,2026-07-01,1,17,6,35.29
2026-06-27T10:42:27Z,2026-07-01,2,17,7,41.18
2026-06-27T10:42:27Z,2026-07-01,3,17,4,23.53
2026-06-27T10:42:36Z,2026-07-02,1,17,9,52.94
2026-06-27T10:42:36Z,2026-07-02,2,17,6,35.29
2026-06-27T10:42:36Z,2026-07-02,3,17,2,11.76
2026-06-27T10:42:45Z,2026-07-03,1,17,8,47.06
2026-06-27T10:42:45Z,2026-07-03,2,17,6,35.29
2026-06-27T10:42:45Z,2026-07-03,3,17,5,29.41
2026-06-27T11:05:49Z,2026-06-27,1,17,10,58.82
2026-06-27T11:05:49Z,2026-06-27,2,17,10,58.82
2026-06-27T11:05:49Z,2026-06-27,3,17,8,47.06
2026-06-27T11:07:26Z,2026-07-01,1,17,6,35.29
2026-06-27T11:07:26Z,2026-07-01,2,17,7,41.18
2026-06-27T11:07:26Z,2026-07-01,3,17,4,23.53
2026-06-27T11:07:35Z,2026-07-02,1,17,9,52.94
2026-06-27T11:07:35Z,2026-07-02,2,17,6,35.29
2026-06-27T11:07:35Z,2026-07-02,3,17,2,11.76
2026-06-27T11:07:44Z,2026-07-03,1,17,8,47.06
2026-06-27T11:07:44Z,2026-07-03,2,17,6,35.29
2026-06-27T11:07:44Z,2026-07-03,3,17,5,29.41
2026-06-27T11:10:49Z,2026-06-27,1,17,10,58.82
2026-06-27T11:10:49Z,2026-06-27,2,17,10,58.82
2026-06-27T11:10:49Z,2026-06-27,3,17,8,47.06
2026-06-27T11:12:26Z,2026-07-01,1,17,6,35.29
2026-06-27T11:12:26Z,2026-07-01,2,17,7,41.18
2026-06-27T11:12:26Z,2026-07-01,3,17,4,23.53
2026-06-27T11:12:35Z,2026-07-02,1,17,9,52.94
2026-06-27T11:12:35Z,2026-07-02,2,17,6,35.29
2026-06-27T11:12:35Z,2026-07-02,3,17,2,11.76
2026-06-27T11:12:44Z,2026-07-03,1,17,8,47.06
2026-06-27T11:12:44Z,2026-07-03,2,17,6,35.29
2026-06-27T11:12:44Z,2026-07-03,3,17,5,29.41
2026-06-27T11:20:56Z,2026-06-27,1,17,10,58.82
2026-06-27T11:20:56Z,2026-06-27,2,17,10,58.82
2026-06-27T11:20:56Z,2026-06-27,3,17,8,47.06
2026-06-27T11:22:33Z,2026-07-01,1,17,6,35.29
2026-06-27T11:22:33Z,2026-07-01,2,17,7,41.18
2026-06-27T11:22:33Z,2026-07-01,3,17,4,23.53
2026-06-27T11:22:42Z,2026-07-02,1,17,9,52.94
2026-06-27T11:22:42Z,2026-07-02,2,17,6,35.29
2026-06-27T11:22:42Z,2026-07-02,3,17,2,11.76
2026-06-27T11:22:51Z,2026-07-03,1,17,8,47.06
2026-06-27T11:22:51Z,2026-07-03,2,17,6,35.29
2026-06-27T11:22:51Z,2026-07-03,3,17,5,29.41
2026-06-27T11:30:51Z,2026-06-27,1,17,10,58.82
2026-06-27T11:30:51Z,2026-06-27,2,17,10,58.82
2026-06-27T11:30:51Z,2026-06-27,3,17,8,47.06
2026-06-27T11:32:28Z,2026-07-01,1,17,6,35.29
2026-06-27T11:32:28Z,2026-07-01,2,17,7,41.18
2026-06-27T11:32:28Z,2026-07-01,3,17,4,23.53
2026-06-27T11:32:37Z,2026-07-02,1,17,9,52.94
2026-06-27T11:32:37Z,2026-07-02,2,17,6,35.29
2026-06-27T11:32:37Z,2026-07-02,3,17,2,11.76
2026-06-27T11:32:46Z,2026-07-03,1,17,8,47.06
2026-06-27T11:32:46Z,2026-07-03,2,17,6,35.29
2026-06-27T11:32:46Z,2026-07-03,3,17,5,29.41
2026-06-27T11:45:57Z,2026-06-27,1,17,10,58.82
2026-06-27T11:45:57Z,2026-06-27,2,17,10,58.82
2026-06-27T11:45:57Z,2026-06-27,3,17,8,47.06
2026-06-27T11:47:34Z,2026-07-01,1,17,6,35.29
2026-06-27T11:47:34Z,2026-07-01,2,17,7,41.18
2026-06-27T11:47:34Z,2026-07-01,3,17,4,23.53
2026-06-27T11:47:43Z,2026-07-02,1,17,9,52.94
2026-06-27T11:47:43Z,2026-07-02,2,17,6,35.29
2026-06-27T11:47:43Z,2026-07-02,3,17,2,11.76
2026-06-27T11:47:52Z,2026-07-03,1,17,8,47.06
2026-06-27T11:47:52Z,2026-07-03,2,17,6,35.29
2026-06-27T11:47:52Z,2026-07-03,3,17,5,29.41
2026-06-27T11:55:32Z,2026-06-27,1,17,10,58.82
2026-06-27T11:55:32Z,2026-06-27,2,17,10,58.82
2026-06-27T11:55:32Z,2026-06-27,3,17,8,47.06
2026-06-27T11:57:09Z,2026-07-01,1,17,6,35.29
2026-06-27T11:57:09Z,2026-07-01,2,17,7,41.18
2026-06-27T11:57:09Z,2026-07-01,3,17,4,23.53
2026-06-27T11:57:18Z,2026-07-02,1,17,9,52.94
2026-06-27T11:57:18Z,2026-07-02,2,17,6,35.29
2026-06-27T11:57:18Z,2026-07-02,3,17,2,11.76
2026-06-27T11:57:27Z,2026-07-03,1,17,8,47.06
2026-06-27T11:57:27Z,2026-07-03,2,17,6,35.29
2026-06-27T11:57:27Z,2026-07-03,3,17,5,29.41
2026-06-27T12:05:50Z,2026-06-27,1,17,10,58.82
2026-06-27T12:05:50Z,2026-06-27,2,17,10,58.82
2026-06-27T12:05:50Z,2026-06-27,3,17,8,47.06
2026-06-27T12:07:27Z,2026-07-01,1,17,6,35.29
2026-06-27T12:07:27Z,2026-07-01,2,17,7,41.18
2026-06-27T12:07:27Z,2026-07-01,3,17,4,23.53
2026-06-27T12:07:36Z,2026-07-02,1,17,9,52.94
2026-06-27T12:07:36Z,2026-07-02,2,17,6,35.29
2026-06-27T12:07:36Z,2026-07-02,3,17,2,11.76
2026-06-27T12:07:45Z,2026-07-03,1,17,8,47.06
2026-06-27T12:07:45Z,2026-07-03,2,17,6,35.29
2026-06-27T12:07:45Z,2026-07-03,3,17,5,29.41
2026-06-27T12:20:51Z,2026-06-27,1,17,10,58.82
2026-06-27T12:20:51Z,2026-06-27,2,17,10,58.82
2026-06-27T12:20:51Z,2026-06-27,3,17,8,47.06
2026-06-27T12:22:28Z,2026-07-01,1,17,6,35.29
2026-06-27T12:22:28Z,2026-07-01,2,17,7,41.18
2026-06-27T12:22:28Z,2026-07-01,3,17,4,23.53
2026-06-27T12:22:37Z,2026-07-02,1,17,9,52.94
2026-06-27T12:22:37Z,2026-07-02,2,17,6,35.29
2026-06-27T12:22:37Z,2026-07-02,3,17,2,11.76
2026-06-27T12:22:46Z,2026-07-03,1,17,8,47.06
2026-06-27T12:22:46Z,2026-07-03,2,17,6,35.29
2026-06-27T12:22:46Z,2026-07-03,3,17,5,29.41
2026-06-27T12:30:51Z,2026-06-27,1,17,10,58.82
2026-06-27T12:30:51Z,2026-06-27,2,17,10,58.82
2026-06-27T12:30:51Z,2026-06-27,3,17,8,47.06
2026-06-27T12:32:28Z,2026-07-01,1,17,6,35.29
2026-06-27T12:32:28Z,2026-07-01,2,17,7,41.18
2026-06-27T12:32:28Z,2026-07-01,3,17,4,23.53
2026-06-27T12:32:37Z,2026-07-02,1,17,9,52.94
2026-06-27T12:32:37Z,2026-07-02,2,17,6,35.29
2026-06-27T12:32:37Z,2026-07-02,3,17,2,11.76
2026-06-27T12:32:46Z,2026-07-03,1,17,8,47.06
2026-06-27T12:32:46Z,2026-07-03,2,17,6,35.29
2026-06-27T12:32:46Z,2026-07-03,3,17,5,29.41
2026-06-27T12:40:50Z,2026-06-27,1,17,10,58.82
2026-06-27T12:40:50Z,2026-06-27,2,17,10,58.82
2026-06-27T12:40:50Z,2026-06-27,3,17,8,47.06
2026-06-27T12:42:27Z,2026-07-01,1,17,6,35.29
2026-06-27T12:42:27Z,2026-07-01,2,17,7,41.18
2026-06-27T12:42:27Z,2026-07-01,3,17,4,23.53
2026-06-27T12:42:36Z,2026-07-02,1,17,9,52.94
2026-06-27T12:42:36Z,2026-07-02,2,17,6,35.29
2026-06-27T12:42:36Z,2026-07-02,3,17,2,11.76
2026-06-27T12:42:45Z,2026-07-03,1,17,8,47.06
2026-06-27T12:42:45Z,2026-07-03,2,17,6,35.29
2026-06-27T12:42:45Z,2026-07-03,3,17,5,29.41
2026-06-27T12:55:52Z,2026-06-27,1,17,10,58.82
2026-06-27T12:55:52Z,2026-06-27,2,17,10,58.82
2026-06-27T12:55:52Z,2026-06-27,3,17,8,47.06
2026-06-27T12:57:29Z,2026-07-01,1,17,6,35.29
2026-06-27T12:57:29Z,2026-07-01,2,17,7,41.18
2026-06-27T12:57:29Z,2026-07-01,3,17,4,23.53
2026-06-27T12:57:37Z,2026-07-02,1,17,9,52.94
2026-06-27T12:57:37Z,2026-07-02,2,17,6,35.29
2026-06-27T12:57:37Z,2026-07-02,3,17,2,11.76
2026-06-27T12:57:46Z,2026-07-03,1,17,8,47.06
2026-06-27T12:57:46Z,2026-07-03,2,17,6,35.29
2026-06-27T12:57:46Z,2026-07-03,3,17,5,29.41
2026-06-27T13:10:50Z,2026-06-27,1,17,10,58.82
2026-06-27T13:10:50Z,2026-06-27,2,17,10,58.82
2026-06-27T13:10:50Z,2026-06-27,3,17,8,47.06
2026-06-27T13:12:27Z,2026-07-01,1,17,6,35.29
2026-06-27T13:12:27Z,2026-07-01,2,17,7,41.18
2026-06-27T13:12:27Z,2026-07-01,3,17,4,23.53
2026-06-27T13:12:36Z,2026-07-02,1,17,9,52.94
2026-06-27T13:12:36Z,2026-07-02,2,17,6,35.29
2026-06-27T13:12:36Z,2026-07-02,3,17,2,11.76
2026-06-27T13:12:45Z,2026-07-03,1,17,8,47.06
2026-06-27T13:12:45Z,2026-07-03,2,17,6,35.29
2026-06-27T13:12:45Z,2026-07-03,3,17,5,29.41
2026-06-27T13:26:12Z,2026-06-27,1,17,10,58.82
2026-06-27T13:26:12Z,2026-06-27,2,17,10,58.82
2026-06-27T13:26:12Z,2026-06-27,3,17,8,47.06
2026-06-27T13:27:49Z,2026-07-01,1,17,6,35.29
2026-06-27T13:27:49Z,2026-07-01,2,17,7,41.18
2026-06-27T13:27:49Z,2026-07-01,3,17,4,23.53
2026-06-27T13:27:58Z,2026-07-02,1,17,9,52.94
2026-06-27T13:27:58Z,2026-07-02,2,17,6,35.29
2026-06-27T13:27:58Z,2026-07-02,3,17,2,11.76
2026-06-27T13:28:07Z,2026-07-03,1,17,8,47.06
2026-06-27T13:28:07Z,2026-07-03,2,17,6,35.29
2026-06-27T13:28:07Z,2026-07-03,3,17,5,29.41
2026-06-27T13:35:53Z,2026-06-27,1,17,10,58.82
2026-06-27T13:35:53Z,2026-06-27,2,17,10,58.82
2026-06-27T13:35:53Z,2026-06-27,3,17,8,47.06
2026-06-27T13:37:30Z,2026-07-01,1,17,6,35.29
2026-06-27T13:37:30Z,2026-07-01,2,17,7,41.18
2026-06-27T13:37:30Z,2026-07-01,3,17,4,23.53
2026-06-27T13:37:39Z,2026-07-02,1,17,9,52.94
2026-06-27T13:37:39Z,2026-07-02,2,17,6,35.29
2026-06-27T13:37:39Z,2026-07-02,3,17,2,11.76
2026-06-27T13:37:48Z,2026-07-03,1,17,8,47.06
2026-06-27T13:37:48Z,2026-07-03,2,17,6,35.29
2026-06-27T13:37:48Z,2026-07-03,3,17,5,29.41
2026-06-27T14:30:56Z,2026-06-27,1,17,10,58.82
2026-06-27T14:30:56Z,2026-06-27,2,17,10,58.82
2026-06-27T14:30:56Z,2026-06-27,3,17,8,47.06
2026-06-27T14:32:33Z,2026-07-01,1,17,6,35.29
2026-06-27T14:32:33Z,2026-07-01,2,17,7,41.18
2026-06-27T14:32:33Z,2026-07-01,3,17,4,23.53
2026-06-27T14:32:42Z,2026-07-02,1,17,9,52.94
2026-06-27T14:32:42Z,2026-07-02,2,17,6,35.29
2026-06-27T14:32:42Z,2026-07-02,3,17,2,11.76
2026-06-27T14:32:51Z,2026-07-03,1,17,8,47.06
2026-06-27T14:32:51Z,2026-07-03,2,17,6,35.29
2026-06-27T14:32:51Z,2026-07-03,3,17,5,29.41
2026-06-27T14:40:50Z,2026-06-27,1,17,10,58.82
2026-06-27T14:40:50Z,2026-06-27,2,17,10,58.82
2026-06-27T14:40:50Z,2026-06-27,3,17,8,47.06
2026-06-27T14:42:27Z,2026-07-01,1,17,6,35.29
2026-06-27T14:42:27Z,2026-07-01,2,17,7,41.18
2026-06-27T14:42:27Z,2026-07-01,3,17,4,23.53
2026-06-27T14:42:36Z,2026-07-02,1,17,9,52.94
2026-06-27T14:42:36Z,2026-07-02,2,17,6,35.29
2026-06-27T14:42:36Z,2026-07-02,3,17,2,11.76
2026-06-27T14:42:45Z,2026-07-03,1,17,8,47.06
2026-06-27T14:42:45Z,2026-07-03,2,17,6,35.29
2026-06-27T14:42:45Z,2026-07-03,3,17,5,29.41
2026-06-27T14:56:00Z,2026-06-27,1,17,10,58.82
2026-06-27T14:56:00Z,2026-06-27,2,17,10,58.82
2026-06-27T14:56:00Z,2026-06-27,3,17,8,47.06
2026-06-27T14:57:37Z,2026-07-01,1,17,6,35.29
2026-06-27T14:57:37Z,2026-07-01,2,17,7,41.18
2026-06-27T14:57:37Z,2026-07-01,3,17,4,23.53
2026-06-27T14:57:46Z,2026-07-02,1,17,9,52.94
2026-06-27T14:57:46Z,2026-07-02,2,17,6,35.29
2026-06-27T14:57:46Z,2026-07-02,3,17,2,11.76
2026-06-27T14:57:55Z,2026-07-03,1,17,8,47.06
2026-06-27T14:57:55Z,2026-07-03,2,17,6,35.29
2026-06-27T14:57:55Z,2026-07-03,3,17,5,29.41
2026-06-27T15:00:58Z,2026-06-27,1,17,10,58.82
2026-06-27T15:00:58Z,2026-06-27,2,17,10,58.82
2026-06-27T15:00:58Z,2026-06-27,3,17,8,47.06
2026-06-27T15:02:35Z,2026-07-01,1,17,6,35.29
2026-06-27T15:02:35Z,2026-07-01,2,17,7,41.18
2026-06-27T15:02:35Z,2026-07-01,3,17,4,23.53
2026-06-27T15:02:44Z,2026-07-02,1,17,9,52.94
2026-06-27T15:02:44Z,2026-07-02,2,17,6,35.29
2026-06-27T15:02:44Z,2026-07-02,3,17,2,11.76
2026-06-27T15:02:53Z,2026-07-03,1,17,8,47.06
2026-06-27T15:02:53Z,2026-07-03,2,17,6,35.29
2026-06-27T15:02:53Z,2026-07-03,3,17,5,29.41
2026-06-27T15:05:51Z,2026-06-27,1,17,10,58.82
2026-06-27T15:05:51Z,2026-06-27,2,17,10,58.82
2026-06-27T15:05:51Z,2026-06-27,3,17,8,47.06
2026-06-27T15:07:28Z,2026-07-01,1,17,6,35.29
2026-06-27T15:07:28Z,2026-07-01,2,17,7,41.18
2026-06-27T15:07:28Z,2026-07-01,3,17,4,23.53
2026-06-27T15:07:37Z,2026-07-02,1,17,9,52.94
2026-06-27T15:07:37Z,2026-07-02,2,17,6,35.29
2026-06-27T15:07:37Z,2026-07-02,3,17,2,11.76
2026-06-27T15:07:46Z,2026-07-03,1,17,8,47.06
2026-06-27T15:07:46Z,2026-07-03,2,17,6,35.29
2026-06-27T15:07:46Z,2026-07-03,3,17,5,29.41
2026-06-27T15:10:53Z,2026-06-27,1,17,10,58.82
2026-06-27T15:10:53Z,2026-06-27,2,17,10,58.82
2026-06-27T15:10:53Z,2026-06-27,3,17,8,47.06
2026-06-27T15:12:30Z,2026-07-01,1,17,6,35.29
2026-06-27T15:12:30Z,2026-07-01,2,17,7,41.18
2026-06-27T15:12:30Z,2026-07-01,3,17,4,23.53
2026-06-27T15:12:39Z,2026-07-02,1,17,9,52.94
2026-06-27T15:12:39Z,2026-07-02,2,17,6,35.29
2026-06-27T15:12:39Z,2026-07-02,3,17,2,11.76
2026-06-27T15:12:48Z,2026-07-03,1,17,8,47.06
2026-06-27T15:12:48Z,2026-07-03,2,17,6,35.29
2026-06-27T15:12:48Z,2026-07-03,3,17,5,29.41
2026-06-27T15:40:49Z,2026-06-27,1,17,10,58.82
2026-06-27T15:40:49Z,2026-06-27,2,17,10,58.82
2026-06-27T15:40:49Z,2026-06-27,3,17,8,47.06
2026-06-27T15:42:25Z,2026-07-01,1,17,6,35.29
2026-06-27T15:42:25Z,2026-07-01,2,17,7,41.18
2026-06-27T15:42:25Z,2026-07-01,3,17,4,23.53
2026-06-27T15:42:34Z,2026-07-02,1,17,9,52.94
2026-06-27T15:42:34Z,2026-07-02,2,17,6,35.29
2026-06-27T15:42:34Z,2026-07-02,3,17,2,11.76
2026-06-27T15:42:43Z,2026-07-03,1,17,8,47.06
2026-06-27T15:42:43Z,2026-07-03,2,17,6,35.29
2026-06-27T15:42:43Z,2026-07-03,3,17,5,29.41
2026-06-27T15:45:52Z,2026-06-27,1,17,10,58.82
2026-06-27T15:45:52Z,2026-06-27,2,17,10,58.82
2026-06-27T15:45:52Z,2026-06-27,3,17,8,47.06
2026-06-27T15:47:29Z,2026-07-01,1,17,6,35.29
2026-06-27T15:47:29Z,2026-07-01,2,17,7,41.18
2026-06-27T15:47:29Z,2026-07-01,3,17,4,23.53
2026-06-27T15:47:38Z,2026-07-02,1,17,9,52.94
2026-06-27T15:47:38Z,2026-07-02,2,17,6,35.29
2026-06-27T15:47:38Z,2026-07-02,3,17,2,11.76
2026-06-27T15:47:47Z,2026-07-03,1,17,8,47.06
2026-06-27T15:47:47Z,2026-07-03,2,17,6,35.29
2026-06-27T15:47:47Z,2026-07-03,3,17,5,29.41
2026-06-27T15:55:50Z,2026-06-27,1,17,10,58.82
2026-06-27T15:55:50Z,2026-06-27,2,17,10,58.82
2026-06-27T15:55:50Z,2026-06-27,3,17,8,47.06
2026-06-27T15:57:27Z,2026-07-01,1,17,6,35.29
2026-06-27T15:57:27Z,2026-07-01,2,17,7,41.18
2026-06-27T15:57:27Z,2026-07-01,3,17,4,23.53
2026-06-27T15:57:36Z,2026-07-02,1,17,9,52.94
2026-06-27T15:57:36Z,2026-07-02,2,17,6,35.29
2026-06-27T15:57:36Z,2026-07-02,3,17,2,11.76
2026-06-27T15:57:45Z,2026-07-03,1,17,8,47.06
2026-06-27T15:57:45Z,2026-07-03,2,17,6,35.29
2026-06-27T15:57:45Z,2026-07-03,3,17,5,29.41
2026-06-27T16:00:59Z,2026-06-27,1,17,10,58.82
2026-06-27T16:00:59Z,2026-06-27,2,17,10,58.82
2026-06-27T16:00:59Z,2026-06-27,3,17,8,47.06
2026-06-27T16:02:36Z,2026-07-01,1,17,6,35.29
2026-06-27T16:02:36Z,2026-07-01,2,17,7,41.18
2026-06-27T16:02:36Z,2026-07-01,3,17,4,23.53
2026-06-27T16:02:45Z,2026-07-02,1,17,9,52.94
2026-06-27T16:02:45Z,2026-07-02,2,17,6,35.29
2026-06-27T16:02:45Z,2026-07-02,3,17,2,11.76
2026-06-27T16:02:54Z,2026-07-03,1,17,8,47.06
2026-06-27T16:02:54Z,2026-07-03,2,17,6,35.29
2026-06-27T16:02:54Z,2026-07-03,3,17,5,29.41
2026-06-27T16:25:49Z,2026-06-27,1,17,10,58.82
2026-06-27T16:25:49Z,2026-06-27,2,17,10,58.82
2026-06-27T16:25:49Z,2026-06-27,3,17,8,47.06
2026-06-27T16:27:26Z,2026-07-01,1,17,6,35.29
2026-06-27T16:27:26Z,2026-07-01,2,17,7,41.18
2026-06-27T16:27:26Z,2026-07-01,3,17,4,23.53
2026-06-27T16:27:35Z,2026-07-02,1,17,9,52.94
2026-06-27T16:27:35Z,2026-07-02,2,17,6,35.29
2026-06-27T16:27:35Z,2026-07-02,3,17,2,11.76
2026-06-27T16:27:44Z,2026-07-03,1,17,8,47.06
2026-06-27T16:27:44Z,2026-07-03,2,17,6,35.29
2026-06-27T16:27:44Z,2026-07-03,3,17,5,29.41
2026-06-27T16:35:50Z,2026-06-27,1,17,10,58.82
2026-06-27T16:35:50Z,2026-06-27,2,17,10,58.82
2026-06-27T16:35:50Z,2026-06-27,3,17,8,47.06
2026-06-27T16:37:27Z,2026-07-01,1,17,6,35.29
2026-06-27T16:37:27Z,2026-07-01,2,17,7,41.18
2026-06-27T16:37:27Z,2026-07-01,3,17,4,23.53
2026-06-27T16:37:36Z,2026-07-02,1,17,9,52.94
2026-06-27T16:37:36Z,2026-07-02,2,17,6,35.29
2026-06-27T16:37:36Z,2026-07-02,3,17,2,11.76
2026-06-27T16:37:45Z,2026-07-03,1,17,8,47.06
2026-06-27T16:37:45Z,2026-07-03,2,17,6,35.29
2026-06-27T16:37:45Z,2026-07-03,3,17,5,29.41
2026-06-27T16:45:50Z,2026-06-27,1,17,10,58.82
2026-06-27T16:45:50Z,2026-06-27,2,17,10,58.82
2026-06-27T16:45:50Z,2026-06-27,3,17,8,47.06
2026-06-27T16:47:27Z,2026-07-01,1,17,6,35.29
2026-06-27T16:47:27Z,2026-07-01,2,17,7,41.18
2026-06-27T16:47:27Z,2026-07-01,3,17,4,23.53
2026-06-27T16:47:36Z,2026-07-02,1,17,9,52.94
2026-06-27T16:47:36Z,2026-07-02,2,17,6,35.29
2026-06-27T16:47:36Z,2026-07-02,3,17,2,11.76
2026-06-27T16:47:45Z,2026-07-03,1,17,8,47.06
2026-06-27T16:47:45Z,2026-07-03,2,17,6,35.29
2026-06-27T16:47:45Z,2026-07-03,3,17,5,29.41
2026-06-27T16:56:02Z,2026-06-27,1,17,10,58.82
2026-06-27T16:56:02Z,2026-06-27,2,17,10,58.82
2026-06-27T16:56:02Z,2026-06-27,3,17,8,47.06
2026-06-27T16:57:39Z,2026-07-01,1,17,6,35.29
2026-06-27T16:57:39Z,2026-07-01,2,17,7,41.18
2026-06-27T16:57:39Z,2026-07-01,3,17,4,23.53
2026-06-27T16:57:48Z,2026-07-02,1,17,9,52.94
2026-06-27T16:57:48Z,2026-07-02,2,17,6,35.29
2026-06-27T16:57:48Z,2026-07-02,3,17,3,17.65
2026-06-27T16:57:57Z,2026-07-03,1,17,8,47.06
2026-06-27T16:57:57Z,2026-07-03,2,17,6,35.29
2026-06-27T16:57:57Z,2026-07-03,3,17,5,29.41
2026-06-27T17:06:00Z,2026-06-27,1,17,10,58.82
2026-06-27T17:06:00Z,2026-06-27,2,17,10,58.82
2026-06-27T17:06:00Z,2026-06-27,3,17,8,47.06
2026-06-27T17:07:37Z,2026-07-01,1,17,6,35.29
2026-06-27T17:07:37Z,2026-07-01,2,17,7,41.18
2026-06-27T17:07:37Z,2026-07-01,3,17,4,23.53
2026-06-27T17:07:46Z,2026-07-02,1,17,9,52.94
2026-06-27T17:07:46Z,2026-07-02,2,17,6,35.29
2026-06-27T17:07:46Z,2026-07-02,3,17,3,17.65
2026-06-27T17:07:55Z,2026-07-03,1,17,8,47.06
2026-06-27T17:07:55Z,2026-07-03,2,17,6,35.29
2026-06-27T17:07:55Z,2026-07-03,3,17,5,29.41
2026-06-27T17:10:54Z,2026-06-27,1,17,10,58.82
2026-06-27T17:10:54Z,2026-06-27,2,17,10,58.82
2026-06-27T17:10:54Z,2026-06-27,3,17,8,47.06
2026-06-27T17:12:31Z,2026-07-01,1,17,6,35.29
2026-06-27T17:12:31Z,2026-07-01,2,17,7,41.18
2026-06-27T17:12:31Z,2026-07-01,3,17,4,23.53
2026-06-27T17:12:40Z,2026-07-02,1,17,9,52.94
2026-06-27T17:12:40Z,2026-07-02,2,17,6,35.29
2026-06-27T17:12:40Z,2026-07-02,3,17,3,17.65
2026-06-27T17:12:49Z,2026-07-03,1,17,8,47.06
2026-06-27T17:12:49Z,2026-07-03,2,17,6,35.29
2026-06-27T17:12:49Z,2026-07-03,3,17,5,29.41
2026-06-27T17:20:58Z,2026-06-27,1,17,10,58.82
2026-06-27T17:20:58Z,2026-06-27,2,17,10,58.82
2026-06-27T17:20:58Z,2026-06-27,3,17,8,47.06
2026-06-27T17:22:34Z,2026-07-01,1,17,6,35.29
2026-06-27T17:22:34Z,2026-07-01,2,17,7,41.18
2026-06-27T17:22:34Z,2026-07-01,3,17,4,23.53
2026-06-27T17:22:43Z,2026-07-02,1,17,9,52.94
2026-06-27T17:22:43Z,2026-07-02,2,17,6,35.29
2026-06-27T17:22:43Z,2026-07-02,3,17,3,17.65
2026-06-27T17:22:52Z,2026-07-03,1,17,8,47.06
2026-06-27T17:22:52Z,2026-07-03,2,17,6,35.29
2026-06-27T17:22:52Z,2026-07-03,3,17,5,29.41
2026-06-27T18:20:48Z,2026-06-27,1,17,10,58.82
2026-06-27T18:20:48Z,2026-06-27,2,17,10,58.82
2026-06-27T18:20:48Z,2026-06-27,3,17,8,47.06
2026-06-27T18:22:25Z,2026-07-01,1,17,6,35.29
2026-06-27T18:22:25Z,2026-07-01,2,17,7,41.18
2026-06-27T18:22:25Z,2026-07-01,3,17,4,23.53
2026-06-27T18:22:34Z,2026-07-02,1,17,9,52.94
2026-06-27T18:22:34Z,2026-07-02,2,17,6,35.29
2026-06-27T18:22:34Z,2026-07-02,3,17,3,17.65
2026-06-27T18:22:43Z,2026-07-03,1,17,8,47.06
2026-06-27T18:22:43Z,2026-07-03,2,17,6,35.29
2026-06-27T18:22:43Z,2026-07-03,3,17,5,29.41
2026-06-27T18:25:54Z,2026-06-27,1,17,10,58.82
2026-06-27T18:25:54Z,2026-06-27,2,17,10,58.82
2026-06-27T18:25:54Z,2026-06-27,3,17,8,47.06
2026-06-27T18:27:31Z,2026-07-01,1,17,6,35.29
2026-06-27T18:27:31Z,2026-07-01,2,17,7,41.18
2026-06-27T18:27:31Z,2026-07-01,3,17,4,23.53
2026-06-27T18:27:40Z,2026-07-02,1,17,9,52.94
2026-06-27T18:27:40Z,2026-07-02,2,17,6,35.29
2026-06-27T18:27:40Z,2026-07-02,3,17,3,17.65
2026-06-27T18:27:49Z,2026-07-03,1,17,8,47.06
2026-06-27T18:27:49Z,2026-07-03,2,17,6,35.29
2026-06-27T18:27:49Z,2026-07-03,3,17,5,29.41
2026-06-27T18:40:57Z,2026-06-27,1,17,10,58.82
2026-06-27T18:40:57Z,2026-06-27,2,17,10,58.82
2026-06-27T18:40:57Z,2026-06-27,3,17,8,47.06
2026-06-27T18:42:34Z,2026-07-01,1,17,6,35.29
2026-06-27T18:42:34Z,2026-07-01,2,17,7,41.18
2026-06-27T18:42:34Z,2026-07-01,3,17,4,23.53
2026-06-27T18:42:43Z,2026-07-02,1,17,9,52.94
2026-06-27T18:42:43Z,2026-07-02,2,17,6,35.29
2026-06-27T18:42:43Z,2026-07-02,3,17,3,17.65
2026-06-27T18:42:52Z,2026-07-03,1,17,8,47.06
2026-06-27T18:42:52Z,2026-07-03,2,17,6,35.29
2026-06-27T18:42:52Z,2026-07-03,3,17,5,29.41
2026-06-27T18:45:58Z,2026-06-27,1,17,10,58.82
2026-06-27T18:45:58Z,2026-06-27,2,17,10,58.82
2026-06-27T18:45:58Z,2026-06-27,3,17,8,47.06
2026-06-27T18:47:35Z,2026-07-01,1,17,6,35.29
2026-06-27T18:47:35Z,2026-07-01,2,17,7,41.18
2026-06-27T18:47:35Z,2026-07-01,3,17,4,23.53
2026-06-27T18:47:44Z,2026-07-02,1,17,9,52.94
2026-06-27T18:47:44Z,2026-07-02,2,17,6,35.29
2026-06-27T18:47:44Z,2026-07-02,3,17,3,17.65
2026-06-27T18:47:53Z,2026-07-03,1,17,8,47.06
2026-06-27T18:47:53Z,2026-07-03,2,17,6,35.29
2026-06-27T18:47:53Z,2026-07-03,3,17,5,29.41
2026-06-27T18:50:50Z,2026-06-27,1,17,10,58.82
2026-06-27T18:50:50Z,2026-06-27,2,17,10,58.82
2026-06-27T18:50:50Z,2026-06-27,3,17,8,47.06
2026-06-27T18:52:27Z,2026-07-01,1,17,6,35.29
2026-06-27T18:52:27Z,2026-07-01,2,17,7,41.18
2026-06-27T18:52:27Z,2026-07-01,3,17,4,23.53
2026-06-27T18:52:36Z,2026-07-02,1,17,9,52.94
2026-06-27T18:52:36Z,2026-07-02,2,17,6,35.29
2026-06-27T18:52:36Z,2026-07-02,3,17,3,17.65
2026-06-27T18:52:45Z,2026-07-03,1,17,8,47.06
2026-06-27T18:52:45Z,2026-07-03,2,17,6,35.29
2026-06-27T18:52:45Z,2026-07-03,3,17,5,29.41
2026-06-27T19:15:55Z,2026-06-27,1,17,10,58.82
2026-06-27T19:15:55Z,2026-06-27,2,17,10,58.82
2026-06-27T19:15:55Z,2026-06-27,3,17,8,47.06
2026-06-27T19:17:32Z,2026-07-01,1,17,6,35.29
2026-06-27T19:17:32Z,2026-07-01,2,17,7,41.18
2026-06-27T19:17:32Z,2026-07-01,3,17,4,23.53
2026-06-27T19:17:41Z,2026-07-02,1,17,9,52.94
2026-06-27T19:17:41Z,2026-07-02,2,17,6,35.29
2026-06-27T19:17:41Z,2026-07-02,3,17,3,17.65
2026-06-27T19:17:50Z,2026-07-03,1,17,8,47.06
2026-06-27T19:17:50Z,2026-07-03,2,17,6,35.29
2026-06-27T19:17:50Z,2026-07-03,3,17,5,29.41
2026-06-27T19:30:57Z,2026-06-27,1,17,10,58.82
2026-06-27T19:30:57Z,2026-06-27,2,17,10,58.82
2026-06-27T19:30:57Z,2026-06-27,3,17,8,47.06
2026-06-27T19:32:34Z,2026-07-01,1,17,6,35.29
2026-06-27T19:32:34Z,2026-07-01,2,17,7,41.18
2026-06-27T19:32:34Z,2026-07-01,3,17,4,23.53
2026-06-27T19:32:43Z,2026-07-02,1,17,9,52.94
2026-06-27T19:32:43Z,2026-07-02,2,17,6,35.29
2026-06-27T19:32:43Z,2026-07-02,3,17,3,17.65
2026-06-27T19:32:52Z,2026-07-03,1,17,8,47.06
2026-06-27T19:32:52Z,2026-07-03,2,17,6,35.29
2026-06-27T19:32:52Z,2026-07-03,3,17,5,29.41
2026-06-27T19:40:54Z,2026-06-27,1,17,10,58.82
2026-06-27T19:40:54Z,2026-06-27,2,17,10,58.82
2026-06-27T19:40:54Z,2026-06-27,3,17,8,47.06
2026-06-27T19:42:30Z,2026-07-01,1,17,6,35.29
2026-06-27T19:42:30Z,2026-07-01,2,17,7,41.18
2026-06-27T19:42:30Z,2026-07-01,3,17,4,23.53
2026-06-27T19:42:39Z,2026-07-02,1,17,9,52.94
2026-06-27T19:42:39Z,2026-07-02,2,17,6,35.29
2026-06-27T19:42:39Z,2026-07-02,3,17,3,17.65
2026-06-27T19:42:48Z,2026-07-03,1,17,8,47.06
2026-06-27T19:42:48Z,2026-07-03,2,17,6,35.29
2026-06-27T19:42:48Z,2026-07-03,3,17,5,29.41
2026-06-27T19:50:56Z,2026-06-27,1,17,10,58.82
2026-06-27T19:50:56Z,2026-06-27,2,17,10,58.82
2026-06-27T19:50:56Z,2026-06-27,3,17,8,47.06
2026-06-27T19:52:33Z,2026-07-01,1,17,6,35.29
2026-06-27T19:52:33Z,2026-07-01,2,17,7,41.18
2026-06-27T19:52:33Z,2026-07-01,3,17,4,23.53
2026-06-27T19:52:42Z,2026-07-02,1,17,9,52.94
2026-06-27T19:52:42Z,2026-07-02,2,17,6,35.29
2026-06-27T19:52:42Z,2026-07-02,3,17,3,17.65
2026-06-27T19:52:51Z,2026-07-03,1,17,8,47.06
2026-06-27T19:52:51Z,2026-07-03,2,17,6,35.29
2026-06-27T19:52:51Z,2026-07-03,3,17,5,29.41
2026-06-27T19:55:49Z,2026-06-27,1,17,10,58.82
2026-06-27T19:55:49Z,2026-06-27,2,17,10,58.82
2026-06-27T19:55:49Z,2026-06-27,3,17,8,47.06
2026-06-27T19:57:26Z,2026-07-01,1,17,6,35.29
2026-06-27T19:57:26Z,2026-07-01,2,17,7,41.18
2026-06-27T19:57:26Z,2026-07-01,3,17,4,23.53
2026-06-27T19:57:35Z,2026-07-02,1,17,9,52.94
2026-06-27T19:57:35Z,2026-07-02,2,17,6,35.29
2026-06-27T19:57:35Z,2026-07-02,3,17,3,17.65
2026-06-27T19:57:44Z,2026-07-03,1,17,8,47.06
2026-06-27T19:57:44Z,2026-07-03,2,17,6,35.29
2026-06-27T19:57:44Z,2026-07-03,3,17,5,29.41
2026-06-27T20:00:04Z,2026-06-27,1,17,10,58.82
2026-06-27T20:00:04Z,2026-06-27,2,17,10,58.82
2026-06-27T20:00:04Z,2026-06-27,3,17,8,47.06
2026-06-27T20:01:41Z,2026-07-01,1,17,6,35.29
2026-06-27T20:01:41Z,2026-07-01,2,17,7,41.18
2026-06-27T20:01:41Z,2026-07-01,3,17,4,23.53
2026-06-27T20:01:50Z,2026-07-02,1,17,9,52.94
2026-06-27T20:01:50Z,2026-07-02,2,17,6,35.29
2026-06-27T20:01:50Z,2026-07-02,3,17,3,17.65
2026-06-27T20:01:59Z,2026-07-03,1,17,8,47.06
2026-06-27T20:01:59Z,2026-07-03,2,17,6,35.29
2026-06-27T20:01:59Z,2026-07-03,3,17,5,29.41
2026-06-27T20:20:55Z,2026-06-27,1,17,10,58.82
2026-06-27T20:20:55Z,2026-06-27,2,17,10,58.82
2026-06-27T20:20:55Z,2026-06-27,3,17,8,47.06
2026-06-27T20:22:32Z,2026-07-01,1,17,6,35.29
2026-06-27T20:22:32Z,2026-07-01,2,17,7,41.18
2026-06-27T20:22:32Z,2026-07-01,3,17,4,23.53
2026-06-27T20:22:41Z,2026-07-02,1,17,9,52.94
2026-06-27T20:22:41Z,2026-07-02,2,17,6,35.29
2026-06-27T20:22:41Z,2026-07-02,3,17,3,17.65
2026-06-27T20:22:50Z,2026-07-03,1,17,8,47.06
2026-06-27T20:22:50Z,2026-07-03,2,17,6,35.29
2026-06-27T20:22:50Z,2026-07-03,3,17,5,29.41
2026-06-27T20:25:48Z,2026-06-27,1,17,10,58.82
2026-06-27T20:25:48Z,2026-06-27,2,17,10,58.82
2026-06-27T20:25:48Z,2026-06-27,3,17,8,47.06
2026-06-27T20:27:25Z,2026-07-01,1,17,6,35.29
2026-06-27T20:27:25Z,2026-07-01,2,17,7,41.18
2026-06-27T20:27:25Z,2026-07-01,3,17,4,23.53
2026-06-27T20:27:34Z,2026-07-02,1,17,9,52.94
2026-06-27T20:27:34Z,2026-07-02,2,17,6,35.29
2026-06-27T20:27:34Z,2026-07-02,3,17,3,17.65
2026-06-27T20:27:43Z,2026-07-03,1,17,8,47.06
2026-06-27T20:27:43Z,2026-07-03,2,17,6,35.29
2026-06-27T20:27:43Z,2026-07-03,3,17,5,29.41
2026-06-27T20:35:55Z,2026-06-27,1,17,10,58.82
2026-06-27T20:35:55Z,2026-06-27,2,17,10,58.82
2026-06-27T20:35:55Z,2026-06-27,3,17,8,47.06
2026-06-27T20:37:32Z,2026-07-01,1,17,6,35.29
2026-06-27T20:37:32Z,2026-07-01,2,17,7,41.18
2026-06-27T20:37:32Z,2026-07-01,3,17,4,23.53
2026-06-27T20:37:41Z,2026-07-02,1,17,9,52.94
2026-06-27T20:37:41Z,2026-07-02,2,17,6,35.29
2026-06-27T20:37:41Z,2026-07-02,3,17,3,17.65
2026-06-27T20:37:50Z,2026-07-03,1,17,8,47.06
2026-06-27T20:37:50Z,2026-07-03,2,17,6,35.29
2026-06-27T20:37:50Z,2026-07-03,3,17,5,29.41
2026-06-27T20:50:54Z,2026-06-27,1,17,10,58.82
2026-06-27T20:50:54Z,2026-06-27,2,17,10,58.82
2026-06-27T20:50:54Z,2026-06-27,3,17,8,47.06
2026-06-27T20:52:31Z,2026-07-01,1,17,6,35.29
2026-06-27T20:52:31Z,2026-07-01,2,17,7,41.18
2026-06-27T20:52:31Z,2026-07-01,3,17,4,23.53
2026-06-27T20:52:40Z,2026-07-02,1,17,9,52.94
2026-06-27T20:52:40Z,2026-07-02,2,17,6,35.29
2026-06-27T20:52:40Z,2026-07-02,3,17,3,17.65
2026-06-27T20:52:49Z,2026-07-03,1,17,8,47.06
2026-06-27T20:52:49Z,2026-07-03,2,17,6,35.29
2026-06-27T20:52:49Z,2026-07-03,3,17,5,29.41
2026-06-27T21:25:46Z,2026-06-27,1,17,10,58.82
2026-06-27T21:25:46Z,2026-06-27,2,17,10,58.82
2026-06-27T21:25:46Z,2026-06-27,3,17,8,47.06
2026-06-27T21:27:23Z,2026-07-01,1,17,6,35.29
2026-06-27T21:27:23Z,2026-07-01,2,17,7,41.18
2026-06-27T21:27:23Z,2026-07-01,3,17,4,23.53
2026-06-27T21:27:31Z,2026-07-02,1,17,9,52.94
2026-06-27T21:27:31Z,2026-07-02,2,17,6,35.29
2026-06-27T21:27:31Z,2026-07-02,3,17,3,17.65
2026-06-27T21:27:40Z,2026-07-03,1,17,8,47.06
2026-06-27T21:27:40Z,2026-07-03,2,17,6,35.29
2026-06-27T21:27:40Z,2026-07-03,3,17,5,29.41
2026-06-27T22:11:05Z,2026-06-27,1,17,10,58.82
2026-06-27T22:11:05Z,2026-06-27,2,17,10,58.82
2026-06-27T22:11:05Z,2026-06-27,3,17,8,47.06
2026-06-27T22:12:42Z,2026-07-01,1,17,6,35.29
2026-06-27T22:12:42Z,2026-07-01,2,17,7,41.18
2026-06-27T22:12:42Z,2026-07-01,3,17,4,23.53
2026-06-27T22:12:51Z,2026-07-02,1,17,9,52.94
2026-06-27T22:12:51Z,2026-07-02,2,17,6,35.29
2026-06-27T22:12:51Z,2026-07-02,3,17,3,17.65
2026-06-27T22:13:00Z,2026-07-03,1,17,8,47.06
2026-06-27T22:13:00Z,2026-07-03,2,17,6,35.29
2026-06-27T22:13:00Z,2026-07-03,3,17,5,29.41
2026-06-27T22:15:53Z,2026-06-27,1,17,10,58.82
2026-06-27T22:15:53Z,2026-06-27,2,17,10,58.82
2026-06-27T22:15:53Z,2026-06-27,3,17,8,47.06
2026-06-27T22:17:30Z,2026-07-01,1,17,6,35.29
2026-06-27T22:17:30Z,2026-07-01,2,17,7,41.18
2026-06-27T22:17:30Z,2026-07-01,3,17,4,23.53
2026-06-27T22:17:39Z,2026-07-02,1,17,9,52.94
2026-06-27T22:17:39Z,2026-07-02,2,17,6,35.29
2026-06-27T22:17:39Z,2026-07-02,3,17,3,17.65
2026-06-27T22:17:48Z,2026-07-03,1,17,8,47.06
2026-06-27T22:17:48Z,2026-07-03,2,17,6,35.29
2026-06-27T22:17:48Z,2026-07-03,3,17,5,29.41
2026-06-27T22:20:52Z,2026-06-27,1,17,10,58.82
2026-06-27T22:20:52Z,2026-06-27,2,17,10,58.82
2026-06-27T22:20:52Z,2026-06-27,3,17,8,47.06
2026-06-27T22:22:29Z,2026-07-01,1,17,6,35.29
2026-06-27T22:22:29Z,2026-07-01,2,17,7,41.18
2026-06-27T22:22:29Z,2026-07-01,3,17,4,23.53
2026-06-27T22:22:38Z,2026-07-02,1,17,9,52.94
2026-06-27T22:22:38Z,2026-07-02,2,17,6,35.29
2026-06-27T22:22:38Z,2026-07-02,3,17,3,17.65
2026-06-27T22:22:47Z,2026-07-03,1,17,8,47.06
2026-06-27T22:22:47Z,2026-07-03,2,17,6,35.29
2026-06-27T22:22:47Z,2026-07-03,3,17,5,29.41
2026-06-27T22:30:48Z,2026-06-27,1,17,10,58.82
2026-06-27T22:30:48Z,2026-06-27,2,17,10,58.82
2026-06-27T22:30:48Z,2026-06-27,3,17,8,47.06
2026-06-27T22:32:25Z,2026-07-01,1,17,6,35.29
2026-06-27T22:32:25Z,2026-07-01,2,17,7,41.18
2026-06-27T22:32:25Z,2026-07-01,3,17,4,23.53
2026-06-27T22:32:34Z,2026-07-02,1,17,9,52.94
2026-06-27T22:32:34Z,2026-07-02,2,17,6,35.29
2026-06-27T22:32:34Z,2026-07-02,3,17,3,17.65
2026-06-27T22:32:43Z,2026-07-03,1,17,8,47.06
2026-06-27T22:32:43Z,2026-07-03,2,17,6,35.29
2026-06-27T22:32:43Z,2026-07-03,3,17,5,29.41
2026-06-27T22:40:54Z,2026-06-27,1,17,10,58.82
2026-06-27T22:40:54Z,2026-06-27,2,17,10,58.82
2026-06-27T22:40:54Z,2026-06-27,3,17,8,47.06
2026-06-27T22:42:31Z,2026-07-01,1,17,6,35.29
2026-06-27T22:42:31Z,2026-07-01,2,17,7,41.18
2026-06-27T22:42:31Z,2026-07-01,3,17,4,23.53
2026-06-27T22:42:40Z,2026-07-02,1,17,9,52.94
2026-06-27T22:42:40Z,2026-07-02,2,17,6,35.29
2026-06-27T22:42:40Z,2026-07-02,3,17,3,17.65
2026-06-27T22:42:49Z,2026-07-03,1,17,8,47.06
2026-06-27T22:42:49Z,2026-07-03,2,17,6,35.29
2026-06-27T22:42:49Z,2026-07-03,3,17,5,29.41
2026-06-27T22:45:57Z,2026-06-27,1,17,10,58.82
2026-06-27T22:45:57Z,2026-06-27,2,17,10,58.82
2026-06-27T22:45:57Z,2026-06-27,3,17,8,47.06
2026-06-27T22:47:34Z,2026-07-01,1,17,6,35.29
2026-06-27T22:47:34Z,2026-07-01,2,17,7,41.18
2026-06-27T22:47:34Z,2026-07-01,3,17,4,23.53
2026-06-27T22:47:43Z,2026-07-02,1,17,9,52.94
2026-06-27T22:47:43Z,2026-07-02,2,17,6,35.29
2026-06-27T22:47:43Z,2026-07-02,3,17,3,17.65
2026-06-27T22:47:52Z,2026-07-03,1,17,8,47.06
2026-06-27T22:47:52Z,2026-07-03,2,17,6,35.29
2026-06-27T22:47:52Z,2026-07-03,3,17,5,29.41
2026-06-27T23:10:52Z,2026-06-27,1,17,10,58.82
2026-06-27T23:10:52Z,2026-06-27,2,17,10,58.82
2026-06-27T23:10:52Z,2026-06-27,3,17,8,47.06
2026-06-27T23:12:29Z,2026-07-01,1,17,8,47.06
2026-06-27T23:12:29Z,2026-07-01,2,17,7,41.18
2026-06-27T23:12:29Z,2026-07-01,3,17,4,23.53
2026-06-27T23:12:38Z,2026-07-02,1,17,9,52.94
2026-06-27T23:12:38Z,2026-07-02,2,17,6,35.29
2026-06-27T23:12:38Z,2026-07-02,3,17,3,17.65
2026-06-27T23:12:47Z,2026-07-03,1,17,8,47.06
2026-06-27T23:12:47Z,2026-07-03,2,17,6,35.29
2026-06-27T23:12:47Z,2026-07-03,3,17,5,29.41
2026-06-27T23:16:02Z,2026-06-27,1,17,10,58.82
2026-06-27T23:16:02Z,2026-06-27,2,17,10,58.82
2026-06-27T23:16:02Z,2026-06-27,3,17,8,47.06
2026-06-27T23:17:39Z,2026-07-01,1,17,8,47.06
2026-06-27T23:17:39Z,2026-07-01,2,17,7,41.18
2026-06-27T23:17:39Z,2026-07-01,3,17,4,23.53
2026-06-27T23:17:48Z,2026-07-02,1,17,9,52.94
2026-06-27T23:17:48Z,2026-07-02,2,17,6,35.29
2026-06-27T23:17:48Z,2026-07-02,3,17,3,17.65
2026-06-27T23:17:57Z,2026-07-03,1,17,8,47.06
2026-06-27T23:17:57Z,2026-07-03,2,17,6,35.29
2026-06-27T23:17:57Z,2026-07-03,3,17,5,29.41
2026-06-27T23:30:51Z,2026-06-27,1,17,10,58.82
2026-06-27T23:30:51Z,2026-06-27,2,17,10,58.82
2026-06-27T23:30:51Z,2026-06-27,3,17,8,47.06
2026-06-27T23:32:28Z,2026-07-01,1,17,6,35.29
2026-06-27T23:32:28Z,2026-07-01,2,17,7,41.18
2026-06-27T23:32:28Z,2026-07-01,3,17,4,23.53
2026-06-27T23:32:47Z,2026-07-02,1,17,9,52.94
2026-06-27T23:32:47Z,2026-07-02,2,17,6,35.29
2026-06-27T23:32:47Z,2026-07-02,3,17,3,17.65
2026-06-27T23:32:56Z,2026-07-03,1,17,8,47.06
2026-06-27T23:32:56Z,2026-07-03,2,17,6,35.29
2026-06-27T23:32:56Z,2026-07-03,3,17,5,29.41
2026-06-27T23:35:53Z,2026-06-27,1,17,10,58.82
2026-06-27T23:35:53Z,2026-06-27,2,17,10,58.82
2026-06-27T23:35:53Z,2026-06-27,3,17,8,47.06
2026-06-27T23:37:30Z,2026-07-01,1,17,6,35.29
2026-06-27T23:37:30Z,2026-07-01,2,17,7,41.18
2026-06-27T23:37:30Z,2026-07-01,3,17,4,23.53
2026-06-27T23:37:39Z,2026-07-02,1,17,9,52.94
2026-06-27T23:37:39Z,2026-07-02,2,17,6,35.29
2026-06-27T23:37:39Z,2026-07-02,3,17,3,17.65
2026-06-27T23:37:48Z,2026-07-03,1,17,8,47.06
2026-06-27T23:37:48Z,2026-07-03,2,17,6,35.29
2026-06-27T23:37:48Z,2026-07-03,3,17,5,29.41
2026-06-27T23:40:52Z,2026-06-27,1,17,10,58.82
2026-06-27T23:40:52Z,2026-06-27,2,17,10,58.82
2026-06-27T23:40:52Z,2026-06-27,3,17,8,47.06
2026-06-27T23:42:29Z,2026-07-01,1,17,6,35.29
2026-06-27T23:42:29Z,2026-07-01,2,17,7,41.18
2026-06-27T23:42:29Z,2026-07-01,3,17,4,23.53
2026-06-27T23:42:38Z,2026-07-02,1,17,9,52.94
2026-06-27T23:42:38Z,2026-07-02,2,17,6,35.29
2026-06-27T23:42:38Z,2026-07-02,3,17,3,17.65
2026-06-27T23:42:47Z,2026-07-03,1,17,8,47.06
2026-06-27T23:42:47Z,2026-07-03,2,17,6,35.29
2026-06-27T23:42:47Z,2026-07-03,3,17,5,29.41
2026-06-27T23:55:52Z,2026-06-27,1,17,10,58.82
2026-06-27T23:55:52Z,2026-06-27,2,17,10,58.82
2026-06-27T23:55:52Z,2026-06-27,3,17,8,47.06
2026-06-27T23:57:28Z,2026-07-01,1,17,8,47.06
2026-06-27T23:57:28Z,2026-07-01,2,17,7,41.18
2026-06-27T23:57:28Z,2026-07-01,3,17,4,23.53
2026-06-27T23:57:37Z,2026-07-02,1,17,9,52.94
2026-06-27T23:57:37Z,2026-07-02,2,17,6,35.29
2026-06-27T23:57:37Z,2026-07-02,3,17,3,17.65
2026-06-27T23:57:46Z,2026-07-03,1,17,8,47.06
2026-06-27T23:57:46Z,2026-07-03,2,17,6,35.29
2026-06-27T23:57:46Z,2026-07-03,3,17,5,29.41
2026-06-28T00:05:59Z,2026-06-28,1,17,12,70.59
2026-06-28T00:05:59Z,2026-06-28,2,17,12,70.59
2026-06-28T00:05:59Z,2026-06-28,3,17,12,70.59
2026-06-28T00:07:05Z,2026-07-01,1,17,8,47.06
2026-06-28T00:07:05Z,2026-07-01,2,17,7,41.18
2026-06-28T00:07:05Z,2026-07-01,3,17,4,23.53
2026-06-28T00:07:14Z,2026-07-02,1,17,9,52.94
2026-06-28T00:07:14Z,2026-07-02,2,17,6,35.29
2026-06-28T00:07:14Z,2026-07-02,3,17,3,17.65
2026-06-28T00:07:23Z,2026-07-03,1,17,8,47.06
2026-06-28T00:07:23Z,2026-07-03,2,17,6,35.29
2026-06-28T00:07:23Z,2026-07-03,3,17,5,29.41
2026-06-28T00:07:32Z,2026-07-04,1,17,2,11.76
2026-06-28T00:07:32Z,2026-07-04,2,17,4,23.53
2026-06-28T00:07:32Z,2026-07-04,3,17,8,47.06
2026-06-28T00:10:53Z,2026-06-28,1,17,12,70.59
2026-06-28T00:10:53Z,2026-06-28,2,17,12,70.59
2026-06-28T00:10:53Z,2026-06-28,3,17,12,70.59
2026-06-28T00:12:00Z,2026-07-01,1,17,8,47.06
2026-06-28T00:12:00Z,2026-07-01,2,17,7,41.18
2026-06-28T00:12:00Z,2026-07-01,3,17,4,23.53
2026-06-28T00:12:09Z,2026-07-02,1,17,9,52.94
2026-06-28T00:12:09Z,2026-07-02,2,17,6,35.29
2026-06-28T00:12:09Z,2026-07-02,3,17,3,17.65
2026-06-28T00:12:18Z,2026-07-03,1,17,8,47.06
2026-06-28T00:12:18Z,2026-07-03,2,17,6,35.29
2026-06-28T00:12:18Z,2026-07-03,3,17,5,29.41
2026-06-28T00:12:27Z,2026-07-04,1,17,2,11.76
2026-06-28T00:12:27Z,2026-07-04,2,17,4,23.53
2026-06-28T00:12:27Z,2026-07-04,3,17,8,47.06
2026-06-28T00:15:56Z,2026-06-28,1,17,12,70.59
2026-06-28T00:15:56Z,2026-06-28,2,17,12,70.59
2026-06-28T00:15:56Z,2026-06-28,3,17,12,70.59
2026-06-28T00:17:02Z,2026-07-01,1,17,8,47.06
2026-06-28T00:17:02Z,2026-07-01,2,17,7,41.18
2026-06-28T00:17:02Z,2026-07-01,3,17,4,23.53
2026-06-28T00:17:11Z,2026-07-02,1,17,9,52.94
2026-06-28T00:17:11Z,2026-07-02,2,17,6,35.29
2026-06-28T00:17:11Z,2026-07-02,3,17,3,17.65
2026-06-28T00:17:20Z,2026-07-03,1,17,8,47.06
2026-06-28T00:17:20Z,2026-07-03,2,17,6,35.29
2026-06-28T00:17:20Z,2026-07-03,3,17,5,29.41
2026-06-28T00:17:29Z,2026-07-04,1,17,2,11.76
2026-06-28T00:17:29Z,2026-07-04,2,17,4,23.53
2026-06-28T00:17:29Z,2026-07-04,3,17,8,47.06
2026-06-28T00:25:53Z,2026-06-28,1,17,12,70.59
2026-06-28T00:25:53Z,2026-06-28,2,17,12,70.59
2026-06-28T00:25:53Z,2026-06-28,3,17,12,70.59
2026-06-28T00:27:00Z,2026-07-01,1,17,8,47.06
2026-06-28T00:27:00Z,2026-07-01,2,17,7,41.18
2026-06-28T00:27:00Z,2026-07-01,3,17,4,23.53
2026-06-28T00:27:09Z,2026-07-02,1,17,9,52.94
2026-06-28T00:27:09Z,2026-07-02,2,17,6,35.29
2026-06-28T00:27:09Z,2026-07-02,3,17,3,17.65
2026-06-28T00:27:18Z,2026-07-03,1,17,8,47.06
2026-06-28T00:27:18Z,2026-07-03,2,17,6,35.29
2026-06-28T00:27:18Z,2026-07-03,3,17,5,29.41
2026-06-28T00:27:26Z,2026-07-04,1,17,2,11.76
2026-06-28T00:27:26Z,2026-07-04,2,17,4,23.53
2026-06-28T00:27:26Z,2026-07-04,3,17,8,47.06
2026-06-28T00:30:51Z,2026-06-28,1,17,12,70.59
2026-06-28T00:30:51Z,2026-06-28,2,17,12,70.59
2026-06-28T00:30:51Z,2026-06-28,3,17,12,70.59
2026-06-28T00:31:57Z,2026-07-01,1,17,8,47.06
2026-06-28T00:31:57Z,2026-07-01,2,17,7,41.18
2026-06-28T00:31:57Z,2026-07-01,3,17,4,23.53
2026-06-28T00:32:06Z,2026-07-02,1,17,9,52.94
2026-06-28T00:32:06Z,2026-07-02,2,17,6,35.29
2026-06-28T00:32:06Z,2026-07-02,3,17,3,17.65
2026-06-28T00:32:15Z,2026-07-03,1,17,8,47.06
2026-06-28T00:32:15Z,2026-07-03,2,17,6,35.29
2026-06-28T00:32:15Z,2026-07-03,3,17,5,29.41
2026-06-28T00:32:24Z,2026-07-04,1,17,2,11.76
2026-06-28T00:32:24Z,2026-07-04,2,17,4,23.53
2026-06-28T00:32:24Z,2026-07-04,3,17,8,47.06
2026-06-28T00:40:53Z,2026-06-28,1,17,12,70.59
2026-06-28T00:40:53Z,2026-06-28,2,17,12,70.59
2026-06-28T00:40:53Z,2026-06-28,3,17,12,70.59
2026-06-28T00:42:00Z,2026-07-01,1,17,8,47.06
2026-06-28T00:42:00Z,2026-07-01,2,17,7,41.18
2026-06-28T00:42:00Z,2026-07-01,3,17,4,23.53
2026-06-28T00:42:09Z,2026-07-02,1,17,9,52.94
2026-06-28T00:42:09Z,2026-07-02,2,17,6,35.29
2026-06-28T00:42:09Z,2026-07-02,3,17,3,17.65
2026-06-28T00:42:17Z,2026-07-03,1,17,8,47.06
2026-06-28T00:42:17Z,2026-07-03,2,17,6,35.29
2026-06-28T00:42:17Z,2026-07-03,3,17,5,29.41
2026-06-28T00:42:26Z,2026-07-04,1,17,2,11.76
2026-06-28T00:42:26Z,2026-07-04,2,17,4,23.53
2026-06-28T00:42:26Z,2026-07-04,3,17,8,47.06
2026-06-28T09:05:55Z,2026-06-28,1,17,12,70.59
2026-06-28T09:05:55Z,2026-06-28,2,17,12,70.59
2026-06-28T09:05:55Z,2026-06-28,3,17,12,70.59
2026-06-28T09:07:01Z,2026-07-01,1,17,8,47.06
2026-06-28T09:07:01Z,2026-07-01,2,17,7,41.18
2026-06-28T09:07:01Z,2026-07-01,3,17,4,23.53
2026-06-28T09:07:10Z,2026-07-02,1,17,9,52.94
2026-06-28T09:07:10Z,2026-07-02,2,17,6,35.29
2026-06-28T09:07:10Z,2026-07-02,3,17,3,17.65
2026-06-28T09:07:19Z,2026-07-03,1,17,8,47.06
2026-06-28T09:07:19Z,2026-07-03,2,17,6,35.29
2026-06-28T09:07:19Z,2026-07-03,3,17,5,29.41
2026-06-28T09:07:28Z,2026-07-04,1,17,2,11.76
2026-06-28T09:07:28Z,2026-07-04,2,17,4,23.53
2026-06-28T09:07:28Z,2026-07-04,3,17,8,47.06
2026-06-28T09:15:52Z,2026-06-28,1,17,12,70.59
2026-06-28T09:15:52Z,2026-06-28,2,17,12,70.59
2026-06-28T09:15:52Z,2026-06-28,3,17,12,70.59
2026-06-28T09:16:58Z,2026-07-01,1,17,8,47.06
2026-06-28T09:16:58Z,2026-07-01,2,17,7,41.18
2026-06-28T09:16:58Z,2026-07-01,3,17,4,23.53
2026-06-28T09:17:07Z,2026-07-02,1,17,9,52.94
2026-06-28T09:17:07Z,2026-07-02,2,17,6,35.29
2026-06-28T09:17:07Z,2026-07-02,3,17,3,17.65
2026-06-28T09:17:16Z,2026-07-03,1,17,8,47.06
2026-06-28T09:17:16Z,2026-07-03,2,17,6,35.29
2026-06-28T09:17:16Z,2026-07-03,3,17,5,29.41
2026-06-28T09:17:25Z,2026-07-04,1,17,2,11.76
2026-06-28T09:17:25Z,2026-07-04,2,17,4,23.53
2026-06-28T09:17:25Z,2026-07-04,3,17,8,47.06
2026-06-28T09:40:55Z,2026-06-28,1,17,12,70.59
2026-06-28T09:40:55Z,2026-06-28,2,17,12,70.59
2026-06-28T09:40:55Z,2026-06-28,3,17,12,70.59
2026-06-28T09:42:02Z,2026-07-01,1,17,8,47.06
2026-06-28T09:42:02Z,2026-07-01,2,17,7,41.18
2026-06-28T09:42:02Z,2026-07-01,3,17,4,23.53
2026-06-28T09:42:11Z,2026-07-02,1,17,9,52.94
2026-06-28T09:42:11Z,2026-07-02,2,17,6,35.29
2026-06-28T09:42:11Z,2026-07-02,3,17,3,17.65
2026-06-28T09:42:20Z,2026-07-03,1,17,8,47.06
2026-06-28T09:42:20Z,2026-07-03,2,17,6,35.29
2026-06-28T09:42:20Z,2026-07-03,3,17,5,29.41
2026-06-28T09:42:29Z,2026-07-04,1,17,2,11.76
2026-06-28T09:42:29Z,2026-07-04,2,17,4,23.53
2026-06-28T09:42:29Z,2026-07-04,3,17,8,47.06
2026-06-28T10:10:55Z,2026-06-28,1,17,12,70.59
2026-06-28T10:10:55Z,2026-06-28,2,17,12,70.59
2026-06-28T10:10:55Z,2026-06-28,3,17,12,70.59
2026-06-28T10:12:02Z,2026-07-01,1,17,8,47.06
2026-06-28T10:12:02Z,2026-07-01,2,17,7,41.18
2026-06-28T10:12:02Z,2026-07-01,3,17,4,23.53
2026-06-28T10:12:11Z,2026-07-02,1,17,9,52.94
2026-06-28T10:12:11Z,2026-07-02,2,17,6,35.29
2026-06-28T10:12:11Z,2026-07-02,3,17,3,17.65
2026-06-28T10:12:20Z,2026-07-03,1,17,8,47.06
2026-06-28T10:12:20Z,2026-07-03,2,17,6,35.29
2026-06-28T10:12:20Z,2026-07-03,3,17,5,29.41
2026-06-28T10:12:29Z,2026-07-04,1,17,2,11.76
2026-06-28T10:12:29Z,2026-07-04,2,17,4,23.53
2026-06-28T10:12:29Z,2026-07-04,3,17,8,47.06
2026-06-28T10:20:50Z,2026-06-28,1,17,12,70.59
2026-06-28T10:20:50Z,2026-06-28,2,17,12,70.59
2026-06-28T10:20:50Z,2026-06-28,3,17,12,70.59
2026-06-28T10:21:57Z,2026-07-01,1,17,8,47.06
2026-06-28T10:21:57Z,2026-07-01,2,17,7,41.18
2026-06-28T10:21:57Z,2026-07-01,3,17,4,23.53
2026-06-28T10:22:06Z,2026-07-02,1,17,9,52.94
2026-06-28T10:22:06Z,2026-07-02,2,17,6,35.29
2026-06-28T10:22:06Z,2026-07-02,3,17,3,17.65
2026-06-28T10:22:15Z,2026-07-03,1,17,8,47.06
2026-06-28T10:22:15Z,2026-07-03,2,17,6,35.29
2026-06-28T10:22:15Z,2026-07-03,3,17,5,29.41
2026-06-28T10:22:23Z,2026-07-04,1,17,2,11.76
2026-06-28T10:22:23Z,2026-07-04,2,17,4,23.53
2026-06-28T10:22:23Z,2026-07-04,3,17,8,47.06
2026-06-28T10:35:51Z,2026-06-28,1,17,12,70.59
2026-06-28T10:35:51Z,2026-06-28,2,17,12,70.59
2026-06-28T10:35:51Z,2026-06-28,3,17,12,70.59
2026-06-28T10:36:58Z,2026-07-01,1,17,8,47.06
2026-06-28T10:36:58Z,2026-07-01,2,17,7,41.18
2026-06-28T10:36:58Z,2026-07-01,3,17,4,23.53
2026-06-28T10:37:07Z,2026-07-02,1,17,9,52.94
2026-06-28T10:37:07Z,2026-07-02,2,17,6,35.29
2026-06-28T10:37:07Z,2026-07-02,3,17,3,17.65
2026-06-28T10:37:15Z,2026-07-03,1,17,8,47.06
2026-06-28T10:37:15Z,2026-07-03,2,17,6,35.29
2026-06-28T10:37:15Z,2026-07-03,3,17,5,29.41
2026-06-28T10:37:24Z,2026-07-04,1,17,2,11.76
2026-06-28T10:37:24Z,2026-07-04,2,17,4,23.53
2026-06-28T10:37:24Z,2026-07-04,3,17,8,47.06
2026-06-28T10:55:52Z,2026-06-28,1,17,12,70.59
2026-06-28T10:55:52Z,2026-06-28,2,17,12,70.59
2026-06-28T10:55:52Z,2026-06-28,3,17,12,70.59
2026-06-28T10:56:58Z,2026-07-01,1,17,8,47.06
2026-06-28T10:56:58Z,2026-07-01,2,17,7,41.18
2026-06-28T10:56:58Z,2026-07-01,3,17,4,23.53
2026-06-28T10:57:07Z,2026-07-02,1,17,9,52.94
2026-06-28T10:57:07Z,2026-07-02,2,17,6,35.29
2026-06-28T10:57:07Z,2026-07-02,3,17,3,17.65
2026-06-28T10:57:16Z,2026-07-03,1,17,8,47.06
2026-06-28T10:57:16Z,2026-07-03,2,17,6,35.29
2026-06-28T10:57:16Z,2026-07-03,3,17,5,29.41
2026-06-28T10:57:25Z,2026-07-04,1,17,2,11.76
2026-06-28T10:57:25Z,2026-07-04,2,17,4,23.53
2026-06-28T10:57:25Z,2026-07-04,3,17,8,47.06
2026-06-28T11:10:53Z,2026-06-28,1,17,12,70.59
2026-06-28T11:10:53Z,2026-06-28,2,17,12,70.59
2026-06-28T11:10:53Z,2026-06-28,3,17,12,70.59
2026-06-28T11:12:00Z,2026-07-01,1,17,8,47.06
2026-06-28T11:12:00Z,2026-07-01,2,17,7,41.18
2026-06-28T11:12:00Z,2026-07-01,3,17,4,23.53
2026-06-28T11:12:09Z,2026-07-02,1,17,9,52.94
2026-06-28T11:12:09Z,2026-07-02,2,17,6,35.29
2026-06-28T11:12:09Z,2026-07-02,3,17,3,17.65
2026-06-28T11:12:18Z,2026-07-03,1,17,8,47.06
2026-06-28T11:12:18Z,2026-07-03,2,17,6,35.29
2026-06-28T11:12:18Z,2026-07-03,3,17,5,29.41
2026-06-28T11:12:26Z,2026-07-04,1,17,2,11.76
2026-06-28T11:12:26Z,2026-07-04,2,17,4,23.53
2026-06-28T11:12:26Z,2026-07-04,3,17,8,47.06
2026-06-28T11:15:59Z,2026-06-28,1,17,12,70.59
2026-06-28T11:15:59Z,2026-06-28,2,17,12,70.59
2026-06-28T11:15:59Z,2026-06-28,3,17,12,70.59
2026-06-28T11:17:05Z,2026-07-01,1,17,8,47.06
2026-06-28T11:17:05Z,2026-07-01,2,17,7,41.18
2026-06-28T11:17:05Z,2026-07-01,3,17,4,23.53
2026-06-28T11:17:14Z,2026-07-02,1,17,9,52.94
2026-06-28T11:17:14Z,2026-07-02,2,17,6,35.29
2026-06-28T11:17:14Z,2026-07-02,3,17,3,17.65
2026-06-28T11:17:23Z,2026-07-03,1,17,8,47.06
2026-06-28T11:17:23Z,2026-07-03,2,17,6,35.29
2026-06-28T11:17:23Z,2026-07-03,3,17,5,29.41
2026-06-28T11:17:32Z,2026-07-04,1,17,2,11.76
2026-06-28T11:17:32Z,2026-07-04,2,17,4,23.53
2026-06-28T11:17:32Z,2026-07-04,3,17,8,47.06
2026-06-28T11:20:50Z,2026-06-28,1,17,12,70.59
2026-06-28T11:20:50Z,2026-06-28,2,17,12,70.59
2026-06-28T11:20:50Z,2026-06-28,3,17,12,70.59
2026-06-28T11:21:56Z,2026-07-01,1,17,8,47.06
2026-06-28T11:21:56Z,2026-07-01,2,17,7,41.18
2026-06-28T11:21:56Z,2026-07-01,3,17,4,23.53
2026-06-28T11:22:05Z,2026-07-02,1,17,9,52.94
2026-06-28T11:22:05Z,2026-07-02,2,17,6,35.29
2026-06-28T11:22:05Z,2026-07-02,3,17,3,17.65
2026-06-28T11:22:14Z,2026-07-03,1,17,8,47.06
2026-06-28T11:22:14Z,2026-07-03,2,17,6,35.29
2026-06-28T11:22:14Z,2026-07-03,3,17,5,29.41
2026-06-28T11:22:23Z,2026-07-04,1,17,2,11.76
2026-06-28T11:22:23Z,2026-07-04,2,17,4,23.53
2026-06-28T11:22:23Z,2026-07-04,3,17,8,47.06
2026-06-28T11:40:55Z,2026-06-28,1,17,12,70.59
2026-06-28T11:40:55Z,2026-06-28,2,17,12,70.59
2026-06-28T11:40:55Z,2026-06-28,3,17,12,70.59
2026-06-28T11:42:01Z,2026-07-01,1,17,8,47.06
2026-06-28T11:42:01Z,2026-07-01,2,17,7,41.18
2026-06-28T11:42:01Z,2026-07-01,3,17,4,23.53
2026-06-28T11:42:10Z,2026-07-02,1,17,9,52.94
2026-06-28T11:42:10Z,2026-07-02,2,17,6,35.29
2026-06-28T11:42:10Z,2026-07-02,3,17,3,17.65
2026-06-28T11:42:19Z,2026-07-03,1,17,8,47.06
2026-06-28T11:42:19Z,2026-07-03,2,17,6,35.29
2026-06-28T11:42:19Z,2026-07-03,3,17,5,29.41
2026-06-28T11:42:28Z,2026-07-04,1,17,2,11.76
2026-06-28T11:42:28Z,2026-07-04,2,17,4,23.53
2026-06-28T11:42:28Z,2026-07-04,3,17,8,47.06
2026-06-28T12:35:49Z,2026-06-28,1,17,12,70.59
2026-06-28T12:35:49Z,2026-06-28,2,17,12,70.59
2026-06-28T12:35:49Z,2026-06-28,3,17,12,70.59
2026-06-28T12:36:55Z,2026-07-01,1,17,8,47.06
2026-06-28T12:36:55Z,2026-07-01,2,17,7,41.18
2026-06-28T12:36:55Z,2026-07-01,3,17,4,23.53
2026-06-28T12:37:04Z,2026-07-02,1,17,9,52.94
2026-06-28T12:37:04Z,2026-07-02,2,17,6,35.29
2026-06-28T12:37:04Z,2026-07-02,3,17,3,17.65
2026-06-28T12:37:13Z,2026-07-03,1,17,8,47.06
2026-06-28T12:37:13Z,2026-07-03,2,17,6,35.29
2026-06-28T12:37:13Z,2026-07-03,3,17,5,29.41
2026-06-28T12:37:22Z,2026-07-04,1,17,2,11.76
2026-06-28T12:37:22Z,2026-07-04,2,17,4,23.53
2026-06-28T12:37:22Z,2026-07-04,3,17,8,47.06
2026-06-28T12:49:01Z,2026-06-28,1,17,12,70.59
2026-06-28T12:49:01Z,2026-06-28,2,17,12,70.59
2026-06-28T12:49:01Z,2026-06-28,3,17,12,70.59
2026-06-28T12:50:07Z,2026-07-01,1,17,8,47.06
2026-06-28T12:50:07Z,2026-07-01,2,17,7,41.18
2026-06-28T12:50:07Z,2026-07-01,3,17,4,23.53
2026-06-28T12:50:16Z,2026-07-02,1,17,9,52.94
2026-06-28T12:50:16Z,2026-07-02,2,17,6,35.29
2026-06-28T12:50:16Z,2026-07-02,3,17,3,17.65
2026-06-28T12:50:25Z,2026-07-03,1,17,8,47.06
2026-06-28T12:50:25Z,2026-07-03,2,17,6,35.29
2026-06-28T12:50:25Z,2026-07-03,3,17,5,29.41
2026-06-28T12:50:34Z,2026-07-04,1,17,2,11.76
2026-06-28T12:50:34Z,2026-07-04,2,17,4,23.53
2026-06-28T12:50:34Z,2026-07-04,3,17,8,47.06
2026-06-28T12:55:50Z,2026-06-28,1,17,12,70.59
2026-06-28T12:55:50Z,2026-06-28,2,17,12,70.59
2026-06-28T12:55:50Z,2026-06-28,3,17,12,70.59
2026-06-28T12:56:56Z,2026-07-01,1,17,8,47.06
2026-06-28T12:56:56Z,2026-07-01,2,17,7,41.18
2026-06-28T12:56:56Z,2026-07-01,3,17,4,23.53
2026-06-28T12:57:05Z,2026-07-02,1,17,9,52.94
2026-06-28T12:57:05Z,2026-07-02,2,17,6,35.29
2026-06-28T12:57:05Z,2026-07-02,3,17,3,17.65
2026-06-28T12:57:14Z,2026-07-03,1,17,8,47.06
2026-06-28T12:57:14Z,2026-07-03,2,17,6,35.29
2026-06-28T12:57:14Z,2026-07-03,3,17,5,29.41
2026-06-28T12:57:24Z,2026-07-04,1,17,2,11.76
2026-06-28T12:57:24Z,2026-07-04,2,17,4,23.53
2026-06-28T12:57:24Z,2026-07-04,3,17,8,47.06
2026-06-28T13:00:56Z,2026-06-28,1,17,12,70.59
2026-06-28T13:00:56Z,2026-06-28,2,17,12,70.59
2026-06-28T13:00:56Z,2026-06-28,3,17,12,70.59
2026-06-28T13:02:02Z,2026-07-01,1,17,8,47.06
2026-06-28T13:02:02Z,2026-07-01,2,17,7,41.18
2026-06-28T13:02:02Z,2026-07-01,3,17,4,23.53
2026-06-28T13:02:11Z,2026-07-02,1,17,9,52.94
2026-06-28T13:02:11Z,2026-07-02,2,17,6,35.29
2026-06-28T13:02:11Z,2026-07-02,3,17,3,17.65
2026-06-28T13:02:20Z,2026-07-03,1,17,8,47.06
2026-06-28T13:02:20Z,2026-07-03,2,17,6,35.29
2026-06-28T13:02:20Z,2026-07-03,3,17,5,29.41
2026-06-28T13:02:29Z,2026-07-04,1,17,2,11.76
2026-06-28T13:02:29Z,2026-07-04,2,17,4,23.53
2026-06-28T13:02:29Z,2026-07-04,3,17,8,47.06
2026-06-28T13:15:51Z,2026-06-28,1,17,12,70.59
2026-06-28T13:15:51Z,2026-06-28,2,17,12,70.59
2026-06-28T13:15:51Z,2026-06-28,3,17,12,70.59
2026-06-28T13:16:58Z,2026-07-01,1,17,8,47.06
2026-06-28T13:16:58Z,2026-07-01,2,17,7,41.18
2026-06-28T13:16:58Z,2026-07-01,3,17,4,23.53
2026-06-28T13:17:07Z,2026-07-02,1,17,9,52.94
2026-06-28T13:17:07Z,2026-07-02,2,17,6,35.29
2026-06-28T13:17:07Z,2026-07-02,3,17,3,17.65
2026-06-28T13:17:16Z,2026-07-03,1,17,8,47.06
2026-06-28T13:17:16Z,2026-07-03,2,17,6,35.29
2026-06-28T13:17:16Z,2026-07-03,3,17,5,29.41
2026-06-28T13:17:25Z,2026-07-04,1,17,2,11.76
2026-06-28T13:17:25Z,2026-07-04,2,17,4,23.53
2026-06-28T13:17:25Z,2026-07-04,3,17,8,47.06
2026-06-28T13:25:49Z,2026-06-28,1,17,12,70.59
2026-06-28T13:25:49Z,2026-06-28,2,17,12,70.59
2026-06-28T13:25:49Z,2026-06-28,3,17,12,70.59
2026-06-28T13:26:55Z,2026-07-01,1,17,8,47.06
2026-06-28T13:26:55Z,2026-07-01,2,17,7,41.18
2026-06-28T13:26:55Z,2026-07-01,3,17,4,23.53
2026-06-28T13:27:04Z,2026-07-02,1,17,9,52.94
2026-06-28T13:27:04Z,2026-07-02,2,17,6,35.29
2026-06-28T13:27:04Z,2026-07-02,3,17,3,17.65
2026-06-28T13:27:13Z,2026-07-03,1,17,8,47.06
2026-06-28T13:27:13Z,2026-07-03,2,17,6,35.29
2026-06-28T13:27:13Z,2026-07-03,3,17,5,29.41
2026-06-28T13:27:22Z,2026-07-04,1,17,2,11.76
2026-06-28T13:27:22Z,2026-07-04,2,17,4,23.53
2026-06-28T13:27:22Z,2026-07-04,3,17,8,47.06
2026-06-28T13:55:49Z,2026-06-28,1,17,12,70.59
2026-06-28T13:55:49Z,2026-06-28,2,17,12,70.59
2026-06-28T13:55:49Z,2026-06-28,3,17,12,70.59
2026-06-28T13:56:55Z,2026-07-01,1,17,8,47.06
2026-06-28T13:56:55Z,2026-07-01,2,17,7,41.18
2026-06-28T13:56:55Z,2026-07-01,3,17,4,23.53
2026-06-28T13:57:04Z,2026-07-02,1,17,9,52.94
2026-06-28T13:57:04Z,2026-07-02,2,17,6,35.29
2026-06-28T13:57:04Z,2026-07-02,3,17,3,17.65
2026-06-28T13:57:13Z,2026-07-03,1,17,8,47.06
2026-06-28T13:57:13Z,2026-07-03,2,17,6,35.29
2026-06-28T13:57:13Z,2026-07-03,3,17,5,29.41
2026-06-28T13:57:22Z,2026-07-04,1,17,2,11.76
2026-06-28T13:57:22Z,2026-07-04,2,17,4,23.53
2026-06-28T13:57:22Z,2026-07-04,3,17,8,47.06
2026-06-28T14:10:53Z,2026-06-28,1,17,12,70.59
2026-06-28T14:10:53Z,2026-06-28,2,17,12,70.59
2026-06-28T14:10:53Z,2026-06-28,3,17,12,70.59
2026-06-28T14:11:59Z,2026-07-01,1,17,8,47.06
2026-06-28T14:11:59Z,2026-07-01,2,17,7,41.18
2026-06-28T14:11:59Z,2026-07-01,3,17,4,23.53
2026-06-28T14:12:08Z,2026-07-02,1,17,9,52.94
2026-06-28T14:12:08Z,2026-07-02,2,17,6,35.29
2026-06-28T14:12:08Z,2026-07-02,3,17,3,17.65
2026-06-28T14:12:17Z,2026-07-03,1,17,8,47.06
2026-06-28T14:12:17Z,2026-07-03,2,17,6,35.29
2026-06-28T14:12:17Z,2026-07-03,3,17,5,29.41
2026-06-28T14:12:26Z,2026-07-04,1,17,2,11.76
2026-06-28T14:12:26Z,2026-07-04,2,17,4,23.53
2026-06-28T14:12:26Z,2026-07-04,3,17,8,47.06
2026-06-28T14:20:52Z,2026-06-28,1,17,12,70.59
2026-06-28T14:20:52Z,2026-06-28,2,17,12,70.59
2026-06-28T14:20:52Z,2026-06-28,3,17,12,70.59
2026-06-28T14:21:59Z,2026-07-01,1,17,8,47.06
2026-06-28T14:21:59Z,2026-07-01,2,17,7,41.18
2026-06-28T14:21:59Z,2026-07-01,3,17,4,23.53
2026-06-28T14:22:08Z,2026-07-02,1,17,9,52.94
2026-06-28T14:22:08Z,2026-07-02,2,17,6,35.29
2026-06-28T14:22:08Z,2026-07-02,3,17,3,17.65
2026-06-28T14:22:16Z,2026-07-03,1,17,8,47.06
2026-06-28T14:22:16Z,2026-07-03,2,17,6,35.29
2026-06-28T14:22:16Z,2026-07-03,3,17,5,29.41
2026-06-28T14:22:25Z,2026-07-04,1,17,2,11.76
2026-06-28T14:22:25Z,2026-07-04,2,17,4,23.53
2026-06-28T14:22:25Z,2026-07-04,3,17,8,47.06
2026-06-28T14:30:58Z,2026-06-28,1,17,12,70.59
2026-06-28T14:30:58Z,2026-06-28,2,17,12,70.59
2026-06-28T14:30:58Z,2026-06-28,3,17,12,70.59
2026-06-28T14:32:05Z,2026-07-01,1,17,8,47.06
2026-06-28T14:32:05Z,2026-07-01,2,17,7,41.18
2026-06-28T14:32:05Z,2026-07-01,3,17,4,23.53
2026-06-28T14:32:14Z,2026-07-02,1,17,9,52.94
2026-06-28T14:32:14Z,2026-07-02,2,17,6,35.29
2026-06-28T14:32:14Z,2026-07-02,3,17,3,17.65
2026-06-28T14:32:23Z,2026-07-03,1,17,8,47.06
2026-06-28T14:32:23Z,2026-07-03,2,17,6,35.29
2026-06-28T14:32:23Z,2026-07-03,3,17,5,29.41
2026-06-28T14:32:32Z,2026-07-04,1,17,2,11.76
2026-06-28T14:32:32Z,2026-07-04,2,17,4,23.53
2026-06-28T14:32:32Z,2026-07-04,3,17,8,47.06
2026-06-28T14:55:51Z,2026-06-28,1,17,12,70.59
2026-06-28T14:55:51Z,2026-06-28,2,17,12,70.59
2026-06-28T14:55:51Z,2026-06-28,3,17,12,70.59
2026-06-28T14:56:58Z,2026-07-01,1,17,8,47.06
2026-06-28T14:56:58Z,2026-07-01,2,17,7,41.18
2026-06-28T14:56:58Z,2026-07-01,3,17,4,23.53
2026-06-28T14:57:07Z,2026-07-02,1,17,9,52.94
2026-06-28T14:57:07Z,2026-07-02,2,17,6,35.29
2026-06-28T14:57:07Z,2026-07-02,3,17,3,17.65
2026-06-28T14:57:15Z,2026-07-03,1,17,8,47.06
2026-06-28T14:57:15Z,2026-07-03,2,17,6,35.29
2026-06-28T14:57:15Z,2026-07-03,3,17,5,29.41
2026-06-28T14:57:24Z,2026-07-04,1,17,2,11.76
2026-06-28T14:57:24Z,2026-07-04,2,17,4,23.53
2026-06-28T14:57:24Z,2026-07-04,3,17,8,47.06
2026-06-28T15:25:51Z,2026-06-28,1,17,12,70.59
2026-06-28T15:25:51Z,2026-06-28,2,17,12,70.59
2026-06-28T15:25:51Z,2026-06-28,3,17,12,70.59
2026-06-28T15:26:57Z,2026-07-01,1,17,8,47.06
2026-06-28T15:26:57Z,2026-07-01,2,17,7,41.18
2026-06-28T15:26:57Z,2026-07-01,3,17,4,23.53
2026-06-28T15:27:06Z,2026-07-02,1,17,9,52.94
2026-06-28T15:27:06Z,2026-07-02,2,17,6,35.29
2026-06-28T15:27:06Z,2026-07-02,3,17,3,17.65
2026-06-28T15:27:15Z,2026-07-03,1,17,8,47.06
2026-06-28T15:27:15Z,2026-07-03,2,17,6,35.29
2026-06-28T15:27:15Z,2026-07-03,3,17,5,29.41
2026-06-28T15:27:24Z,2026-07-04,1,17,2,11.76
2026-06-28T15:27:24Z,2026-07-04,2,17,4,23.53
2026-06-28T15:27:24Z,2026-07-04,3,17,8,47.06
2026-06-28T15:30:56Z,2026-06-28,1,17,12,70.59
2026-06-28T15:30:56Z,2026-06-28,2,17,12,70.59
2026-06-28T15:30:56Z,2026-06-28,3,17,12,70.59
2026-06-28T15:32:02Z,2026-07-01,1,17,8,47.06
2026-06-28T15:32:02Z,2026-07-01,2,17,7,41.18
2026-06-28T15:32:02Z,2026-07-01,3,17,4,23.53
2026-06-28T15:32:11Z,2026-07-02,1,17,9,52.94
2026-06-28T15:32:11Z,2026-07-02,2,17,6,35.29
2026-06-28T15:32:11Z,2026-07-02,3,17,3,17.65
2026-06-28T15:32:20Z,2026-07-03,1,17,8,47.06
2026-06-28T15:32:20Z,2026-07-03,2,17,6,35.29
2026-06-28T15:32:20Z,2026-07-03,3,17,5,29.41
2026-06-28T15:32:29Z,2026-07-04,1,17,2,11.76
2026-06-28T15:32:29Z,2026-07-04,2,17,4,23.53
2026-06-28T15:32:29Z,2026-07-04,3,17,8,47.06
2026-06-28T15:35:49Z,2026-06-28,1,17,12,70.59
2026-06-28T15:35:49Z,2026-06-28,2,17,12,70.59
2026-06-28T15:35:49Z,2026-06-28,3,17,12,70.59
2026-06-28T15:36:55Z,2026-07-01,1,17,8,47.06
2026-06-28T15:36:55Z,2026-07-01,2,17,7,41.18
2026-06-28T15:36:55Z,2026-07-01,3,17,4,23.53
2026-06-28T15:37:04Z,2026-07-02,1,17,9,52.94
2026-06-28T15:37:04Z,2026-07-02,2,17,6,35.29
2026-06-28T15:37:04Z,2026-07-02,3,17,3,17.65
2026-06-28T15:37:13Z,2026-07-03,1,17,8,47.06
2026-06-28T15:37:13Z,2026-07-03,2,17,6,35.29
2026-06-28T15:37:13Z,2026-07-03,3,17,5,29.41
2026-06-28T15:37:22Z,2026-07-04,1,17,2,11.76
2026-06-28T15:37:22Z,2026-07-04,2,17,4,23.53
2026-06-28T15:37:22Z,2026-07-04,3,17,8,47.06
2026-06-28T15:50:52Z,2026-06-28,1,17,12,70.59
2026-06-28T15:50:52Z,2026-06-28,2,17,12,70.59
2026-06-28T15:50:52Z,2026-06-28,3,17,12,70.59
2026-06-28T15:51:58Z,2026-07-01,1,17,8,47.06
2026-06-28T15:51:58Z,2026-07-01,2,17,7,41.18
2026-06-28T15:51:58Z,2026-07-01,3,17,4,23.53
2026-06-28T15:52:07Z,2026-07-02,1,17,9,52.94
2026-06-28T15:52:07Z,2026-07-02,2,17,6,35.29
2026-06-28T15:52:07Z,2026-07-02,3,17,3,17.65
2026-06-28T15:52:16Z,2026-07-03,1,17,8,47.06
2026-06-28T15:52:16Z,2026-07-03,2,17,6,35.29
2026-06-28T15:52:16Z,2026-07-03,3,17,5,29.41
2026-06-28T15:52:25Z,2026-07-04,1,17,2,11.76
2026-06-28T15:52:25Z,2026-07-04,2,17,4,23.53
2026-06-28T15:52:25Z,2026-07-04,3,17,8,47.06
2026-06-28T16:11:02Z,2026-06-28,1,17,12,70.59
2026-06-28T16:11:02Z,2026-06-28,2,17,12,70.59
2026-06-28T16:11:02Z,2026-06-28,3,17,12,70.59
2026-06-28T16:12:09Z,2026-07-01,1,17,8,47.06
2026-06-28T16:12:09Z,2026-07-01,2,17,7,41.18
2026-06-28T16:12:09Z,2026-07-01,3,17,4,23.53
2026-06-28T16:12:18Z,2026-07-02,1,17,9,52.94
2026-06-28T16:12:18Z,2026-07-02,2,17,6,35.29
2026-06-28T16:12:18Z,2026-07-02,3,17,3,17.65
2026-06-28T16:12:27Z,2026-07-03,1,17,8,47.06
2026-06-28T16:12:27Z,2026-07-03,2,17,6,35.29
2026-06-28T16:12:27Z,2026-07-03,3,17,5,29.41
2026-06-28T16:12:36Z,2026-07-04,1,17,2,11.76
2026-06-28T16:12:36Z,2026-07-04,2,17,4,23.53
2026-06-28T16:12:36Z,2026-07-04,3,17,8,47.06
2026-06-28T16:25:51Z,2026-06-28,1,17,12,70.59
2026-06-28T16:25:51Z,2026-06-28,2,17,12,70.59
2026-06-28T16:25:51Z,2026-06-28,3,17,12,70.59
2026-06-28T16:26:57Z,2026-07-01,1,17,8,47.06
2026-06-28T16:26:57Z,2026-07-01,2,17,7,41.18
2026-06-28T16:26:57Z,2026-07-01,3,17,4,23.53
2026-06-28T16:27:06Z,2026-07-02,1,17,9,52.94
2026-06-28T16:27:06Z,2026-07-02,2,17,6,35.29
2026-06-28T16:27:06Z,2026-07-02,3,17,3,17.65
2026-06-28T16:27:15Z,2026-07-03,1,17,8,47.06
2026-06-28T16:27:15Z,2026-07-03,2,17,6,35.29
2026-06-28T16:27:15Z,2026-07-03,3,17,5,29.41
2026-06-28T16:27:24Z,2026-07-04,1,17,2,11.76
2026-06-28T16:27:24Z,2026-07-04,2,17,4,23.53
2026-06-28T16:27:24Z,2026-07-04,3,17,8,47.06
2026-06-28T16:35:48Z,2026-06-28,1,17,12,70.59
2026-06-28T16:35:48Z,2026-06-28,2,17,12,70.59
2026-06-28T16:35:48Z,2026-06-28,3,17,12,70.59
2026-06-28T16:36:54Z,2026-07-01,1,17,8,47.06
2026-06-28T16:36:54Z,2026-07-01,2,17,7,41.18
2026-06-28T16:36:54Z,2026-07-01,3,17,4,23.53
2026-06-28T16:37:03Z,2026-07-02,1,17,9,52.94
2026-06-28T16:37:03Z,2026-07-02,2,17,6,35.29
2026-06-28T16:37:03Z,2026-07-02,3,17,3,17.65
2026-06-28T16:37:12Z,2026-07-03,1,17,8,47.06
2026-06-28T16:37:12Z,2026-07-03,2,17,6,35.29
2026-06-28T16:37:12Z,2026-07-03,3,17,5,29.41
2026-06-28T16:37:21Z,2026-07-04,1,17,2,11.76
2026-06-28T16:37:21Z,2026-07-04,2,17,4,23.53
2026-06-28T16:37:21Z,2026-07-04,3,17,8,47.06
2026-06-28T16:40:54Z,2026-06-28,1,17,12,70.59
2026-06-28T16:40:54Z,2026-06-28,2,17,12,70.59
2026-06-28T16:40:54Z,2026-06-28,3,17,12,70.59
2026-06-28T16:42:01Z,2026-07-01,1,17,8,47.06
2026-06-28T16:42:01Z,2026-07-01,2,17,7,41.18
2026-06-28T16:42:01Z,2026-07-01,3,17,4,23.53
2026-06-28T16:42:10Z,2026-07-02,1,17,9,52.94
2026-06-28T16:42:10Z,2026-07-02,2,17,6,35.29
2026-06-28T16:42:10Z,2026-07-02,3,17,3,17.65
2026-06-28T16:42:19Z,2026-07-03,1,17,8,47.06
2026-06-28T16:42:19Z,2026-07-03,2,17,6,35.29
2026-06-28T16:42:19Z,2026-07-03,3,17,5,29.41
2026-06-28T16:42:28Z,2026-07-04,1,17,2,11.76
2026-06-28T16:42:28Z,2026-07-04,2,17,4,23.53
2026-06-28T16:42:28Z,2026-07-04,3,17,8,47.06
2026-06-28T16:51:00Z,2026-06-28,1,17,12,70.59
2026-06-28T16:51:00Z,2026-06-28,2,17,12,70.59
2026-06-28T16:51:00Z,2026-06-28,3,17,12,70.59
2026-06-28T16:52:06Z,2026-07-01,1,17,8,47.06
2026-06-28T16:52:06Z,2026-07-01,2,17,7,41.18
2026-06-28T16:52:06Z,2026-07-01,3,17,4,23.53
2026-06-28T16:52:15Z,2026-07-02,1,17,9,52.94
2026-06-28T16:52:15Z,2026-07-02,2,17,6,35.29
2026-06-28T16:52:15Z,2026-07-02,3,17,3,17.65
2026-06-28T16:52:24Z,2026-07-03,1,17,8,47.06
2026-06-28T16:52:24Z,2026-07-03,2,17,6,35.29
2026-06-28T16:52:24Z,2026-07-03,3,17,5,29.41
2026-06-28T16:52:33Z,2026-07-04,1,17,2,11.76
2026-06-28T16:52:33Z,2026-07-04,2,17,4,23.53
2026-06-28T16:52:33Z,2026-07-04,3,17,8,47.06
2026-06-28T17:11:00Z,2026-06-28,1,17,12,70.59
2026-06-28T17:11:00Z,2026-06-28,2,17,12,70.59
2026-06-28T17:11:00Z,2026-06-28,3,17,12,70.59
2026-06-28T17:12:07Z,2026-07-01,1,17,8,47.06
2026-06-28T17:12:07Z,2026-07-01,2,17,7,41.18
2026-06-28T17:12:07Z,2026-07-01,3,17,4,23.53
2026-06-28T17:12:16Z,2026-07-02,1,17,9,52.94
2026-06-28T17:12:16Z,2026-07-02,2,17,6,35.29
2026-06-28T17:12:16Z,2026-07-02,3,17,3,17.65
2026-06-28T17:12:25Z,2026-07-03,1,17,8,47.06
2026-06-28T17:12:25Z,2026-07-03,2,17,6,35.29
2026-06-28T17:12:25Z,2026-07-03,3,17,5,29.41
2026-06-28T17:12:34Z,2026-07-04,1,17,2,11.76
2026-06-28T17:12:34Z,2026-07-04,2,17,4,23.53
2026-06-28T17:12:34Z,2026-07-04,3,17,8,47.06
2026-06-28T17:15:46Z,2026-06-28,1,17,12,70.59
2026-06-28T17:15:46Z,2026-06-28,2,17,12,70.59
2026-06-28T17:15:46Z,2026-06-28,3,17,12,70.59
2026-06-28T17:16:52Z,2026-07-01,1,17,8,47.06
2026-06-28T17:16:52Z,2026-07-01,2,17,7,41.18
2026-06-28T17:16:52Z,2026-07-01,3,17,4,23.53
2026-06-28T17:17:01Z,2026-07-02,1,17,9,52.94
2026-06-28T17:17:01Z,2026-07-02,2,17,6,35.29
2026-06-28T17:17:01Z,2026-07-02,3,17,3,17.65
2026-06-28T17:17:10Z,2026-07-03,1,17,8,47.06
2026-06-28T17:17:10Z,2026-07-03,2,17,6,35.29
2026-06-28T17:17:10Z,2026-07-03,3,17,5,29.41
2026-06-28T17:17:19Z,2026-07-04,1,17,2,11.76
2026-06-28T17:17:19Z,2026-07-04,2,17,4,23.53
2026-06-28T17:17:19Z,2026-07-04,3,17,8,47.06
2026-06-28T17:25:47Z,2026-06-28,1,17,12,70.59
2026-06-28T17:25:47Z,2026-06-28,2,17,12,70.59
2026-06-28T17:25:47Z,2026-06-28,3,17,12,70.59
2026-06-28T17:26:53Z,2026-07-01,1,17,8,47.06
2026-06-28T17:26:53Z,2026-07-01,2,17,7,41.18
2026-06-28T17:26:53Z,2026-07-01,3,17,4,23.53
2026-06-28T17:27:02Z,2026-07-02,1,17,9,52.94
2026-06-28T17:27:02Z,2026-07-02,2,17,6,35.29
2026-06-28T17:27:02Z,2026-07-02,3,17,3,17.65
2026-06-28T17:27:11Z,2026-07-03,1,17,8,47.06
2026-06-28T17:27:11Z,2026-07-03,2,17,6,35.29
2026-06-28T17:27:11Z,2026-07-03,3,17,5,29.41
2026-06-28T17:27:20Z,2026-07-04,1,17,2,11.76
2026-06-28T17:27:20Z,2026-07-04,2,17,4,23.53
2026-06-28T17:27:20Z,2026-07-04,3,17,8,47.06
2026-06-28T17:40:55Z,2026-06-28,1,17,12,70.59
2026-06-28T17:40:55Z,2026-06-28,2,17,12,70.59
2026-06-28T17:40:55Z,2026-06-28,3,17,12,70.59
2026-06-28T17:42:01Z,2026-07-01,1,17,8,47.06
2026-06-28T17:42:01Z,2026-07-01,2,17,7,41.18
2026-06-28T17:42:01Z,2026-07-01,3,17,4,23.53
2026-06-28T17:42:10Z,2026-07-02,1,17,9,52.94
2026-06-28T17:42:10Z,2026-07-02,2,17,6,35.29
2026-06-28T17:42:10Z,2026-07-02,3,17,3,17.65
2026-06-28T17:42:19Z,2026-07-03,1,17,8,47.06
2026-06-28T17:42:19Z,2026-07-03,2,17,6,35.29
2026-06-28T17:42:19Z,2026-07-03,3,17,5,29.41
2026-06-28T17:42:28Z,2026-07-04,1,17,2,11.76
2026-06-28T17:42:28Z,2026-07-04,2,17,4,23.53
2026-06-28T17:42:28Z,2026-07-04,3,17,8,47.06
2026-06-28T17:45:47Z,2026-06-28,1,17,12,70.59
2026-06-28T17:45:47Z,2026-06-28,2,17,12,70.59
2026-06-28T17:45:47Z,2026-06-28,3,17,12,70.59
2026-06-28T17:46:54Z,2026-07-01,1,17,8,47.06
2026-06-28T17:46:54Z,2026-07-01,2,17,7,41.18
2026-06-28T17:46:54Z,2026-07-01,3,17,4,23.53
2026-06-28T17:47:03Z,2026-07-02,1,17,9,52.94
2026-06-28T17:47:03Z,2026-07-02,2,17,6,35.29
2026-06-28T17:47:03Z,2026-07-02,3,17,3,17.65
2026-06-28T17:47:12Z,2026-07-03,1,17,8,47.06
2026-06-28T17:47:12Z,2026-07-03,2,17,6,35.29
2026-06-28T17:47:12Z,2026-07-03,3,17,5,29.41
2026-06-28T17:47:21Z,2026-07-04,1,17,2,11.76
2026-06-28T17:47:21Z,2026-07-04,2,17,4,23.53
2026-06-28T17:47:21Z,2026-07-04,3,17,8,47.06
2026-06-28T18:01:00Z,2026-06-28,1,17,12,70.59
2026-06-28T18:01:00Z,2026-06-28,2,17,12,70.59
2026-06-28T18:01:00Z,2026-06-28,3,17,12,70.59
2026-06-28T18:02:06Z,2026-07-01,1,17,8,47.06
2026-06-28T18:02:06Z,2026-07-01,2,17,7,41.18
2026-06-28T18:02:06Z,2026-07-01,3,17,4,23.53
2026-06-28T18:02:15Z,2026-07-02,1,17,9,52.94
2026-06-28T18:02:15Z,2026-07-02,2,17,6,35.29
2026-06-28T18:02:15Z,2026-07-02,3,17,3,17.65
2026-06-28T18:02:24Z,2026-07-03,1,17,8,47.06
2026-06-28T18:02:24Z,2026-07-03,2,17,6,35.29
2026-06-28T18:02:24Z,2026-07-03,3,17,5,29.41
2026-06-28T18:02:33Z,2026-07-04,1,17,2,11.76
2026-06-28T18:02:33Z,2026-07-04,2,17,4,23.53
2026-06-28T18:02:33Z,2026-07-04,3,17,8,47.06
2026-06-28T18:15:50Z,2026-06-28,1,17,12,70.59
2026-06-28T18:15:50Z,2026-06-28,2,17,12,70.59
2026-06-28T18:15:50Z,2026-06-28,3,17,12,70.59
2026-06-28T18:16:57Z,2026-07-01,1,17,8,47.06
2026-06-28T18:16:57Z,2026-07-01,2,17,7,41.18
2026-06-28T18:16:57Z,2026-07-01,3,17,4,23.53
2026-06-28T18:17:06Z,2026-07-02,1,17,9,52.94
2026-06-28T18:17:06Z,2026-07-02,2,17,6,35.29
2026-06-28T18:17:06Z,2026-07-02,3,17,3,17.65
2026-06-28T18:17:15Z,2026-07-03,1,17,8,47.06
2026-06-28T18:17:15Z,2026-07-03,2,17,6,35.29
2026-06-28T18:17:15Z,2026-07-03,3,17,5,29.41
2026-06-28T18:17:23Z,2026-07-04,1,17,2,11.76
2026-06-28T18:17:23Z,2026-07-04,2,17,4,23.53
2026-06-28T18:17:23Z,2026-07-04,3,17,8,47.06
2026-06-28T18:25:51Z,2026-06-28,1,17,12,70.59
2026-06-28T18:25:51Z,2026-06-28,2,17,12,70.59
2026-06-28T18:25:51Z,2026-06-28,3,17,12,70.59
2026-06-28T18:26:57Z,2026-07-01,1,17,8,47.06
2026-06-28T18:26:57Z,2026-07-01,2,17,7,41.18
2026-06-28T18:26:57Z,2026-07-01,3,17,4,23.53
2026-06-28T18:27:06Z,2026-07-02,1,17,9,52.94
2026-06-28T18:27:06Z,2026-07-02,2,17,6,35.29
2026-06-28T18:27:06Z,2026-07-02,3,17,3,17.65
2026-06-28T18:27:15Z,2026-07-03,1,17,8,47.06
2026-06-28T18:27:15Z,2026-07-03,2,17,6,35.29
2026-06-28T18:27:15Z,2026-07-03,3,17,5,29.41
2026-06-28T18:27:24Z,2026-07-04,1,17,2,11.76
2026-06-28T18:27:24Z,2026-07-04,2,17,4,23.53
2026-06-28T18:27:24Z,2026-07-04,3,17,8,47.06
2026-06-28T18:40:56Z,2026-06-28,1,17,12,70.59
2026-06-28T18:40:56Z,2026-06-28,2,17,12,70.59
2026-06-28T18:40:56Z,2026-06-28,3,17,12,70.59
2026-06-28T18:42:02Z,2026-07-01,1,17,8,47.06
2026-06-28T18:42:02Z,2026-07-01,2,17,7,41.18
2026-06-28T18:42:02Z,2026-07-01,3,17,4,23.53
2026-06-28T18:42:11Z,2026-07-02,1,17,9,52.94
2026-06-28T18:42:11Z,2026-07-02,2,17,6,35.29
2026-06-28T18:42:11Z,2026-07-02,3,17,3,17.65
2026-06-28T18:42:20Z,2026-07-03,1,17,8,47.06
2026-06-28T18:42:20Z,2026-07-03,2,17,6,35.29
2026-06-28T18:42:20Z,2026-07-03,3,17,5,29.41
2026-06-28T18:42:29Z,2026-07-04,1,17,2,11.76
2026-06-28T18:42:29Z,2026-07-04,2,17,4,23.53
2026-06-28T18:42:29Z,2026-07-04,3,17,8,47.06
2026-06-28T19:05:49Z,2026-06-28,1,17,12,70.59
2026-06-28T19:05:49Z,2026-06-28,2,17,12,70.59
2026-06-28T19:05:49Z,2026-06-28,3,17,12,70.59
2026-06-28T19:06:56Z,2026-07-01,1,17,8,47.06
2026-06-28T19:06:56Z,2026-07-01,2,17,7,41.18
2026-06-28T19:06:56Z,2026-07-01,3,17,4,23.53
2026-06-28T19:07:05Z,2026-07-02,1,17,9,52.94
2026-06-28T19:07:05Z,2026-07-02,2,17,6,35.29
2026-06-28T19:07:05Z,2026-07-02,3,17,3,17.65
2026-06-28T19:07:14Z,2026-07-03,1,17,8,47.06
2026-06-28T19:07:14Z,2026-07-03,2,17,6,35.29
2026-06-28T19:07:14Z,2026-07-03,3,17,5,29.41
2026-06-28T19:07:22Z,2026-07-04,1,17,2,11.76
2026-06-28T19:07:22Z,2026-07-04,2,17,4,23.53
2026-06-28T19:07:22Z,2026-07-04,3,17,8,47.06
2026-06-28T19:30:56Z,2026-06-28,1,17,12,70.59
2026-06-28T19:30:56Z,2026-06-28,2,17,12,70.59
2026-06-28T19:30:56Z,2026-06-28,3,17,12,70.59
2026-06-28T19:32:03Z,2026-07-01,1,17,8,47.06
2026-06-28T19:32:03Z,2026-07-01,2,17,7,41.18
2026-06-28T19:32:03Z,2026-07-01,3,17,4,23.53
2026-06-28T19:32:12Z,2026-07-02,1,17,9,52.94
2026-06-28T19:32:12Z,2026-07-02,2,17,6,35.29
2026-06-28T19:32:12Z,2026-07-02,3,17,3,17.65
2026-06-28T19:32:21Z,2026-07-03,1,17,8,47.06
2026-06-28T19:32:21Z,2026-07-03,2,17,6,35.29
2026-06-28T19:32:21Z,2026-07-03,3,17,5,29.41
2026-06-28T19:32:30Z,2026-07-04,1,17,2,11.76
2026-06-28T19:32:30Z,2026-07-04,2,17,4,23.53
2026-06-28T19:32:30Z,2026-07-04,3,17,8,47.06
2026-06-28T19:39:06Z,2026-06-28,1,17,12,70.59
2026-06-28T19:39:06Z,2026-06-28,2,17,12,70.59
2026-06-28T19:39:06Z,2026-06-28,3,17,12,70.59
2026-06-28T19:40:13Z,2026-07-01,1,17,8,47.06
2026-06-28T19:40:13Z,2026-07-01,2,17,7,41.18
2026-06-28T19:40:13Z,2026-07-01,3,17,4,23.53
2026-06-28T19:40:22Z,2026-07-02,1,17,9,52.94
2026-06-28T19:40:22Z,2026-07-02,2,17,6,35.29
2026-06-28T19:40:22Z,2026-07-02,3,17,3,17.65
2026-06-28T19:40:31Z,2026-07-03,1,17,8,47.06
2026-06-28T19:40:31Z,2026-07-03,2,17,6,35.29
2026-06-28T19:40:31Z,2026-07-03,3,17,5,29.41
2026-06-28T19:40:40Z,2026-07-04,1,17,2,11.76
2026-06-28T19:40:40Z,2026-07-04,2,17,4,23.53
2026-06-28T19:40:40Z,2026-07-04,3,17,8,47.06
2026-06-28T19:51:01Z,2026-06-28,1,17,12,70.59
2026-06-28T19:51:01Z,2026-06-28,2,17,12,70.59
2026-06-28T19:51:01Z,2026-06-28,3,17,12,70.59
2026-06-28T19:52:07Z,2026-07-01,1,17,8,47.06
2026-06-28T19:52:07Z,2026-07-01,2,17,7,41.18
2026-06-28T19:52:07Z,2026-07-01,3,17,4,23.53
2026-06-28T19:52:16Z,2026-07-02,1,17,9,52.94
2026-06-28T19:52:16Z,2026-07-02,2,17,6,35.29
2026-06-28T19:52:16Z,2026-07-02,3,17,3,17.65
2026-06-28T19:52:25Z,2026-07-03,1,17,8,47.06
2026-06-28T19:52:25Z,2026-07-03,2,17,6,35.29
2026-06-28T19:52:25Z,2026-07-03,3,17,5,29.41
2026-06-28T19:52:34Z,2026-07-04,1,17,2,11.76
2026-06-28T19:52:34Z,2026-07-04,2,17,4,23.53
2026-06-28T19:52:34Z,2026-07-04,3,17,8,47.06
2026-06-28T19:55:52Z,2026-06-28,1,17,12,70.59
2026-06-28T19:55:52Z,2026-06-28,2,17,12,70.59
2026-06-28T19:55:52Z,2026-06-28,3,17,12,70.59
2026-06-28T19:56:59Z,2026-07-01,1,17,8,47.06
2026-06-28T19:56:59Z,2026-07-01,2,17,7,41.18
2026-06-28T19:56:59Z,2026-07-01,3,17,4,23.53
2026-06-28T19:57:08Z,2026-07-02,1,17,9,52.94
2026-06-28T19:57:08Z,2026-07-02,2,17,6,35.29
2026-06-28T19:57:08Z,2026-07-02,3,17,3,17.65
2026-06-28T19:57:17Z,2026-07-03,1,17,8,47.06
2026-06-28T19:57:17Z,2026-07-03,2,17,6,35.29
2026-06-28T19:57:17Z,2026-07-03,3,17,5,29.41
2026-06-28T19:57:26Z,2026-07-04,1,17,2,11.76
2026-06-28T19:57:26Z,2026-07-04,2,17,4,23.53
2026-06-28T19:57:26Z,2026-07-04,3,17,8,47.06
2026-06-28T20:15:51Z,2026-06-28,1,17,12,70.59
2026-06-28T20:15:51Z,2026-06-28,2,17,12,70.59
2026-06-28T20:15:51Z,2026-06-28,3,17,12,70.59
2026-06-28T20:16:58Z,2026-07-01,1,17,8,47.06
2026-06-28T20:16:58Z,2026-07-01,2,17,7,41.18
2026-06-28T20:16:58Z,2026-07-01,3,17,4,23.53
2026-06-28T20:17:06Z,2026-07-02,1,17,9,52.94
2026-06-28T20:17:06Z,2026-07-02,2,17,6,35.29
2026-06-28T20:17:06Z,2026-07-02,3,17,3,17.65
2026-06-28T20:17:15Z,2026-07-03,1,17,8,47.06
2026-06-28T20:17:15Z,2026-07-03,2,17,6,35.29
2026-06-28T20:17:15Z,2026-07-03,3,17,5,29.41
2026-06-28T20:17:24Z,2026-07-04,1,17,2,11.76
2026-06-28T20:17:24Z,2026-07-04,2,17,4,23.53
2026-06-28T20:17:24Z,2026-07-04,3,17,8,47.06
2026-06-28T20:25:51Z,2026-06-28,1,17,12,70.59
2026-06-28T20:25:51Z,2026-06-28,2,17,12,70.59
2026-06-28T20:25:51Z,2026-06-28,3,17,12,70.59
2026-06-28T20:26:58Z,2026-07-01,1,17,8,47.06
2026-06-28T20:26:58Z,2026-07-01,2,17,7,41.18
2026-06-28T20:26:58Z,2026-07-01,3,17,4,23.53
2026-06-28T20:27:07Z,2026-07-02,1,17,9,52.94
2026-06-28T20:27:07Z,2026-07-02,2,17,6,35.29
2026-06-28T20:27:07Z,2026-07-02,3,17,3,17.65
2026-06-28T20:27:16Z,2026-07-03,1,17,8,47.06
2026-06-28T20:27:16Z,2026-07-03,2,17,6,35.29
2026-06-28T20:27:16Z,2026-07-03,3,17,5,29.41
2026-06-28T20:27:25Z,2026-07-04,1,17,2,11.76
2026-06-28T20:27:25Z,2026-07-04,2,17,4,23.53
2026-06-28T20:27:25Z,2026-07-04,3,17,8,47.06
2026-06-28T20:30:56Z,2026-06-28,1,17,12,70.59
2026-06-28T20:30:56Z,2026-06-28,2,17,12,70.59
2026-06-28T20:30:56Z,2026-06-28,3,17,12,70.59
2026-06-28T20:32:02Z,2026-07-01,1,17,8,47.06
2026-06-28T20:32:02Z,2026-07-01,2,17,7,41.18
2026-06-28T20:32:02Z,2026-07-01,3,17,4,23.53
2026-06-28T20:32:11Z,2026-07-02,1,17,9,52.94
2026-06-28T20:32:11Z,2026-07-02,2,17,6,35.29
2026-06-28T20:32:11Z,2026-07-02,3,17,3,17.65
2026-06-28T20:32:20Z,2026-07-03,1,17,8,47.06
2026-06-28T20:32:20Z,2026-07-03,2,17,6,35.29
2026-06-28T20:32:20Z,2026-07-03,3,17,5,29.41
2026-06-28T20:32:29Z,2026-07-04,1,17,2,11.76
2026-06-28T20:32:29Z,2026-07-04,2,17,4,23.53
2026-06-28T20:32:29Z,2026-07-04,3,17,8,47.06
2026-06-28T20:35:50Z,2026-06-28,1,17,12,70.59
2026-06-28T20:35:50Z,2026-06-28,2,17,12,70.59
2026-06-28T20:35:50Z,2026-06-28,3,17,12,70.59
2026-06-28T20:36:56Z,2026-07-01,1,17,8,47.06
2026-06-28T20:36:56Z,2026-07-01,2,17,7,41.18
2026-06-28T20:36:56Z,2026-07-01,3,17,4,23.53
2026-06-28T20:37:05Z,2026-07-02,1,17,9,52.94
2026-06-28T20:37:05Z,2026-07-02,2,17,6,35.29
2026-06-28T20:37:05Z,2026-07-02,3,17,3,17.65
2026-06-28T20:37:14Z,2026-07-03,1,17,8,47.06
2026-06-28T20:37:14Z,2026-07-03,2,17,6,35.29
2026-06-28T20:37:14Z,2026-07-03,3,17,5,29.41
2026-06-28T20:37:23Z,2026-07-04,1,17,2,11.76
2026-06-28T20:37:23Z,2026-07-04,2,17,4,23.53
2026-06-28T20:37:23Z,2026-07-04,3,17,8,47.06
2026-06-28T20:44:58Z,2026-06-28,1,17,12,70.59
2026-06-28T20:44:58Z,2026-06-28,2,17,12,70.59
2026-06-28T20:44:58Z,2026-06-28,3,17,12,70.59
2026-06-28T20:46:05Z,2026-07-01,1,17,8,47.06
2026-06-28T20:46:05Z,2026-07-01,2,17,7,41.18
2026-06-28T20:46:05Z,2026-07-01,3,17,4,23.53
2026-06-28T20:46:14Z,2026-07-02,1,17,9,52.94
2026-06-28T20:46:14Z,2026-07-02,2,17,6,35.29
2026-06-28T20:46:14Z,2026-07-02,3,17,3,17.65
2026-06-28T20:46:23Z,2026-07-03,1,17,8,47.06
2026-06-28T20:46:23Z,2026-07-03,2,17,6,35.29
2026-06-28T20:46:23Z,2026-07-03,3,17,5,29.41
2026-06-28T20:46:32Z,2026-07-04,1,17,2,11.76
2026-06-28T20:46:32Z,2026-07-04,2,17,4,23.53
2026-06-28T20:46:32Z,2026-07-04,3,17,8,47.06
2026-06-28T20:55:52Z,2026-06-28,1,17,12,70.59
2026-06-28T20:55:52Z,2026-06-28,2,17,12,70.59
2026-06-28T20:55:52Z,2026-06-28,3,17,12,70.59
2026-06-28T20:56:59Z,2026-07-01,1,17,8,47.06
2026-06-28T20:56:59Z,2026-07-01,2,17,7,41.18
2026-06-28T20:56:59Z,2026-07-01,3,17,4,23.53
2026-06-28T20:57:08Z,2026-07-02,1,17,9,52.94
2026-06-28T20:57:08Z,2026-07-02,2,17,6,35.29
2026-06-28T20:57:08Z,2026-07-02,3,17,3,17.65
2026-06-28T20:57:16Z,2026-07-03,1,17,8,47.06
2026-06-28T20:57:16Z,2026-07-03,2,17,6,35.29
2026-06-28T20:57:16Z,2026-07-03,3,17,5,29.41
2026-06-28T20:57:25Z,2026-07-04,1,17,2,11.76
2026-06-28T20:57:25Z,2026-07-04,2,17,4,23.53
2026-06-28T20:57:25Z,2026-07-04,3,17,8,47.06
2026-06-28T21:16:00Z,2026-06-28,1,17,12,70.59
2026-06-28T21:16:00Z,2026-06-28,2,17,12,70.59
2026-06-28T21:16:00Z,2026-06-28,3,17,12,70.59
2026-06-28T21:17:06Z,2026-07-01,1,17,8,47.06
2026-06-28T21:17:06Z,2026-07-01,2,17,7,41.18
2026-06-28T21:17:06Z,2026-07-01,3,17,4,23.53
2026-06-28T21:17:15Z,2026-07-02,1,17,9,52.94
2026-06-28T21:17:15Z,2026-07-02,2,17,6,35.29
2026-06-28T21:17:15Z,2026-07-02,3,17,3,17.65
2026-06-28T21:17:24Z,2026-07-03,1,17,8,47.06
2026-06-28T21:17:24Z,2026-07-03,2,17,6,35.29
2026-06-28T21:17:24Z,2026-07-03,3,17,5,29.41
2026-06-28T21:17:33Z,2026-07-04,1,17,2,11.76
2026-06-28T21:17:33Z,2026-07-04,2,17,4,23.53
2026-06-28T21:17:33Z,2026-07-04,3,17,8,47.06
2026-06-28T21:35:57Z,2026-06-28,1,17,12,70.59
2026-06-28T21:35:57Z,2026-06-28,2,17,12,70.59
2026-06-28T21:35:57Z,2026-06-28,3,17,12,70.59
2026-06-28T21:37:03Z,2026-07-01,1,17,8,47.06
2026-06-28T21:37:03Z,2026-07-01,2,17,7,41.18
2026-06-28T21:37:03Z,2026-07-01,3,17,4,23.53
2026-06-28T21:37:12Z,2026-07-02,1,17,9,52.94
2026-06-28T21:37:12Z,2026-07-02,2,17,6,35.29
2026-06-28T21:37:12Z,2026-07-02,3,17,3,17.65
2026-06-28T21:37:21Z,2026-07-03,1,17,8,47.06
2026-06-28T21:37:21Z,2026-07-03,2,17,6,35.29
2026-06-28T21:37:21Z,2026-07-03,3,17,5,29.41
2026-06-28T21:37:30Z,2026-07-04,1,17,2,11.76
2026-06-28T21:37:30Z,2026-07-04,2,17,4,23.53
2026-06-28T21:37:30Z,2026-07-04,3,17,8,47.06
2026-06-28T21:40:50Z,2026-06-28,1,17,12,70.59
2026-06-28T21:40:50Z,2026-06-28,2,17,12,70.59
2026-06-28T21:40:50Z,2026-06-28,3,17,12,70.59
2026-06-28T21:41:56Z,2026-07-01,1,17,8,47.06
2026-06-28T21:41:56Z,2026-07-01,2,17,7,41.18
2026-06-28T21:41:56Z,2026-07-01,3,17,4,23.53
2026-06-28T21:42:05Z,2026-07-02,1,17,9,52.94
2026-06-28T21:42:05Z,2026-07-02,2,17,6,35.29
2026-06-28T21:42:05Z,2026-07-02,3,17,3,17.65
2026-06-28T21:42:14Z,2026-07-03,1,17,8,47.06
2026-06-28T21:42:14Z,2026-07-03,2,17,6,35.29
2026-06-28T21:42:14Z,2026-07-03,3,17,5,29.41
2026-06-28T21:42:23Z,2026-07-04,1,17,2,11.76
2026-06-28T21:42:23Z,2026-07-04,2,17,4,23.53
2026-06-28T21:42:23Z,2026-07-04,3,17,8,47.06
2026-06-28T22:05:59Z,2026-06-28,1,17,12,70.59
2026-06-28T22:05:59Z,2026-06-28,2,17,12,70.59
2026-06-28T22:05:59Z,2026-06-28,3,17,12,70.59
2026-06-28T22:07:06Z,2026-07-01,1,17,8,47.06
2026-06-28T22:07:06Z,2026-07-01,2,17,7,41.18
2026-06-28T22:07:06Z,2026-07-01,3,17,4,23.53
2026-06-28T22:07:14Z,2026-07-02,1,17,9,52.94
2026-06-28T22:07:14Z,2026-07-02,2,17,6,35.29
2026-06-28T22:07:14Z,2026-07-02,3,17,3,17.65
2026-06-28T22:07:23Z,2026-07-03,1,17,8,47.06
2026-06-28T22:07:23Z,2026-07-03,2,17,6,35.29
2026-06-28T22:07:23Z,2026-07-03,3,17,5,29.41
2026-06-28T22:07:32Z,2026-07-04,1,17,2,11.76
2026-06-28T22:07:32Z,2026-07-04,2,17,4,23.53
2026-06-28T22:07:32Z,2026-07-04,3,17,8,47.06
2026-06-28T22:31:09Z,2026-06-28,1,17,12,70.59
2026-06-28T22:31:09Z,2026-06-28,2,17,12,70.59
2026-06-28T22:31:09Z,2026-06-28,3,17,12,70.59
2026-06-28T22:32:15Z,2026-07-01,1,17,8,47.06
2026-06-28T22:32:15Z,2026-07-01,2,17,7,41.18
2026-06-28T22:32:15Z,2026-07-01,3,17,4,23.53
2026-06-28T22:32:24Z,2026-07-02,1,17,9,52.94
2026-06-28T22:32:24Z,2026-07-02,2,17,6,35.29
2026-06-28T22:32:24Z,2026-07-02,3,17,3,17.65
2026-06-28T22:32:33Z,2026-07-03,1,17,8,47.06
2026-06-28T22:32:33Z,2026-07-03,2,17,6,35.29
2026-06-28T22:32:33Z,2026-07-03,3,17,5,29.41
2026-06-28T22:32:42Z,2026-07-04,1,17,2,11.76
2026-06-28T22:32:42Z,2026-07-04,2,17,4,23.53
2026-06-28T22:32:42Z,2026-07-04,3,17,8,47.06
2026-06-28T22:50:53Z,2026-06-28,1,17,12,70.59
2026-06-28T22:50:53Z,2026-06-28,2,17,12,70.59
2026-06-28T22:50:53Z,2026-06-28,3,17,12,70.59
2026-06-28T22:51:59Z,2026-07-01,1,17,8,47.06
2026-06-28T22:51:59Z,2026-07-01,2,17,7,41.18
2026-06-28T22:51:59Z,2026-07-01,3,17,4,23.53
2026-06-28T22:52:08Z,2026-07-02,1,17,9,52.94
2026-06-28T22:52:08Z,2026-07-02,2,17,6,35.29
2026-06-28T22:52:08Z,2026-07-02,3,17,3,17.65
2026-06-28T22:52:17Z,2026-07-03,1,17,8,47.06
2026-06-28T22:52:17Z,2026-07-03,2,17,6,35.29
2026-06-28T22:52:17Z,2026-07-03,3,17,5,29.41
2026-06-28T22:52:26Z,2026-07-04,1,17,2,11.76
2026-06-28T22:52:26Z,2026-07-04,2,17,4,23.53
2026-06-28T22:52:26Z,2026-07-04,3,17,8,47.06
2026-06-28T23:05:54Z,2026-06-28,1,17,12,70.59
2026-06-28T23:05:54Z,2026-06-28,2,17,12,70.59
2026-06-28T23:05:54Z,2026-06-28,3,17,12,70.59
2026-06-28T23:07:01Z,2026-07-01,1,17,8,47.06
2026-06-28T23:07:01Z,2026-07-01,2,17,7,41.18
2026-06-28T23:07:01Z,2026-07-01,3,17,4,23.53
2026-06-28T23:07:10Z,2026-07-02,1,17,9,52.94
2026-06-28T23:07:10Z,2026-07-02,2,17,6,35.29
2026-06-28T23:07:10Z,2026-07-02,3,17,3,17.65
2026-06-28T23:07:19Z,2026-07-03,1,17,8,47.06
2026-06-28T23:07:19Z,2026-07-03,2,17,6,35.29
2026-06-28T23:07:19Z,2026-07-03,3,17,5,29.41
2026-06-28T23:07:28Z,2026-07-04,1,17,2,11.76
2026-06-28T23:07:28Z,2026-07-04,2,17,4,23.53
2026-06-28T23:07:28Z,2026-07-04,3,17,8,47.06
2026-06-28T23:15:47Z,2026-06-28,1,17,12,70.59
2026-06-28T23:15:47Z,2026-06-28,2,17,12,70.59
2026-06-28T23:15:47Z,2026-06-28,3,17,12,70.59
2026-06-28T23:16:54Z,2026-07-01,1,17,8,47.06
2026-06-28T23:16:54Z,2026-07-01,2,17,7,41.18
2026-06-28T23:16:54Z,2026-07-01,3,17,4,23.53
2026-06-28T23:17:03Z,2026-07-02,1,17,9,52.94
2026-06-28T23:17:03Z,2026-07-02,2,17,6,35.29
2026-06-28T23:17:03Z,2026-07-02,3,17,3,17.65
2026-06-28T23:17:12Z,2026-07-03,1,17,8,47.06
2026-06-28T23:17:12Z,2026-07-03,2,17,6,35.29
2026-06-28T23:17:12Z,2026-07-03,3,17,5,29.41
2026-06-28T23:17:20Z,2026-07-04,1,17,2,11.76
2026-06-28T23:17:20Z,2026-07-04,2,17,4,23.53
2026-06-28T23:17:20Z,2026-07-04,3,17,8,47.06
2026-06-28T23:21:03Z,2026-06-28,1,17,12,70.59
2026-06-28T23:21:03Z,2026-06-28,2,17,12,70.59
2026-06-28T23:21:03Z,2026-06-28,3,17,12,70.59
2026-06-28T23:22:09Z,2026-07-01,1,17,8,47.06
2026-06-28T23:22:09Z,2026-07-01,2,17,7,41.18
2026-06-28T23:22:09Z,2026-07-01,3,17,4,23.53
2026-06-28T23:22:18Z,2026-07-02,1,17,9,52.94
2026-06-28T23:22:18Z,2026-07-02,2,17,6,35.29
2026-06-28T23:22:18Z,2026-07-02,3,17,3,17.65
2026-06-28T23:22:27Z,2026-07-03,1,17,8,47.06
2026-06-28T23:22:27Z,2026-07-03,2,17,6,35.29
2026-06-28T23:22:27Z,2026-07-03,3,17,5,29.41
2026-06-28T23:22:36Z,2026-07-04,1,17,2,11.76
2026-06-28T23:22:36Z,2026-07-04,2,17,4,23.53
2026-06-28T23:22:36Z,2026-07-04,3,17,8,47.06
2026-06-28T23:25:52Z,2026-06-28,1,17,12,70.59
2026-06-28T23:25:52Z,2026-06-28,2,17,12,70.59
2026-06-28T23:25:52Z,2026-06-28,3,17,12,70.59
2026-06-28T23:26:58Z,2026-07-01,1,17,8,47.06
2026-06-28T23:26:58Z,2026-07-01,2,17,7,41.18
2026-06-28T23:26:58Z,2026-07-01,3,17,4,23.53
2026-06-28T23:27:07Z,2026-07-02,1,17,9,52.94
2026-06-28T23:27:07Z,2026-07-02,2,17,6,35.29
2026-06-28T23:27:07Z,2026-07-02,3,17,3,17.65
2026-06-28T23:27:16Z,2026-07-03,1,17,8,47.06
2026-06-28T23:27:16Z,2026-07-03,2,17,6,35.29
2026-06-28T23:27:16Z,2026-07-03,3,17,5,29.41
2026-06-28T23:27:25Z,2026-07-04,1,17,2,11.76
2026-06-28T23:27:25Z,2026-07-04,2,17,4,23.53
2026-06-28T23:27:25Z,2026-07-04,3,17,8,47.06
2026-06-28T23:45:56Z,2026-06-28,1,17,12,70.59
2026-06-28T23:45:56Z,2026-06-28,2,17,12,70.59
2026-06-28T23:45:56Z,2026-06-28,3,17,12,70.59
2026-06-28T23:47:03Z,2026-07-01,1,17,8,47.06
2026-06-28T23:47:03Z,2026-07-01,2,17,7,41.18
2026-06-28T23:47:03Z,2026-07-01,3,17,4,23.53
2026-06-28T23:47:12Z,2026-07-02,1,17,9,52.94
2026-06-28T23:47:12Z,2026-07-02,2,17,6,35.29
2026-06-28T23:47:12Z,2026-07-02,3,17,3,17.65
2026-06-28T23:47:21Z,2026-07-03,1,17,8,47.06
2026-06-28T23:47:21Z,2026-07-03,2,17,6,35.29
2026-06-28T23:47:21Z,2026-07-03,3,17,5,29.41
2026-06-28T23:47:30Z,2026-07-04,1,17,2,11.76
2026-06-28T23:47:30Z,2026-07-04,2,17,4,23.53
2026-06-28T23:47:30Z,2026-07-04,3,17,8,47.06
2026-06-28T23:52:48Z,2026-06-28,1,17,12,70.59
2026-06-28T23:52:48Z,2026-06-28,2,17,12,70.59
2026-06-28T23:52:48Z,2026-06-28,3,17,12,70.59
2026-06-28T23:53:54Z,2026-07-01,1,17,8,47.06
2026-06-28T23:53:54Z,2026-07-01,2,17,7,41.18
2026-06-28T23:53:54Z,2026-07-01,3,17,4,23.53
2026-06-28T23:54:03Z,2026-07-02,1,17,9,52.94
2026-06-28T23:54:03Z,2026-07-02,2,17,6,35.29
2026-06-28T23:54:03Z,2026-07-02,3,17,3,17.65
2026-06-28T23:54:12Z,2026-07-03,1,17,8,47.06
2026-06-28T23:54:12Z,2026-07-03,2,17,6,35.29
2026-06-28T23:54:12Z,2026-07-03,3,17,5,29.41
2026-06-28T23:54:21Z,2026-07-04,1,17,2,11.76
2026-06-28T23:54:21Z,2026-07-04,2,17,4,23.53
2026-06-28T23:54:21Z,2026-07-04,3,17,8,47.06
2026-06-29T00:05:52Z,2026-06-29,1,17,6,35.29
2026-06-29T00:05:52Z,2026-06-29,2,17,6,35.29
2026-06-29T00:05:52Z,2026-06-29,3,17,7,41.18
2026-06-29T00:06:28Z,2026-07-01,1,17,8,47.06
2026-06-29T00:06:28Z,2026-07-01,2,17,7,41.18
2026-06-29T00:06:28Z,2026-07-01,3,17,4,23.53
2026-06-29T00:06:37Z,2026-07-02,1,17,9,52.94
2026-06-29T00:06:37Z,2026-07-02,2,17,6,35.29
2026-06-29T00:06:37Z,2026-07-02,3,17,3,17.65
2026-06-29T00:06:46Z,2026-07-03,1,17,8,47.06
2026-06-29T00:06:46Z,2026-07-03,2,17,6,35.29
2026-06-29T00:06:46Z,2026-07-03,3,17,5,29.41
2026-06-29T00:06:55Z,2026-07-04,1,17,2,11.76
2026-06-29T00:06:55Z,2026-07-04,2,17,4,23.53
2026-06-29T00:06:55Z,2026-07-04,3,17,8,47.06
2026-06-29T00:10:51Z,2026-06-29,1,17,6,35.29
2026-06-29T00:10:51Z,2026-06-29,2,17,6,35.29
2026-06-29T00:10:51Z,2026-06-29,3,17,7,41.18
2026-06-29T00:11:27Z,2026-07-01,1,17,8,47.06
2026-06-29T00:11:27Z,2026-07-01,2,17,7,41.18
2026-06-29T00:11:27Z,2026-07-01,3,17,4,23.53
2026-06-29T00:11:36Z,2026-07-02,1,17,9,52.94
2026-06-29T00:11:36Z,2026-07-02,2,17,6,35.29
2026-06-29T00:11:36Z,2026-07-02,3,17,3,17.65
2026-06-29T00:11:45Z,2026-07-03,1,17,8,47.06
2026-06-29T00:11:45Z,2026-07-03,2,17,6,35.29
2026-06-29T00:11:45Z,2026-07-03,3,17,5,29.41
2026-06-29T00:11:54Z,2026-07-04,1,17,2,11.76
2026-06-29T00:11:54Z,2026-07-04,2,17,4,23.53
2026-06-29T00:11:54Z,2026-07-04,3,17,8,47.06
2026-06-29T00:15:54Z,2026-06-29,1,17,6,35.29
2026-06-29T00:15:54Z,2026-06-29,2,17,6,35.29
2026-06-29T00:15:54Z,2026-06-29,3,17,7,41.18
2026-06-29T00:16:30Z,2026-07-01,1,17,8,47.06
2026-06-29T00:16:30Z,2026-07-01,2,17,7,41.18
2026-06-29T00:16:30Z,2026-07-01,3,17,4,23.53
2026-06-29T00:16:39Z,2026-07-02,1,17,9,52.94
2026-06-29T00:16:39Z,2026-07-02,2,17,6,35.29
2026-06-29T00:16:39Z,2026-07-02,3,17,3,17.65
2026-06-29T00:16:48Z,2026-07-03,1,17,8,47.06
2026-06-29T00:16:48Z,2026-07-03,2,17,6,35.29
2026-06-29T00:16:48Z,2026-07-03,3,17,5,29.41
2026-06-29T00:16:57Z,2026-07-04,1,17,2,11.76
2026-06-29T00:16:57Z,2026-07-04,2,17,4,23.53
2026-06-29T00:16:57Z,2026-07-04,3,17,8,47.06
2026-06-29T00:25:55Z,2026-06-29,1,17,6,35.29
2026-06-29T00:25:55Z,2026-06-29,2,17,6,35.29
2026-06-29T00:25:55Z,2026-06-29,3,17,7,41.18
2026-06-29T00:26:31Z,2026-07-01,1,17,8,47.06
2026-06-29T00:26:31Z,2026-07-01,2,17,7,41.18
2026-06-29T00:26:31Z,2026-07-01,3,17,4,23.53
2026-06-29T00:26:40Z,2026-07-02,1,17,9,52.94
2026-06-29T00:26:40Z,2026-07-02,2,17,6,35.29
2026-06-29T00:26:40Z,2026-07-02,3,17,3,17.65
2026-06-29T00:26:50Z,2026-07-03,1,17,8,47.06
2026-06-29T00:26:50Z,2026-07-03,2,17,6,35.29
2026-06-29T00:26:50Z,2026-07-03,3,17,5,29.41
2026-06-29T00:26:58Z,2026-07-04,1,17,2,11.76
2026-06-29T00:26:58Z,2026-07-04,2,17,4,23.53
2026-06-29T00:26:58Z,2026-07-04,3,17,8,47.06
2026-06-29T00:45:54Z,2026-06-29,1,17,6,35.29
2026-06-29T00:45:54Z,2026-06-29,2,17,6,35.29
2026-06-29T00:45:54Z,2026-06-29,3,17,7,41.18
2026-06-29T00:46:30Z,2026-07-01,1,17,8,47.06
2026-06-29T00:46:30Z,2026-07-01,2,17,7,41.18
2026-06-29T00:46:30Z,2026-07-01,3,17,4,23.53
2026-06-29T00:46:39Z,2026-07-02,1,17,9,52.94
2026-06-29T00:46:39Z,2026-07-02,2,17,6,35.29
2026-06-29T00:46:39Z,2026-07-02,3,17,3,17.65
2026-06-29T00:46:48Z,2026-07-03,1,17,8,47.06
2026-06-29T00:46:48Z,2026-07-03,2,17,6,35.29
2026-06-29T00:46:48Z,2026-07-03,3,17,5,29.41
2026-06-29T00:46:57Z,2026-07-04,1,17,2,11.76
2026-06-29T00:46:57Z,2026-07-04,2,17,4,23.53
2026-06-29T00:46:57Z,2026-07-04,3,17,8,47.06
2026-06-29T00:55:48Z,2026-06-29,1,17,6,35.29
2026-06-29T00:55:48Z,2026-06-29,2,17,6,35.29
2026-06-29T00:55:48Z,2026-06-29,3,17,7,41.18
2026-06-29T00:56:24Z,2026-07-01,1,17,8,47.06
2026-06-29T00:56:24Z,2026-07-01,2,17,7,41.18
2026-06-29T00:56:24Z,2026-07-01,3,17,4,23.53
2026-06-29T00:56:33Z,2026-07-02,1,17,9,52.94
2026-06-29T00:56:33Z,2026-07-02,2,17,6,35.29
2026-06-29T00:56:33Z,2026-07-02,3,17,3,17.65
2026-06-29T00:56:42Z,2026-07-03,1,17,8,47.06
2026-06-29T00:56:42Z,2026-07-03,2,17,6,35.29
2026-06-29T00:56:42Z,2026-07-03,3,17,5,29.41
2026-06-29T00:56:51Z,2026-07-04,1,17,2,11.76
2026-06-29T00:56:51Z,2026-07-04,2,17,4,23.53
2026-06-29T00:56:51Z,2026-07-04,3,17,8,47.06
2026-06-29T09:02:06Z,2026-07-01,1,17,8,47.06
2026-06-29T09:02:06Z,2026-07-01,2,17,7,41.18
2026-06-29T09:02:06Z,2026-07-01,3,17,4,23.53
2026-06-29T09:02:15Z,2026-07-02,1,17,8,47.06
2026-06-29T09:02:15Z,2026-07-02,2,17,6,35.29
2026-06-29T09:02:15Z,2026-07-02,3,17,3,17.65
2026-06-29T09:02:24Z,2026-07-03,1,17,8,47.06
2026-06-29T09:02:24Z,2026-07-03,2,17,6,35.29
2026-06-29T09:02:24Z,2026-07-03,3,17,5,29.41
2026-06-29T09:02:33Z,2026-07-04,1,17,2,11.76
2026-06-29T09:02:33Z,2026-07-04,2,17,4,23.53
2026-06-29T09:02:33Z,2026-07-04,3,17,8,47.06
2026-06-29T09:06:59Z,2026-07-01,1,17,8,47.06
2026-06-29T09:06:59Z,2026-07-01,2,17,7,41.18
2026-06-29T09:06:59Z,2026-07-01,3,17,4,23.53
2026-06-29T09:07:08Z,2026-07-02,1,17,8,47.06
2026-06-29T09:07:08Z,2026-07-02,2,17,6,35.29
2026-06-29T09:07:08Z,2026-07-02,3,17,3,17.65
2026-06-29T09:07:17Z,2026-07-03,1,17,8,47.06
2026-06-29T09:07:17Z,2026-07-03,2,17,6,35.29
2026-06-29T09:07:17Z,2026-07-03,3,17,5,29.41
2026-06-29T09:07:26Z,2026-07-04,1,17,2,11.76
2026-06-29T09:07:26Z,2026-07-04,2,17,4,23.53
2026-06-29T09:07:26Z,2026-07-04,3,17,8,47.06
2026-06-29T09:32:05Z,2026-07-01,1,17,8,47.06
2026-06-29T09:32:05Z,2026-07-01,2,17,7,41.18
2026-06-29T09:32:05Z,2026-07-01,3,17,4,23.53
2026-06-29T09:32:14Z,2026-07-02,1,17,8,47.06
2026-06-29T09:32:14Z,2026-07-02,2,17,6,35.29
2026-06-29T09:32:14Z,2026-07-02,3,17,3,17.65
2026-06-29T09:32:23Z,2026-07-03,1,17,8,47.06
2026-06-29T09:32:23Z,2026-07-03,2,17,6,35.29
2026-06-29T09:32:23Z,2026-07-03,3,17,5,29.41
2026-06-29T09:32:32Z,2026-07-04,1,17,2,11.76
2026-06-29T09:32:32Z,2026-07-04,2,17,4,23.53
2026-06-29T09:32:32Z,2026-07-04,3,17,8,47.06
2026-06-29T09:41:57Z,2026-07-01,1,17,8,47.06
2026-06-29T09:41:57Z,2026-07-01,2,17,7,41.18
2026-06-29T09:41:57Z,2026-07-01,3,17,4,23.53
2026-06-29T09:42:06Z,2026-07-02,1,17,8,47.06
2026-06-29T09:42:06Z,2026-07-02,2,17,6,35.29
2026-06-29T09:42:06Z,2026-07-02,3,17,3,17.65
2026-06-29T09:42:15Z,2026-07-03,1,17,8,47.06
2026-06-29T09:42:15Z,2026-07-03,2,17,6,35.29
2026-06-29T09:42:15Z,2026-07-03,3,17,5,29.41
2026-06-29T09:42:24Z,2026-07-04,1,17,2,11.76
2026-06-29T09:42:24Z,2026-07-04,2,17,4,23.53
2026-06-29T09:42:24Z,2026-07-04,3,17,8,47.06
2026-06-29T10:06:54Z,2026-07-01,1,17,8,47.06
2026-06-29T10:06:54Z,2026-07-01,2,17,7,41.18
2026-06-29T10:06:54Z,2026-07-01,3,17,4,23.53
2026-06-29T10:07:03Z,2026-07-02,1,17,8,47.06
2026-06-29T10:07:03Z,2026-07-02,2,17,6,35.29
2026-06-29T10:07:03Z,2026-07-02,3,17,3,17.65
2026-06-29T10:07:12Z,2026-07-03,1,17,8,47.06
2026-06-29T10:07:12Z,2026-07-03,2,17,6,35.29
2026-06-29T10:07:12Z,2026-07-03,3,17,5,29.41
2026-06-29T10:07:21Z,2026-07-04,1,17,2,11.76
2026-06-29T10:07:21Z,2026-07-04,2,17,4,23.53
2026-06-29T10:07:21Z,2026-07-04,3,17,8,47.06
2026-06-29T10:21:58Z,2026-07-01,1,17,8,47.06
2026-06-29T10:21:58Z,2026-07-01,2,17,7,41.18
2026-06-29T10:21:58Z,2026-07-01,3,17,4,23.53
2026-06-29T10:22:07Z,2026-07-02,1,17,8,47.06
2026-06-29T10:22:07Z,2026-07-02,2,17,6,35.29
2026-06-29T10:22:07Z,2026-07-02,3,17,3,17.65
2026-06-29T10:22:16Z,2026-07-03,1,17,8,47.06
2026-06-29T10:22:16Z,2026-07-03,2,17,6,35.29
2026-06-29T10:22:16Z,2026-07-03,3,17,5,29.41
2026-06-29T10:22:25Z,2026-07-04,1,17,2,11.76
2026-06-29T10:22:25Z,2026-07-04,2,17,4,23.53
2026-06-29T10:22:25Z,2026-07-04,3,17,8,47.06
2026-06-29T10:26:59Z,2026-07-01,1,17,8,47.06
2026-06-29T10:26:59Z,2026-07-01,2,17,7,41.18
2026-06-29T10:26:59Z,2026-07-01,3,17,4,23.53
2026-06-29T10:27:08Z,2026-07-02,1,17,8,47.06
2026-06-29T10:27:08Z,2026-07-02,2,17,6,35.29
2026-06-29T10:27:08Z,2026-07-02,3,17,3,17.65
2026-06-29T10:27:17Z,2026-07-03,1,17,8,47.06
2026-06-29T10:27:17Z,2026-07-03,2,17,6,35.29
2026-06-29T10:27:17Z,2026-07-03,3,17,5,29.41
2026-06-29T10:27:26Z,2026-07-04,1,17,2,11.76
2026-06-29T10:27:26Z,2026-07-04,2,17,4,23.53
2026-06-29T10:27:26Z,2026-07-04,3,17,8,47.06
2026-06-29T10:36:59Z,2026-07-01,1,17,8,47.06
2026-06-29T10:36:59Z,2026-07-01,2,17,7,41.18
2026-06-29T10:36:59Z,2026-07-01,3,17,4,23.53
2026-06-29T10:37:08Z,2026-07-02,1,17,8,47.06
2026-06-29T10:37:08Z,2026-07-02,2,17,6,35.29
2026-06-29T10:37:08Z,2026-07-02,3,17,3,17.65
2026-06-29T10:37:17Z,2026-07-03,1,17,8,47.06
2026-06-29T10:37:17Z,2026-07-03,2,17,6,35.29
2026-06-29T10:37:17Z,2026-07-03,3,17,5,29.41
2026-06-29T10:37:26Z,2026-07-04,1,17,2,11.76
2026-06-29T10:37:26Z,2026-07-04,2,17,4,23.53
2026-06-29T10:37:26Z,2026-07-04,3,17,8,47.06
2026-06-29T10:52:02Z,2026-07-01,1,17,8,47.06
2026-06-29T10:52:02Z,2026-07-01,2,17,7,41.18
2026-06-29T10:52:02Z,2026-07-01,3,17,4,23.53
2026-06-29T10:52:11Z,2026-07-02,1,17,8,47.06
2026-06-29T10:52:11Z,2026-07-02,2,17,6,35.29
2026-06-29T10:52:11Z,2026-07-02,3,17,3,17.65
2026-06-29T10:52:20Z,2026-07-03,1,17,8,47.06
2026-06-29T10:52:20Z,2026-07-03,2,17,6,35.29
2026-06-29T10:52:20Z,2026-07-03,3,17,5,29.41
2026-06-29T10:52:29Z,2026-07-04,1,17,2,11.76
2026-06-29T10:52:29Z,2026-07-04,2,17,4,23.53
2026-06-29T10:52:29Z,2026-07-04,3,17,8,47.06
2026-06-29T11:02:21Z,2026-07-01,1,17,8,47.06
2026-06-29T11:02:21Z,2026-07-01,2,17,7,41.18
2026-06-29T11:02:21Z,2026-07-01,3,17,4,23.53
2026-06-29T11:02:30Z,2026-07-02,1,17,8,47.06
2026-06-29T11:02:30Z,2026-07-02,2,17,6,35.29
2026-06-29T11:02:30Z,2026-07-02,3,17,3,17.65
2026-06-29T11:02:39Z,2026-07-03,1,17,8,47.06
2026-06-29T11:02:39Z,2026-07-03,2,17,6,35.29
2026-06-29T11:02:39Z,2026-07-03,3,17,5,29.41
2026-06-29T11:02:48Z,2026-07-04,1,17,2,11.76
2026-06-29T11:02:48Z,2026-07-04,2,17,4,23.53
2026-06-29T11:02:48Z,2026-07-04,3,17,8,47.06
2026-06-29T11:07:00Z,2026-07-01,1,17,8,47.06
2026-06-29T11:07:00Z,2026-07-01,2,17,7,41.18
2026-06-29T11:07:00Z,2026-07-01,3,17,4,23.53
2026-06-29T11:07:09Z,2026-07-02,1,17,8,47.06
2026-06-29T11:07:09Z,2026-07-02,2,17,6,35.29
2026-06-29T11:07:09Z,2026-07-02,3,17,3,17.65
2026-06-29T11:07:18Z,2026-07-03,1,17,8,47.06
2026-06-29T11:07:18Z,2026-07-03,2,17,6,35.29
2026-06-29T11:07:18Z,2026-07-03,3,17,5,29.41
2026-06-29T11:07:27Z,2026-07-04,1,17,2,11.76
2026-06-29T11:07:27Z,2026-07-04,2,17,4,23.53
2026-06-29T11:07:27Z,2026-07-04,3,17,8,47.06
2026-06-29T11:16:53Z,2026-07-01,1,17,8,47.06
2026-06-29T11:16:53Z,2026-07-01,2,17,7,41.18
2026-06-29T11:16:53Z,2026-07-01,3,17,4,23.53
2026-06-29T11:17:02Z,2026-07-02,1,17,8,47.06
2026-06-29T11:17:02Z,2026-07-02,2,17,6,35.29
2026-06-29T11:17:02Z,2026-07-02,3,17,3,17.65
2026-06-29T11:17:11Z,2026-07-03,1,17,8,47.06
2026-06-29T11:17:11Z,2026-07-03,2,17,6,35.29
2026-06-29T11:17:11Z,2026-07-03,3,17,5,29.41
2026-06-29T11:17:20Z,2026-07-04,1,17,2,11.76
2026-06-29T11:17:20Z,2026-07-04,2,17,4,23.53
2026-06-29T11:17:20Z,2026-07-04,3,17,8,47.06
2026-06-29T11:26:49Z,2026-07-01,1,17,8,47.06
2026-06-29T11:26:49Z,2026-07-01,2,17,7,41.18
2026-06-29T11:26:49Z,2026-07-01,3,17,4,23.53
2026-06-29T11:26:58Z,2026-07-02,1,17,8,47.06
2026-06-29T11:26:58Z,2026-07-02,2,17,6,35.29
2026-06-29T11:26:58Z,2026-07-02,3,17,3,17.65
2026-06-29T11:27:07Z,2026-07-03,1,17,8,47.06
2026-06-29T11:27:07Z,2026-07-03,2,17,6,35.29
2026-06-29T11:27:07Z,2026-07-03,3,17,5,29.41
2026-06-29T11:27:16Z,2026-07-04,1,17,2,11.76
2026-06-29T11:27:16Z,2026-07-04,2,17,4,23.53
2026-06-29T11:27:16Z,2026-07-04,3,17,8,47.06
2026-06-29T11:31:58Z,2026-07-01,1,17,8,47.06
2026-06-29T11:31:58Z,2026-07-01,2,17,7,41.18
2026-06-29T11:31:58Z,2026-07-01,3,17,4,23.53
2026-06-29T11:32:07Z,2026-07-02,1,17,8,47.06
2026-06-29T11:32:07Z,2026-07-02,2,17,6,35.29
2026-06-29T11:32:07Z,2026-07-02,3,17,3,17.65
2026-06-29T11:32:16Z,2026-07-03,1,17,8,47.06
2026-06-29T11:32:16Z,2026-07-03,2,17,6,35.29
2026-06-29T11:32:16Z,2026-07-03,3,17,5,29.41
2026-06-29T11:32:25Z,2026-07-04,1,17,2,11.76
2026-06-29T11:32:25Z,2026-07-04,2,17,4,23.53
2026-06-29T11:32:25Z,2026-07-04,3,17,8,47.06
2026-06-29T11:41:55Z,2026-07-01,1,17,8,47.06
2026-06-29T11:41:55Z,2026-07-01,2,17,7,41.18
2026-06-29T11:41:55Z,2026-07-01,3,17,4,23.53
2026-06-29T11:42:04Z,2026-07-02,1,17,8,47.06
2026-06-29T11:42:04Z,2026-07-02,2,17,6,35.29
2026-06-29T11:42:04Z,2026-07-02,3,17,3,17.65
2026-06-29T11:42:13Z,2026-07-03,1,17,8,47.06
2026-06-29T11:42:13Z,2026-07-03,2,17,6,35.29
2026-06-29T11:42:13Z,2026-07-03,3,17,5,29.41
2026-06-29T11:42:22Z,2026-07-04,1,17,2,11.76
2026-06-29T11:42:22Z,2026-07-04,2,17,4,23.53
2026-06-29T11:42:22Z,2026-07-04,3,17,8,47.06
2026-06-29T12:06:47Z,2026-07-01,1,17,8,47.06
2026-06-29T12:06:47Z,2026-07-01,2,17,7,41.18
2026-06-29T12:06:47Z,2026-07-01,3,17,4,23.53
2026-06-29T12:06:56Z,2026-07-02,1,17,8,47.06
2026-06-29T12:06:56Z,2026-07-02,2,17,6,35.29
2026-06-29T12:06:56Z,2026-07-02,3,17,3,17.65
2026-06-29T12:07:05Z,2026-07-03,1,17,8,47.06
2026-06-29T12:07:05Z,2026-07-03,2,17,6,35.29
2026-06-29T12:07:05Z,2026-07-03,3,17,5,29.41
2026-06-29T12:07:14Z,2026-07-04,1,17,2,11.76
2026-06-29T12:07:14Z,2026-07-04,2,17,4,23.53
2026-06-29T12:07:14Z,2026-07-04,3,17,8,47.06
2026-06-29T12:36:52Z,2026-07-01,1,17,8,47.06
2026-06-29T12:36:52Z,2026-07-01,2,17,7,41.18
2026-06-29T12:36:52Z,2026-07-01,3,17,4,23.53
2026-06-29T12:37:01Z,2026-07-02,1,17,8,47.06
2026-06-29T12:37:01Z,2026-07-02,2,17,6,35.29
2026-06-29T12:37:01Z,2026-07-02,3,17,3,17.65
2026-06-29T12:37:10Z,2026-07-03,1,17,8,47.06
2026-06-29T12:37:10Z,2026-07-03,2,17,6,35.29
2026-06-29T12:37:10Z,2026-07-03,3,17,5,29.41
2026-06-29T12:37:19Z,2026-07-04,1,17,2,11.76
2026-06-29T12:37:19Z,2026-07-04,2,17,4,23.53
2026-06-29T12:37:19Z,2026-07-04,3,17,8,47.06
2026-06-29T12:47:00Z,2026-07-01,1,17,8,47.06
2026-06-29T12:47:00Z,2026-07-01,2,17,7,41.18
2026-06-29T12:47:00Z,2026-07-01,3,17,4,23.53
2026-06-29T12:47:09Z,2026-07-02,1,17,8,47.06
2026-06-29T12:47:09Z,2026-07-02,2,17,6,35.29
2026-06-29T12:47:09Z,2026-07-02,3,17,3,17.65
2026-06-29T12:47:18Z,2026-07-03,1,17,8,47.06
2026-06-29T12:47:18Z,2026-07-03,2,17,6,35.29
2026-06-29T12:47:18Z,2026-07-03,3,17,5,29.41
2026-06-29T12:47:27Z,2026-07-04,1,17,2,11.76
2026-06-29T12:47:27Z,2026-07-04,2,17,4,23.53
2026-06-29T12:47:27Z,2026-07-04,3,17,8,47.06
2026-06-29T12:56:58Z,2026-07-01,1,17,8,47.06
2026-06-29T12:56:58Z,2026-07-01,2,17,7,41.18
2026-06-29T12:56:58Z,2026-07-01,3,17,4,23.53
2026-06-29T12:57:07Z,2026-07-02,1,17,8,47.06
2026-06-29T12:57:07Z,2026-07-02,2,17,6,35.29
2026-06-29T12:57:07Z,2026-07-02,3,17,3,17.65
2026-06-29T12:57:16Z,2026-07-03,1,17,8,47.06
2026-06-29T12:57:16Z,2026-07-03,2,17,6,35.29
2026-06-29T12:57:16Z,2026-07-03,3,17,5,29.41
2026-06-29T12:57:25Z,2026-07-04,1,17,2,11.76
2026-06-29T12:57:25Z,2026-07-04,2,17,4,23.53
2026-06-29T12:57:25Z,2026-07-04,3,17,8,47.06
2026-06-29T13:06:50Z,2026-07-01,1,17,8,47.06
2026-06-29T13:06:50Z,2026-07-01,2,17,7,41.18
2026-06-29T13:06:50Z,2026-07-01,3,17,4,23.53
2026-06-29T13:06:59Z,2026-07-02,1,17,8,47.06
2026-06-29T13:06:59Z,2026-07-02,2,17,6,35.29
2026-06-29T13:06:59Z,2026-07-02,3,17,3,17.65
2026-06-29T13:07:07Z,2026-07-03,1,17,8,47.06
2026-06-29T13:07:07Z,2026-07-03,2,17,6,35.29
2026-06-29T13:07:07Z,2026-07-03,3,17,5,29.41
2026-06-29T13:07:16Z,2026-07-04,1,17,2,11.76
2026-06-29T13:07:16Z,2026-07-04,2,17,4,23.53
2026-06-29T13:07:16Z,2026-07-04,3,17,8,47.06
2026-06-29T13:11:52Z,2026-07-01,1,17,8,47.06
2026-06-29T13:11:52Z,2026-07-01,2,17,7,41.18
2026-06-29T13:11:52Z,2026-07-01,3,17,4,23.53
2026-06-29T13:12:01Z,2026-07-02,1,17,8,47.06
2026-06-29T13:12:01Z,2026-07-02,2,17,6,35.29
2026-06-29T13:12:01Z,2026-07-02,3,17,3,17.65
2026-06-29T13:12:10Z,2026-07-03,1,17,8,47.06
2026-06-29T13:12:10Z,2026-07-03,2,17,6,35.29
2026-06-29T13:12:10Z,2026-07-03,3,17,5,29.41
2026-06-29T13:12:19Z,2026-07-04,1,17,2,11.76
2026-06-29T13:12:19Z,2026-07-04,2,17,4,23.53
2026-06-29T13:12:19Z,2026-07-04,3,17,8,47.06
